client_id,client_type,first_name,last_name,date_of_birth,gender,country,region,acquisition_purpose,satisfaction_score,loan_applied,referral_channel,client_ref,property_count,total_investment,average_sale_price,average_area,total_area,average_price_per_sqft,apartment_property_count,office_property_count,age,cluster,segment
C0001,Individual,Kareem,Liu,1968-05-11,F,USA,California,Home,4,Yes,Website,C0001,4,1246764.72,311691.18,983.885,3935.54,319.96317185861204,4,0,57,0,Lower-Value / Lower-Activity Buyers
C0002,Individual,Trystan,Oconnor,1962-11-26,M,USA,California,Home,1,No,Website,C0002,5,1841095.93,368219.1860000001,1187.942,5939.71,313.1679087042186,5,0,63,1,Higher-Value Property Buyers
C0003,Individual,Kale,Gay,1959-04-07,M,USA,California,Home,4,Yes,Agency,C0003,5,1661457.59,332291.518,1058.11,5290.55,310.797967102675,5,0,66,1,Higher-Value Property Buyers
C0004,Individual,Russell,Gross,1959-11-25,M,USA,California,Home,5,No,Website,C0004,6,1608263.51,268043.91833333333,937.1033333333334,5622.62,275.5640860802061,6,0,66,2,High-Activity / High-Investment Buyers
C0005,Company,Marleez,Co,1976-02-28,M,USA,California,Investment,5,No,Website,C0005,13,3653385.38,281029.64461538463,927.296153846154,12054.85,299.39886333356816,13,0,49,2,High-Activity / High-Investment Buyers
C0006,Individual,Yurem,Wright,1957-03-06,M,USA,California,Home,3,Yes,Website,C0006,5,1514131.06,302826.212,989.59,4947.95,301.81143627425695,5,0,68,1,Higher-Value Property Buyers
C0007,Individual,Xavier,Faulkner,1947-05-24,M,Canada,Quebec,Investment,5,No,Website,C0007,11,3251147.83,295558.8936363636,995.6936363636364,10952.63,296.0091174822707,11,0,78,2,High-Activity / High-Investment Buyers
C0008,Individual,Kayden,Olsen,1969-10-17,F,USA,California,Home,5,No,Website,C0008,5,1476730.41,295346.08200000005,1031.106,5155.53,289.273363570013,4,1,56,1,Higher-Value Property Buyers
C0009,Individual,Joaquin,Mullins,1975-10-05,M,USA,California,Investment,5,No,Agency,C0009,5,1820832.35,364166.47,1305.644,6528.22,274.38568336203406,4,1,50,1,Higher-Value Property Buyers
C0010,Individual,Nicolas,Navarro,1966-06-17,M,USA,Oregon,Investment,3,No,Agency,C0010,5,1732434.0,346486.8,1140.206,5701.03,309.13580924027326,4,1,59,1,Higher-Value Property Buyers
C0011,Individual,Laci,Guerra,1956-06-17,F,USA,California,Home,2,Yes,Website,C0011,5,1325211.52,265042.304,935.914,4679.57,282.7741404393233,4,1,69,0,Lower-Value / Lower-Activity Buyers
C0012,Company,Kylax,Co,1975-04-25,M,USA,California,Investment,5,No,Website,C0012,4,1599526.4,399881.6,1317.445,5269.78,299.78630561500273,4,0,50,1,Higher-Value Property Buyers
C0013,Individual,Harley,Lucero,1962-08-10,M,USA,California,Home,1,Yes,Website,C0013,5,2142750.89,428550.178,1407.376,7036.88,301.97365713513284,5,0,63,1,Higher-Value Property Buyers
C0014,Company,Esther,Co,1980-07-10,M,USA,California,Home,3,Yes,Website,C0014,4,1548140.0699999998,387035.0175,1280.5425,5122.17,301.30993275732385,4,0,45,1,Higher-Value Property Buyers
C0015,Individual,Jaylynn,Hickman,1941-08-19,F,USA,California,Home,5,No,Client,C0015,5,1585907.37,317181.47400000005,1030.764,5153.82,303.1325098373545,5,0,84,1,Higher-Value Property Buyers
C0016,Individual,Olivia,Oconnell,1939-09-03,F,USA,California,Investment,5,No,Website,C0016,4,1010217.73,252554.4325,842.145,3368.58,300.3778723095888,4,0,86,0,Lower-Value / Lower-Activity Buyers
C0017,Individual,Antonio,Porter,1977-01-08,M,USA,Arizona,Home,3,No,Client,C0017,5,1778693.75,355738.75,1195.814,5979.07,299.2817021286784,4,1,48,1,Higher-Value Property Buyers
C0018,Individual,Luke,Lynn,1967-02-07,M,USA,California,Home,2,Yes,Agency,C0018,4,1061478.67,265369.6675,913.8325,3655.33,291.28189258355934,4,0,58,0,Lower-Value / Lower-Activity Buyers
C0019,Individual,Anahi,Curry,1957-09-09,M,USA,California,Home,5,Yes,Client,C0019,4,1773474.26,443368.565,1402.0425,5608.17,312.4888439477021,2,2,68,1,Higher-Value Property Buyers
C0020,Individual,Camille,Sharp,1967-10-17,F,USA,California,Home,5,No,Website,C0020,4,1508032.25,377008.0625,1307.08,5228.32,286.06024372846275,4,0,58,1,Higher-Value Property Buyers
C0021,Individual,Jesus,Obrien,1938-06-09,M,USA,Oregon,Investment,3,No,Website,C0021,6,1928172.72,321362.12,1028.86,6173.16,310.2368361355155,6,0,87,2,High-Activity / High-Investment Buyers
C0022,Individual,Araceli,Nelson,1966-09-14,M,Germany,Berlin,Investment,5,No,Agency,C0022,4,1372403.2,343100.8,1247.485,4989.9400000000005,275.0762597580429,4,0,59,1,Higher-Value Property Buyers
C0023,Individual,Cole,Taylor,1958-12-06,M,USA,California,Home,3,Yes,Website,C0023,5,1457871.69,291574.338,948.388,4741.9400000000005,304.79852506678174,5,0,67,0,Lower-Value / Lower-Activity Buyers
C0024,Individual,Alonso,Terrell,1963-11-05,M,USA,California,Investment,4,No,Website,C0024,6,1884156.9,314026.15,1053.735,6322.41,294.8022223615109,6,0,62,2,High-Activity / High-Investment Buyers
C0025,Individual,Rodolfo,Gibson,1937-01-20,M,USA,Nevada,Home,2,Yes,Website,C0025,5,1694448.83,338889.766,1120.576,5602.88,301.3231590304242,5,0,88,1,Higher-Value Property Buyers
C0026,Individual,Joseph,Reeves,1962-09-23,M,USA,California,Investment,5,No,Website,C0026,10,2932241.75,293224.175,1002.383,10023.83,299.4336686170726,9,1,63,2,High-Activity / High-Investment Buyers
C0027,Individual,Grant,Weber,1968-09-08,M,USA,California,Home,5,Yes,Website,C0027,5,1517969.44,303593.888,1070.234,5351.17,286.1007546565657,3,2,57,1,Higher-Value Property Buyers
C0028,Individual,Ava,Phelps,1958-04-15,F,USA,California,Home,3,No,Client,C0028,5,1791082.79,358216.558,1266.366,6331.83,287.18845760262764,4,1,67,1,Higher-Value Property Buyers
C0029,Individual,Kyla,Walker,1976-02-26,F,USA,Colorado,Home,4,Yes,Agency,C0029,4,1247795.31,311948.8275,993.05,3972.2,312.3370151079838,3,1,49,0,Lower-Value / Lower-Activity Buyers
C0030,Individual,Alanna,Hess,1952-06-19,F,USA,Nevada,Home,3,No,Website,C0030,4,1547311.29,386827.8225,1279.3725,5117.49,301.15138496976226,4,0,73,1,Higher-Value Property Buyers
C0031,Individual,Skylar,Buchanan,1977-12-25,M,USA,Nevada,Home,4,Yes,Website,C0031,5,1077148.21,215429.642,677.3399999999999,3386.7,316.7550430148504,4,1,48,0,Lower-Value / Lower-Activity Buyers
C0032,Individual,Rodrigo,Robinson,1966-08-11,M,USA,California,Home,4,No,Website,C0032,5,1888995.16,377799.032,1282.528,6412.64,297.27578497808724,4,1,59,1,Higher-Value Property Buyers
C0033,Individual,Lydia,Tate,1968-08-14,F,USA,California,Home,3,Yes,Website,C0033,4,1404998.67,351249.6675,1250.4325,5001.73,282.3664604545738,3,1,57,1,Higher-Value Property Buyers
C0034,Individual,Lauryn,Patrick,1969-10-30,F,Belgium,Brussels,Home,2,No,Agency,C0034,5,1632608.66,326521.732,1160.556,5802.780000000001,285.1147228727872,5,0,56,1,Higher-Value Property Buyers
C0035,Individual,Diego,Mendez,1965-05-12,M,Mexico,Mexico City,Home,3,No,Agency,C0035,5,1987876.4,397575.28,1445.752,7228.76,278.7295525133892,5,0,60,1,Higher-Value Property Buyers
C0036,Individual,Victor,Jensen,1973-09-01,M,USA,California,Home,4,No,Website,C0036,4,1173683.53,293420.8825,963.325,3853.3,301.30234093415066,4,0,52,0,Lower-Value / Lower-Activity Buyers
C0037,Individual,Scarlet,Hendricks,1962-01-20,F,USA,California,Home,5,Yes,Website,C0037,5,1607228.75,321445.75,1018.368,5091.84,313.6317891215475,5,0,63,1,Higher-Value Property Buyers
C0038,Individual,Janelle,Espinoza,1974-12-25,F,USA,California,Investment,4,No,Client,C0038,4,1175129.27,293782.3175,1105.1225,4420.49,272.8702422858949,3,1,51,0,Lower-Value / Lower-Activity Buyers
C0039,Individual,Aleksandra,Karenina,1967-06-13,F,Russia,Krasnodar Krai,Home,1,No,Agency,C0039,4,1858527.54,464631.885,1365.68,5462.72,338.65862610327133,3,1,58,1,Higher-Value Property Buyers
C0040,Individual,Conner,Huff,1975-03-22,M,USA,Nevada,Home,5,No,Website,C0040,6,1854608.29,309101.38166666665,1047.8,6286.8,291.4677238378165,6,0,50,2,High-Activity / High-Investment Buyers
C0041,Individual,Zain,Horne,1967-04-13,M,USA,Arizona,Home,1,Yes,Website,C0041,5,1374460.79,274892.158,872.838,4364.19,318.85709837389675,3,2,58,0,Lower-Value / Lower-Activity Buyers
C0042,Individual,Maia,Chandler,1975-08-12,F,USA,Utah,Home,1,Yes,Website,C0042,4,1101390.25,275347.5625,913.8425,3655.37,302.8701353206072,3,1,50,0,Lower-Value / Lower-Activity Buyers
C0043,Individual,Jordyn,Park,1965-04-04,M,USA,Nevada,Investment,3,Yes,Website,C0043,4,1126492.46,281623.115,983.505,3934.02,281.3298261097273,4,0,60,0,Lower-Value / Lower-Activity Buyers
C0044,Individual,Diana,Hunt,1931-02-13,F,USA,Arizona,Home,3,No,Website,C0044,4,1330493.26,332623.315,1106.8675,4427.47,304.7615369287913,4,0,94,1,Higher-Value Property Buyers
C0045,Individual,Kevin,Mata,1968-10-12,M,USA,Colorado,Investment,2,No,Agency,C0045,5,1463432.36,292686.47199999995,913.774,4568.87,314.6119778517108,5,0,57,0,Lower-Value / Lower-Activity Buyers
C0046,Individual,Brisa,Mckee,1964-09-24,F,USA,California,Home,5,No,Client,C0046,8,2026517.4,253314.675,857.8050000000001,6862.4400000000005,297.1196599473188,8,0,61,2,High-Activity / High-Investment Buyers
C0047,Individual,Mason,Gilbert,1970-07-31,M,USA,Colorado,Home,2,No,Agency,C0047,5,1438239.28,287647.856,953.568,4767.84,298.32744523144754,5,0,55,0,Lower-Value / Lower-Activity Buyers
C0048,Individual,Derick,Li,1957-03-20,M,USA,California,Home,3,Yes,Agency,C0048,4,1338718.0,334679.5,1026.3200000000002,4105.280000000001,323.2713053028784,4,0,68,0,Lower-Value / Lower-Activity Buyers
C0049,Individual,Jace,Riggs,1971-08-20,F,USA,California,Home,1,No,Website,C0049,4,1390091.2,347522.8,1204.3675,4817.47,290.3509384197303,4,0,54,1,Higher-Value Property Buyers
C0050,Individual,Jair,Johns,1940-03-05,M,USA,California,Home,5,No,Website,C0050,9,2744452.35,304939.15,993.5088888888888,8941.58,304.22017127585246,8,1,85,2,High-Activity / High-Investment Buyers
C0051,Individual,Matilda,Madden,1941-03-03,F,USA,Colorado,Home,3,No,Agency,C0051,4,1270440.42,317610.105,1039.56,4158.24,311.66896833269914,4,0,84,0,Lower-Value / Lower-Activity Buyers
C0052,Individual,Myla,Ewing,1967-02-03,F,USA,Oregon,Investment,2,No,Client,C0052,4,1474211.53,368552.8825,1187.925,4751.7,313.93085115429466,4,0,58,1,Higher-Value Property Buyers
C0053,Individual,Miguel,Walter,1954-01-07,M,USA,Arizona,Home,4,No,Agency,C0053,4,1120539.44,280134.86,929.245,3716.98,300.1860077066342,4,0,71,0,Lower-Value / Lower-Activity Buyers
C0054,Company,Bridger CAL,Co,1967-02-15,M,USA,Nevada,Investment,5,No,Website,C0054,6,2109277.6,351546.26666666666,1115.6333333333334,6693.8,315.86931081501643,2,4,58,1,Higher-Value Property Buyers
C0055,Individual,Mara,Franco,1973-06-07,F,USA,California,Home,5,Yes,Agency,C0055,4,1178979.21,294744.8025,989.83,3959.32,309.2760373361762,4,0,52,0,Lower-Value / Lower-Activity Buyers
C0056,Individual,Erik,Mora,1964-12-07,M,USA,Oregon,Investment,5,No,Agency,C0056,4,1579301.36,394825.34,1355.5975,5422.39,299.9967738714426,3,1,61,1,Higher-Value Property Buyers
C0057,Individual,Henry,Kennedy,1933-06-08,M,USA,California,Home,4,Yes,Agency,C0057,5,2020519.52,404103.904,1344.1439999999998,6720.719999999999,300.50658351907526,4,1,92,1,Higher-Value Property Buyers
C0058,Company,Kenyon,Co,1969-05-03,F,USA,California,Investment,1,Yes,Website,C0058,5,1441406.17,288281.234,919.84,4599.2,310.29079874621,3,2,56,0,Lower-Value / Lower-Activity Buyers
C0059,Individual,Oswaldo,Palmer,1960-06-16,M,USA,California,Home,2,No,Website,C0059,4,1278854.25,319713.5625,1102.44,4409.76,283.8232393320658,3,1,65,0,Lower-Value / Lower-Activity Buyers
C0060,Individual,Kassidy,Vega,1972-05-07,F,USA,California,Home,5,No,Website,C0060,4,1355662.25,338915.5625,1119.4675,4477.87,307.18982419806434,4,0,53,1,Higher-Value Property Buyers
C0061,Individual,Morgan,Glass,1967-05-12,M,USA,Utah,Home,5,No,Agency,C0061,4,1306907.58,326726.895,1101.62,4406.48,296.353773633854,4,0,58,0,Lower-Value / Lower-Activity Buyers
C0062,Individual,Tyler,Carr,1974-03-27,M,USA,California,Home,5,Yes,Client,C0062,5,1489333.49,297866.698,1059.832,5299.16,276.0988660647487,5,0,51,1,Higher-Value Property Buyers
C0063,Individual,Yesenia,Marquez,1942-07-23,F,USA,Arizona,Home,4,No,Website,C0063,5,1625480.88,325096.176,1112.538,5562.6900000000005,291.6406727352229,5,0,83,1,Higher-Value Property Buyers
C0064,Individual,Gordon,Brown,1974-02-10,M,UK,Northern Ireland,Investment,4,No,Agency,C0064,4,1448881.28,362220.32,1095.85,4383.4,322.47075587906164,4,0,51,1,Higher-Value Property Buyers
C0065,Individual,Rodrigo,Ramirez,1972-03-26,M,USA,California,Home,1,No,Agency,C0065,4,1557125.73,389281.4325,1261.5275,5046.11,309.23446412471526,3,1,53,1,Higher-Value Property Buyers
C0066,Individual,Melanie,Holland,1974-12-25,F,USA,California,Investment,3,No,Client,C0066,4,1107164.17,276791.0425,932.755,3731.02,301.943428392913,3,1,51,0,Lower-Value / Lower-Activity Buyers
C0067,Individual,Enrique,Cardenas,1977-06-10,M,USA,California,Home,2,No,Website,C0067,5,1431941.84,286388.368,851.818,4259.09,326.17452103134707,4,1,48,0,Lower-Value / Lower-Activity Buyers
C0068,Individual,Helen,Williamson,1966-02-26,F,USA,Colorado,Home,5,Yes,Agency,C0068,4,1572779.33,393194.8325,1450.2925,5801.17,276.6905992190839,3,1,59,1,Higher-Value Property Buyers
C0069,Individual,Isis,Rios,1970-04-01,M,USA,California,Investment,4,No,Website,C0069,5,1439142.47,287828.494,957.588,4787.94,297.7396515670927,5,0,55,0,Lower-Value / Lower-Activity Buyers
C0070,Individual,Kayley,Nielsen,1947-04-27,F,USA,Arizona,Home,4,Yes,Website,C0070,5,1521570.62,304314.124,1039.274,5196.37,290.66906938876934,4,1,78,1,Higher-Value Property Buyers
C0071,Individual,Donavan,Flowers,1985-12-27,M,USA,California,Home,1,Yes,Client,C0071,5,1150384.09,230076.81800000003,833.3799999999999,4166.9,289.8681345339796,5,0,40,0,Lower-Value / Lower-Activity Buyers
C0072,Individual,Augustus,Hinton,1953-02-03,M,USA,Nevada,Investment,2,No,Website,C0072,6,2246488.58,374414.76333333337,1129.4916666666666,6776.95,334.505223898359,5,1,72,2,High-Activity / High-Investment Buyers
C0073,Individual,Alejandra,Greer,1965-01-11,F,Denmark,Capital Region,Investment,1,No,Agency,C0073,4,1413902.33,353475.5825,1194.0325,4776.13,302.3803783087699,4,0,60,1,Higher-Value Property Buyers
C0074,Individual,Violet,Nixon,1959-01-01,F,USA,Oregon,Investment,5,No,Client,C0074,5,1709458.65,341891.73,1138.044,5690.22,299.642237208085,3,2,66,1,Higher-Value Property Buyers
C0075,Individual,Jaelyn,Berger,1970-05-05,F,USA,California,Home,3,No,Website,C0075,4,1269395.74,317348.935,1048.3425,4193.37,302.3884329270391,3,1,55,0,Lower-Value / Lower-Activity Buyers
C0076,Individual,Tristian,Fuller,1956-03-13,M,USA,California,Home,5,No,Agency,C0076,6,1905852.09,317642.015,1067.28,6403.68,296.64819897219985,6,0,69,2,High-Activity / High-Investment Buyers
C0077,Individual,Christian,Costa,1980-09-14,M,USA,California,Home,5,No,Website,C0077,5,1880012.18,376002.436,1191.826,5959.13,316.7556317413306,3,2,45,1,Higher-Value Property Buyers
C0078,Individual,Nora,Lynch,1948-04-23,F,USA,California,Home,5,No,Website,C0078,4,1685882.39,421470.5975,1415.63,5662.52,300.1684643304417,4,0,77,1,Higher-Value Property Buyers
C0079,Individual,Dangelo,Shea,1954-02-27,M,Belgium,Brussels,Investment,4,No,Website,C0079,4,1456436.3,364109.075,1219.0675,4876.27,294.36648924010007,2,2,71,1,Higher-Value Property Buyers
C0080,Individual,Aiyana,Christensen,1949-01-16,F,USA,California,Investment,3,No,Website,C0080,5,1427531.56,285506.31200000003,965.024,4825.12,308.57401306942813,5,0,76,0,Lower-Value / Lower-Activity Buyers
C0081,Individual,Sidney,Cline,1943-07-24,F,USA,California,Home,4,Yes,Website,C0081,4,1522144.26,380536.065,1252.745,5010.98,297.7366535115751,3,1,82,1,Higher-Value Property Buyers
C0082,Individual,Kaitlin,Owen,1981-12-26,F,USA,Virginia,Investment,5,No,Client,C0082,5,1282267.95,256453.59,884.2239999999999,4421.12,295.1400683027561,5,0,44,0,Lower-Value / Lower-Activity Buyers
C0083,Individual,Issac,Edwards,1938-10-29,M,USA,California,Home,5,No,Website,C0083,6,1513641.46,252273.57666666663,851.395,5108.37,293.88787475036446,6,0,87,2,High-Activity / High-Investment Buyers
C0084,Individual,Zaiden,Merritt,1948-02-23,M,USA,Wyoming,Home,3,No,Agency,C0084,5,1762231.92,352446.384,1083.612,5418.06,320.648282067402,3,2,77,1,Higher-Value Property Buyers
C0085,Individual,Iris,Larsen,1966-09-14,M,USA,California,Home,4,Yes,Agency,C0085,4,1185505.46,296376.365,986.395,3945.58,299.8044469908044,4,0,59,0,Lower-Value / Lower-Activity Buyers
C0086,Individual,Grace,Stein,1968-12-20,F,USA,California,Home,3,Yes,Website,C0086,5,1928188.61,385637.722,1354.634,6773.17,287.17025376935896,5,0,57,1,Higher-Value Property Buyers
C0087,Individual,Alessandra,Perry,1979-05-15,F,USA,California,Home,4,No,Agency,C0087,4,1681153.28,420288.32,1287.6625,5150.65,324.3612820820306,3,1,46,1,Higher-Value Property Buyers
C0088,Individual,Jamal,Mueller,1936-08-13,M,USA,Oregon,Investment,2,No,Website,C0088,6,1450519.57,241753.2616666667,786.9733333333334,4721.84,313.37109309610923,5,1,89,0,Lower-Value / Lower-Activity Buyers
C0089,Individual,Irvin,Ellis,1949-11-14,M,USA,California,Home,3,No,Agency,C0089,4,1041853.81,260463.4525,854.79,3419.16,305.25889798935304,4,0,76,0,Lower-Value / Lower-Activity Buyers
C0090,Individual,Terry,Forbes,1982-05-27,M,USA,California,Home,5,No,Client,C0090,5,980850.42,196170.084,703.798,3518.99,276.4707623409664,5,0,43,0,Lower-Value / Lower-Activity Buyers
C0091,Individual,Jacqueline,Grant,1959-11-13,F,USA,California,Home,4,No,Website,C0091,4,1356644.74,339161.185,1161.6775,4646.71,302.4076252717272,4,0,66,1,Higher-Value Property Buyers
C0092,Individual,Brock,Fischer,1971-05-29,M,USA,Kansas,Home,3,No,Website,C0092,8,2817926.96,352240.87,1218.0425,9744.34,288.69570491545005,7,1,54,2,High-Activity / High-Investment Buyers
C0093,Individual,Curtis,Howard,1962-09-11,M,USA,California,Home,2,No,Agency,C0093,5,1732558.38,346511.676,1196.466,5982.33,291.74734316486075,5,0,63,1,Higher-Value Property Buyers
C0094,Individual,Avah,Huang,1948-04-23,F,USA,California,Home,5,No,Website,C0094,5,1062675.82,212535.164,692.664,3463.32,310.0683930408275,4,1,77,0,Lower-Value / Lower-Activity Buyers
C0095,Individual,Frank,Meyer,1964-03-16,M,USA,California,Home,3,Yes,Agency,C0095,6,1668973.02,278162.17,923.105,5538.63,298.6393948198028,4,2,61,1,Higher-Value Property Buyers
C0096,Individual,Darien,Dorsey,1985-12-27,M,USA,California,Investment,3,Yes,Website,C0096,4,1363013.17,340753.2925,1113.615,4454.46,310.9008896654844,4,0,40,1,Higher-Value Property Buyers
C0097,Individual,Franklin,Mack,1943-06-18,M,USA,Virginia,Home,5,Yes,Website,C0097,7,2189906.04,312843.72000000003,1061.722857142857,7432.059999999999,294.3620163184772,5,2,82,2,High-Activity / High-Investment Buyers
C0098,Individual,Elena,Petrova,1949-06-22,F,Russia,Saint Petersburg,Home,3,Yes,Agency,C0098,4,1131592.65,282898.1625,981.955,3927.82,285.7158462047039,4,0,76,0,Lower-Value / Lower-Activity Buyers
C0099,Individual,Jack,Hanson,1941-12-01,M,USA,California,Investment,4,No,Website,C0099,6,2000308.58,333384.76333333337,1201.5883333333334,7209.530000000001,290.00847022953025,5,1,84,2,High-Activity / High-Investment Buyers
C0100,Individual,Emmett,Estes,1969-06-05,M,USA,California,Home,3,No,Website,C0100,4,1449544.65,362386.1625,1174.44,4697.76,306.726846175456,4,0,56,1,Higher-Value Property Buyers
C0101,Individual,Aniya,Miller,1951-03-02,F,USA,Nevada,Home,3,No,Website,C0101,4,1125013.8,281253.45,874.345,3497.38,312.8174483617631,3,1,74,0,Lower-Value / Lower-Activity Buyers
C0102,Individual,Jack,Anderson,1947-02-13,M,USA,California,Investment,5,Yes,Website,C0102,9,3403263.85,378140.4277777778,1222.908888888889,11006.18,307.50877635454384,8,1,78,2,High-Activity / High-Investment Buyers
C0103,Individual,Kael,Hurley,1973-12-15,M,USA,Colorado,Home,3,No,Website,C0103,5,1483838.77,296767.754,964.98,4824.9,315.5271021087973,5,0,52,1,Higher-Value Property Buyers
C0104,Individual,Kamden,Stewart,1978-09-14,M,USA,California,Home,5,No,Website,C0104,5,1677155.01,335431.002,1090.3,5451.5,306.5429479475834,4,1,47,1,Higher-Value Property Buyers
C0105,Individual,Aniyah,Ali,1959-11-03,F,USA,California,Investment,2,Yes,Website,C0105,5,1328084.36,265616.87200000003,850.948,4254.74,310.2787991501492,3,2,66,0,Lower-Value / Lower-Activity Buyers
C0106,Individual,Simon,Bennett,1953-06-09,M,USA,Colorado,Home,4,No,Website,C0106,4,957679.27,239419.8175,820.9825000000001,3283.9300000000003,280.4893799740676,4,0,72,0,Lower-Value / Lower-Activity Buyers
C0107,Individual,Laurel,Benitez,1959-08-06,M,USA,California,Home,4,Yes,Agency,C0107,5,1715058.23,343011.646,1102.66,5513.3,321.0937472547081,4,1,66,1,Higher-Value Property Buyers
C0108,Individual,Trey,Strong,1958-12-20,M,USA,California,Home,4,No,Agency,C0108,6,1998798.72,333133.12,1104.1699999999998,6625.02,302.2877171442092,5,1,67,2,High-Activity / High-Investment Buyers
C0109,Individual,Myah,Roman,1933-05-05,F,USA,California,Investment,5,Yes,Agency,C0109,5,1995551.09,399110.218,1285.854,6429.27,307.1535990413305,3,2,92,1,Higher-Value Property Buyers
C0110,Individual,Nyla,Blake,1959-06-05,F,USA,California,Investment,5,Yes,Agency,C0110,5,1205555.46,241111.092,811.4019999999999,4057.01,298.5467864426498,5,0,66,0,Lower-Value / Lower-Activity Buyers
C0111,Individual,Kole,Shannon,1979-06-27,M,USA,Arizona,Home,2,Yes,Website,C0111,4,1198421.22,299605.305,896.7175,3586.87,329.6075126945271,4,0,46,0,Lower-Value / Lower-Activity Buyers
C0112,Individual,Melany,Glover,1960-10-01,F,USA,California,Investment,1,Yes,Agency,C0112,5,1775142.2,355028.44,1115.986,5579.93,320.07470915259364,5,0,65,1,Higher-Value Property Buyers
C0113,Individual,Arthur,Bray,1949-07-14,M,USA,Utah,Investment,4,No,Agency,C0113,4,1414433.46,353608.365,1186.715,4746.86,297.9272351204864,4,0,76,1,Higher-Value Property Buyers
C0114,Individual,Kamila,Collier,1962-01-21,F,USA,California,Home,1,Yes,Website,C0114,4,1124004.05,281001.0125,932.945,3731.78,302.70651871845456,4,0,63,0,Lower-Value / Lower-Activity Buyers
C0115,Individual,Amanda,Simon,1978-12-03,F,USA,California,Home,5,No,Agency,C0115,5,1757354.59,351470.918,1143.692,5718.46,305.823176955505,3,2,47,1,Higher-Value Property Buyers
C0116,Individual,Erika,Steward,1955-08-07,F,USA,California,Investment,4,No,Website,C0116,8,2484590.08,310573.76,1039.8925,8319.14,293.7700492203778,7,1,70,2,High-Activity / High-Investment Buyers
C0117,Individual,Jakobe,Bailey,1964-10-06,M,UK,Scotland,Investment,4,No,Agency,C0117,8,2884556.25,360569.53125,1135.78625,9086.29,314.48715228134006,5,3,61,2,High-Activity / High-Investment Buyers
C0118,Individual,Sonia,Choi,1948-11-09,F,USA,Oregon,Investment,5,No,Agency,C0118,4,1218377.19,304594.2975,1009.1225,4036.49,311.2890512146992,3,1,77,0,Lower-Value / Lower-Activity Buyers
C0119,Individual,Erika,Gallagher,1942-07-19,F,USA,California,Home,1,Yes,Website,C0119,4,1603043.92,400760.98,1399.315,5597.26,288.059030603339,4,0,83,1,Higher-Value Property Buyers
C0120,Individual,Madeline,Michael,1953-07-30,F,USA,California,Home,4,Yes,Website,C0120,5,1753587.39,350717.478,1243.96,6219.8,275.99413507449765,5,0,72,1,Higher-Value Property Buyers
C0121,Individual,Bennett,Chen,1950-07-18,M,USA,Nevada,Home,2,No,Website,C0121,5,1169150.31,233830.062,806.688,4033.44,290.52748167423425,5,0,75,0,Lower-Value / Lower-Activity Buyers
C0122,Individual,Belinda,Hogan,1973-08-18,F,USA,California,Home,1,Yes,Agency,C0122,4,1412560.68,353140.17,1085.975,4343.9,319.92455374538275,4,0,52,1,Higher-Value Property Buyers
C0123,Individual,Johanna,Fisher,1962-08-25,F,USA,California,Home,4,Yes,Website,C0123,5,1821348.69,364269.738,1230.66,6153.299999999999,298.5763214886527,5,0,63,1,Higher-Value Property Buyers
C0124,Individual,Jaylen,Turner,1963-07-15,F,USA,California,Home,4,No,Agency,C0124,5,1613985.08,322797.016,1184.63,5923.15,280.4248135298491,4,1,62,1,Higher-Value Property Buyers
C0125,Individual,Michael,Juarez,1976-12-25,M,USA,Colorado,Home,4,Yes,Agency,C0125,4,1341108.25,335277.0625,1148.5475,4594.19,287.5490431988801,3,1,49,1,Higher-Value Property Buyers
C0126,Individual,Adriana,Shaffer,1972-07-11,F,USA,California,Investment,2,No,Agency,C0126,5,1319929.46,263985.892,850.052,4250.26,303.61157787909195,4,1,53,0,Lower-Value / Lower-Activity Buyers
C0127,Individual,Julio,Leonard,1974-07-18,M,USA,Nevada,Home,2,Yes,Website,C0127,4,967474.23,241868.5575,765.085,3060.34,314.93720173163115,4,0,51,0,Lower-Value / Lower-Activity Buyers
C0128,Company,Abdiel,Co,1963-05-22,M,USA,Nevada,Investment,5,Yes,Website,C0128,5,1639392.9500000002,327878.59,1054.034,5270.17,311.98843610305346,4,1,62,1,Higher-Value Property Buyers
C0129,Individual,Warren,Pugh,1973-07-17,M,USA,Arizona,Investment,5,No,Website,C0129,4,1748372.75,437093.1875,1296.985,5187.9400000000005,336.27374694863545,3,1,52,1,Higher-Value Property Buyers
C0130,Individual,Luis,Crane,1959-04-20,M,USA,Nevada,Home,3,Yes,Website,C0130,4,1488042.88,372010.72,1215.035,4860.14,308.423784320332,4,0,66,1,Higher-Value Property Buyers
C0131,Individual,Mohammad,Irwin,1971-12-02,M,USA,California,Home,1,No,Website,C0131,5,1428058.5499999998,285611.71,928.794,4643.97,299.33404543762134,5,0,54,0,Lower-Value / Lower-Activity Buyers
C0132,Individual,Davion,Stout,1965-07-20,M,USA,Nevada,Home,1,Yes,Agency,C0132,4,1203775.04,300943.76,1025.1775,4100.71,294.0513542596994,4,0,60,0,Lower-Value / Lower-Activity Buyers
C0133,Individual,Logan,Simmons,1946-09-14,M,USA,California,Investment,4,No,Agency,C0133,4,1449799.93,362449.9825,1177.4025,4709.610000000001,307.7526795875988,4,0,79,1,Higher-Value Property Buyers
C0134,Individual,Kaylin,Villarreal,1932-06-13,F,Russia,Novosibirsk,Investment,3,No,Website,C0134,5,1761669.87,352333.974,1095.602,5478.01,320.93126785361443,5,0,93,1,Higher-Value Property Buyers
C0135,Individual,Ruben,Melton,1939-03-05,M,USA,Utah,Investment,2,No,Agency,C0135,4,1221442.92,305360.73,1043.61,4174.4400000000005,282.27335399506,3,1,86,0,Lower-Value / Lower-Activity Buyers
C0136,Individual,Gianni,Fritz,1973-09-15,M,USA,California,Home,3,No,Website,C0136,5,1892554.72,378510.944,1244.274,6221.37,305.25171337470726,2,3,52,1,Higher-Value Property Buyers
C0137,Individual,Emilie,Morrison,1957-10-29,F,USA,California,Home,3,Yes,Website,C0137,4,989750.45,247437.6125,855.0699999999999,3420.28,288.9749727554761,3,1,68,0,Lower-Value / Lower-Activity Buyers
C0138,Individual,Crystal,Wyatt,1939-06-30,F,USA,Oregon,Investment,3,Yes,Website,C0138,5,1367824.55,273564.91000000003,914.412,4572.06,301.66109635761745,3,2,86,0,Lower-Value / Lower-Activity Buyers
C0139,Individual,Annabel,Robles,1969-10-14,F,USA,California,Home,5,Yes,Website,C0139,5,1807366.3,361473.26,1136.694,5683.47,320.61628857850053,5,0,56,1,Higher-Value Property Buyers
C0140,Individual,Rachel,Cross,1952-06-18,F,USA,California,Home,3,No,Website,C0140,5,1559561.53,311912.306,1041.7220000000002,5208.610000000001,297.7645569532283,4,1,73,1,Higher-Value Property Buyers
C0141,Individual,Madalyn,Mercer,1986-06-21,F,USA,California,Home,5,No,Website,C0141,5,1765019.09,353003.818,1088.806,5444.03,319.12733732553926,4,1,39,1,Higher-Value Property Buyers
C0142,Individual,Michelle,Cameron,1978-06-04,F,USA,Nevada,Home,3,Yes,Website,C0142,5,1673770.19,334754.038,1149.396,5746.98,292.3324786010019,4,1,47,1,Higher-Value Property Buyers
C0143,Individual,Ezra,Lozano,1958-02-24,M,USA,California,Home,1,No,Website,C0143,8,2389960.3,298745.0375,1008.6325,8069.06,289.36566488414894,7,1,67,2,High-Activity / High-Investment Buyers
C0144,Individual,Ramiro,Oneill,1954-09-29,M,USA,California,Home,4,No,Agency,C0144,5,1897739.74,379547.948,1206.354,6031.77,316.7065941966459,5,0,71,1,Higher-Value Property Buyers
C0145,Individual,Emely,Watts,1964-11-30,F,USA,California,Home,4,No,Website,C0145,5,1746571.55,349314.31,1297.3200000000002,6486.6,274.21065993950833,4,1,61,1,Higher-Value Property Buyers
C0146,Individual,Hazel,Ayers,1963-02-01,M,USA,Colorado,Home,2,No,Website,C0146,4,1481536.39,370384.0975,1242.6425,4970.57,294.4618155325702,4,0,62,1,Higher-Value Property Buyers
C0147,Individual,Cedric,Goodwin,1948-02-20,M,USA,Utah,Home,4,No,Client,C0147,5,1398309.27,279661.854,1000.47,5002.35,287.3885472838249,3,2,77,0,Lower-Value / Lower-Activity Buyers
C0148,Individual,Dayton,Hatfield,1969-04-19,M,USA,Colorado,Investment,4,Yes,Agency,C0148,4,1700383.7,425095.925,1413.5925,5654.37,301.4513793734404,4,0,56,1,Higher-Value Property Buyers
C0149,Individual,Piotr,Aleksandrov,1955-12-02,M,Russia,Krasnodar Krai,Investment,3,No,Agency,C0149,4,1049009.0,262252.25,906.485,3625.940000000001,287.7979932947236,3,1,70,0,Lower-Value / Lower-Activity Buyers
C0150,Individual,Memphis,Mcconnell,1968-08-25,M,USA,California,Home,2,Yes,Website,C0150,4,1846066.58,461516.645,1500.95,6003.8,306.120453424573,4,0,57,1,Higher-Value Property Buyers
C0151,Individual,Arabella,Ferrell,1976-08-17,F,USA,Oregon,Home,1,No,Agency,C0151,5,1589086.32,317817.264,1123.442,5617.21,277.73682827188185,5,0,49,1,Higher-Value Property Buyers
C0152,Individual,Sincere,Hansen,1967-01-19,F,USA,California,Investment,2,Yes,Agency,C0152,7,2539205.93,362743.7042857143,1212.7585714285713,8489.31,294.6573053444967,7,0,58,2,High-Activity / High-Investment Buyers
C0153,Individual,Lara,Carrillo,1983-02-24,F,USA,California,Home,5,No,Website,C0153,5,1560375.26,312075.052,944.032,4720.16,329.60563756264736,5,0,42,1,Higher-Value Property Buyers
C0154,Individual,Valentina,Simpson,1965-01-24,F,USA,California,Home,4,Yes,Agency,C0154,5,2142457.31,428491.462,1390.49,6952.45,308.6200494436542,3,2,60,1,Higher-Value Property Buyers
C0155,Company,Kamd,Co,1975-08-18,M,USA,California,Investment,5,No,Agency,C0155,5,1622885.53,324577.106,1097.394,5486.97,295.02566922391054,4,1,50,1,Higher-Value Property Buyers
C0156,Individual,Case,Sanchez,1966-05-26,F,USA,California,Home,5,No,Website,C0156,4,1344903.47,336225.8675,1102.105,4408.42,305.5069416126888,3,1,59,1,Higher-Value Property Buyers
C0157,Individual,Van,Charles,1952-05-15,M,USA,Colorado,Home,2,Yes,Client,C0157,4,1060400.03,265100.0075,830.7675,3323.07,310.5708170385752,4,0,73,0,Lower-Value / Lower-Activity Buyers
C0158,Individual,Emmy,Singh,1979-12-03,F,USA,Virginia,Investment,3,Yes,Agency,C0158,4,1439477.66,359869.415,1131.4975,4525.99,312.4568891073972,3,1,46,1,Higher-Value Property Buyers
C0159,Individual,Colin,Campos,1942-04-14,M,USA,California,Home,3,No,Website,C0159,4,1596507.45,399126.8625,1336.7325,5346.93,300.61486358032573,4,0,83,1,Higher-Value Property Buyers
C0160,Individual,Anya,Stephenson,1959-06-11,F,USA,California,Home,4,No,Website,C0160,5,1679716.96,335943.392,1144.06,5720.3,297.4014063463627,3,2,66,1,Higher-Value Property Buyers
C0161,Individual,Parker,Poole,1951-11-10,M,USA,California,Home,5,No,Website,C0161,9,2534264.26,281584.91777777777,939.4144444444444,8454.73,299.190548152945,8,1,74,2,High-Activity / High-Investment Buyers
C0162,Individual,Ivan,Bright,1953-09-15,M,USA,California,Home,4,No,Website,C0162,4,1135363.52,283840.88,983.24,3932.96,291.2756960006085,3,1,72,0,Lower-Value / Lower-Activity Buyers
C0163,Individual,Larry,Turner,1986-03-24,M,USA,Utah,Investment,5,Yes,Agency,C0163,4,1506594.21,376648.5525,1307.32,5229.28,288.6436910242928,3,1,39,1,Higher-Value Property Buyers
C0164,Individual,Matthew,Nelson,1986-09-20,M,USA,Arizona,Home,5,No,Website,C0164,4,1436152.54,359038.135,1196.7975,4787.19,301.04930542820927,4,0,39,1,Higher-Value Property Buyers
C0165,Individual,Mary,Hall,1956-07-11,F,USA,California,Home,3,Yes,Website,C0165,3,1276849.33,425616.44333333336,1357.1933333333334,4071.58,317.14526904751153,3,0,69,1,Higher-Value Property Buyers
C0166,Individual,Carolyn,Weaver,1984-01-24,F,USA,Arizona,Home,4,Yes,Agency,C0166,4,1273643.37,318410.8425,1025.3225,4101.29,309.51267068830805,4,0,41,0,Lower-Value / Lower-Activity Buyers
C0167,Individual,Grace,Green,1955-02-02,F,UK,Scotland,Home,3,Yes,Website,C0167,7,2749577.33,392796.7614285714,1320.3814285714286,9242.67,300.8857876348719,6,1,70,2,High-Activity / High-Investment Buyers
C0168,Individual,Pamela,Sanders,1960-06-06,F,USA,Nevada,Home,3,No,Agency,C0168,4,1491785.87,372946.4675,1329.6025,5318.41,285.01565214437966,4,0,65,1,Higher-Value Property Buyers
C0169,Individual,Terry,Turner,1990-08-13,M,USA,Ohio,Investment,5,Yes,Agency,C0169,3,688864.2,229621.4,845.8633333333333,2537.59,274.9870284848701,1,2,35,0,Lower-Value / Lower-Activity Buyers
C0170,Individual,Jacob,Jones,1949-06-13,M,USA,California,Home,5,No,Website,C0170,3,1161316.17,387105.39,1339.746666666667,4019.24,288.5198159742899,3,0,76,1,Higher-Value Property Buyers
C0171,Individual,Julie,Sanders,1991-05-05,F,USA,Washington,Investment,5,Yes,Client,C0171,4,1278753.71,319688.4275,1070.72,4282.88,296.83854424641083,4,0,34,0,Lower-Value / Lower-Activity Buyers
C0172,Individual,Catherine,Carter,1992-09-16,F,USA,Washington,Home,1,Yes,Agency,C0172,4,1681471.91,420367.9775,1572.79,6291.16,269.18868156399094,3,1,33,1,Higher-Value Property Buyers
C0173,Individual,Amber,Wilson,1976-07-20,F,USA,Arizona,Home,5,Yes,Agency,C0173,8,2619968.43,327496.05375,1074.5925,8596.74,311.60636323680546,8,0,49,2,High-Activity / High-Investment Buyers
C0174,Individual,Rachel,Harris,1982-07-06,F,USA,California,Investment,3,No,Client,C0174,3,865359.73,288453.24333333335,869.7866666666667,2609.36,340.39702639981215,3,0,43,0,Lower-Value / Lower-Activity Buyers
C0175,Individual,Brandon,Alexander,1962-04-05,M,USA,Washington,Home,5,No,Agency,C0175,4,1606138.12,401534.53,1313.38,5253.52,297.6245595781397,2,2,63,1,Higher-Value Property Buyers
C0176,Individual,Hannah,Williams,1993-06-27,F,USA,California,Home,2,No,Website,C0176,6,2681927.91,446987.985,1514.8,9088.8,294.14300570241534,6,0,32,2,High-Activity / High-Investment Buyers
C0177,Individual,Sarah,Hansen,1951-03-05,F,UK,England,Home,5,Yes,Website,C0177,7,2269897.21,324271.03,1160.9514285714286,8126.66,277.0150455930116,6,1,74,2,High-Activity / High-Investment Buyers
C0178,Individual,Laura,Chavez,1952-12-23,F,USA,Virginia,Home,4,No,Agency,C0178,7,2665917.96,380845.42285714287,1284.9985714285715,8994.99,294.91664917063696,5,2,73,2,High-Activity / High-Investment Buyers
C0179,Individual,Ashley,Turner,1986-02-11,F,USA,Oregon,Investment,2,No,Website,C0179,8,2131372.11,266421.51375,947.545,7580.360000000001,284.5579027701791,5,3,39,2,High-Activity / High-Investment Buyers
C0180,Individual,Jacob,Wilson,1943-01-28,M,USA,California,Home,2,Yes,Agency,C0180,7,2660292.37,380041.76714285713,1249.51,8746.57,306.4298010329248,6,1,82,2,High-Activity / High-Investment Buyers
C0181,Individual,Lawrence,Peterson,1970-04-26,M,USA,Texas,Home,2,Yes,Website,C0181,7,2047189.62,292455.66000000003,974.1771428571428,6819.24,305.2363935410661,6,1,55,2,High-Activity / High-Investment Buyers
C0182,Individual,Virginia,Bennett,1971-12-02,F,Germany,North Rhine-Westphalia,Investment,1,Yes,Website,C0182,8,3082362.35,385295.29375,1246.94625,9975.57,304.5288688260178,8,0,54,2,High-Activity / High-Investment Buyers
C0183,Individual,Nicholas,Green,1988-09-15,M,USA,Nevada,Home,3,No,Website,C0183,7,1883106.92,269015.27428571426,907.1042857142857,6349.73,300.9962623709325,7,0,37,2,High-Activity / High-Investment Buyers
C0184,Individual,Peter,Pierce,1994-01-21,M,USA,Florida,Home,1,No,Website,C0184,6,2618938.16,436489.69333333336,1481.715,8890.29,292.8034788790312,6,0,31,2,High-Activity / High-Investment Buyers
C0185,Individual,Andrea,Nelson,1945-07-02,F,USA,Nevada,Home,4,Yes,Agency,C0185,7,2491911.81,355987.40142857144,1137.2942857142857,7961.059999999999,314.3363283341601,7,0,80,2,High-Activity / High-Investment Buyers
C0186,Individual,Carol,Green,1982-04-02,F,USA,Virginia,Home,1,No,Website,C0186,8,2674286.63,334285.82875,1100.27125,8802.17,304.9267995337976,8,0,43,2,High-Activity / High-Investment Buyers
C0187,Individual,Cheryl,Kim,1990-01-17,F,USA,Florida,Home,1,No,Website,C0187,6,2066651.14,344441.8566666667,1135.37,6812.219999999999,298.5170867577424,4,2,35,2,High-Activity / High-Investment Buyers
C0188,Individual,Jose,Martin,1940-10-08,M,USA,Oregon,Home,5,Yes,Website,C0188,7,2891447.6,413063.9428571429,1263.962857142857,8847.74,322.52554913485454,5,2,85,2,High-Activity / High-Investment Buyers
C0189,Individual,Anna,Adams,1958-12-11,F,USA,California,Home,2,No,Agency,C0189,7,2209659.42,315665.6314285714,1024.6857142857143,7172.8,305.8456789427648,6,1,67,2,High-Activity / High-Investment Buyers
C0190,Individual,Karen,Johnson,1971-10-19,F,USA,California,Home,2,No,Website,C0190,7,2276701.17,325243.02428571426,1049.1542857142856,7344.08,307.1910062907387,6,1,54,2,High-Activity / High-Investment Buyers
C0191,Individual,Sarah,Turner,1977-05-06,F,USA,Florida,Home,3,No,Agency,C0191,8,2172926.76,271615.84500000003,913.85125,7310.809999999999,298.05965918295794,5,3,48,2,High-Activity / High-Investment Buyers
C0192,Individual,Margaret,Moore,1984-02-04,F,Belgium,Brussels,Investment,2,Yes,Website,C0192,7,2900509.1,414358.4428571428,1304.7214285714288,9133.05,318.6840040630009,5,2,41,2,High-Activity / High-Investment Buyers
C0193,Individual,Sharon,Campbell,1968-08-09,F,USA,California,Investment,4,Yes,Website,C0193,7,1933778.24,276254.03428571427,962.7214285714286,6739.05,287.5833866866004,4,3,57,2,High-Activity / High-Investment Buyers
C0194,Individual,Jonathan,Hall,1953-08-18,M,France,Ile-de-France,Home,5,Yes,Website,C0194,7,2759372.27,394196.03857142857,1237.292857142857,8661.05,315.396137399015,5,2,72,2,High-Activity / High-Investment Buyers
C0195,Individual,Sean,Jones,1947-06-19,M,USA,California,Home,2,Yes,Website,C0195,7,2102233.85,300319.12142857147,1029.2714285714285,7204.9,294.6302850028284,5,2,78,2,High-Activity / High-Investment Buyers
C0196,Individual,Alexander,Adams,1957-04-22,M,USA,Nevada,Investment,5,No,Agency,C0196,6,2611736.44,435289.4066666667,1411.9466666666667,8471.68,306.27514561192373,6,0,68,2,High-Activity / High-Investment Buyers
C0197,Individual,Kevin,Wright,1944-07-01,M,USA,Virginia,Home,4,No,Client,C0197,8,2775768.6,346971.075,1082.87,8662.96,319.18219269592623,8,0,81,2,High-Activity / High-Investment Buyers
C0198,Individual,Michelle,White,1976-01-28,F,USA,California,Home,4,No,Website,C0198,8,2399689.67,299961.20875,997.5475,7980.38,300.03251901840844,8,0,49,2,High-Activity / High-Investment Buyers
C0199,Individual,Ryan,Brown,1958-04-13,M,USA,California,Home,3,No,Agency,C0199,7,2582959.87,368994.26714285713,1162.7385714285715,8139.17,314.1261254494504,6,1,67,2,High-Activity / High-Investment Buyers
C0200,Individual,Linda,Harris,1944-05-06,F,USA,California,Home,1,No,Agency,C0200,4,1071359.39,267839.84750000003,920.7075,3682.83,296.82396613775273,4,0,81,0,Lower-Value / Lower-Activity Buyers
C0201,Individual,Lauren,Weaver,1968-02-13,F,USA,California,Home,1,No,Agency,C0201,4,1298787.54,324696.885,1147.435,4589.74,285.0271690424102,3,1,57,0,Lower-Value / Lower-Activity Buyers
C0202,Individual,Jack,Reyes,1996-11-11,M,Canada,British Columbia,Home,1,No,Website,C0202,3,1019272.59,339757.53,1049.38,3148.14,321.74759393731864,2,1,29,0,Lower-Value / Lower-Activity Buyers
C0203,Individual,Christine,Brooks,1956-05-18,F,USA,California,Home,4,No,Client,C0203,4,1242478.83,310619.7075,916.0375,3664.15,328.923241220169,4,0,69,0,Lower-Value / Lower-Activity Buyers
C0204,Individual,Joyce,Pierce,1947-01-10,F,USA,California,Home,5,No,Agency,C0204,3,934432.98,311477.66,1042.7266666666667,3128.18,300.69211318016573,2,1,78,0,Lower-Value / Lower-Activity Buyers
C0205,Individual,Kelly,Nelson,1968-08-26,F,Mexico,Puebla,Home,1,Yes,Agency,C0205,3,949224.48,316408.16,1072.7266666666667,3218.1800000000003,306.97993618778213,2,1,57,0,Lower-Value / Lower-Activity Buyers
C0206,Individual,Nancy,Roberts,1957-05-08,F,USA,California,Home,1,Yes,Agency,C0206,3,853060.9299999999,284353.6433333333,851.4266666666667,2554.28,330.403450210996,3,0,68,0,Lower-Value / Lower-Activity Buyers
C0207,Individual,Kyle,Gray,1944-11-19,M,USA,Virginia,Investment,4,No,Website,C0207,3,889948.76,296649.58666666667,1104.51,3313.53,259.33671553699253,3,0,81,0,Lower-Value / Lower-Activity Buyers
C0208,Individual,Mark,James,1986-03-26,M,France,Provence,Home,4,Yes,Agency,C0208,4,1199654.38,299913.595,997.41,3989.64,297.06760605039415,3,1,39,0,Lower-Value / Lower-Activity Buyers
C0209,Individual,Kyle,Moore,1949-08-22,M,USA,Arizona,Investment,3,No,Agency,C0209,4,979868.13,244967.0325,794.1275,3176.51,311.4542101044349,3,1,76,0,Lower-Value / Lower-Activity Buyers
C0210,Individual,Janice,Price,1943-03-24,F,USA,Colorado,Home,2,No,Website,C0210,4,1346156.55,336539.1375,1135.53,4542.12,294.0507827805084,4,0,82,1,Higher-Value Property Buyers
C0211,Individual,Amy,Evans,1972-02-23,F,USA,California,Home,3,No,Agency,C0211,4,1254240.07,313560.0175,1053.27,4213.08,297.9909835004412,3,1,53,0,Lower-Value / Lower-Activity Buyers
C0212,Individual,Jacob,Wood,1956-03-23,M,USA,California,Home,4,No,Agency,C0212,3,1068278.76,356092.92,1224.68,3674.04,291.93691346700456,3,0,69,0,Lower-Value / Lower-Activity Buyers
C0213,Individual,Jason,Gray,1976-10-23,M,USA,Florida,Investment,5,No,Agency,C0213,3,809691.13,269897.04333333333,897.3100000000001,2691.9300000000003,297.36484331878984,2,1,49,0,Lower-Value / Lower-Activity Buyers
C0214,Individual,Helen,Wood,1946-07-18,F,Belgium,Brussels,Investment,5,No,Website,C0214,3,1070534.64,356844.88000000006,1179.5233333333333,3538.57,312.2859298487304,3,0,79,0,Lower-Value / Lower-Activity Buyers
C0215,Individual,Lauren,Foster,1999-07-11,F,Germany,Hamburg,Investment,4,No,Website,C0215,3,1032856.46,344285.48666666663,1110.27,3330.81,313.43921582688296,3,0,26,0,Lower-Value / Lower-Activity Buyers
C0216,Individual,Albert,Hansen,1999-07-19,M,USA,Utah,Home,1,No,Website,C0216,4,1352642.34,338160.585,1063.04,4252.16,324.8901348706987,3,1,26,0,Lower-Value / Lower-Activity Buyers
C0217,Individual,Deborah,Miller,1984-07-11,F,USA,Colorado,Home,3,No,Website,C0217,4,1238434.91,309608.7275,1019.1225,4076.49,299.77353792160875,4,0,41,0,Lower-Value / Lower-Activity Buyers
C0218,Individual,Shirley,Anderson,1970-01-24,F,USA,California,Home,2,No,Website,C0218,3,836639.27,278879.75666666665,913.67,2741.01,303.4179864612462,2,1,55,0,Lower-Value / Lower-Activity Buyers
C0219,Individual,William,Turner,1988-01-20,M,USA,California,Home,4,No,Website,C0219,4,1267653.57,316913.3925,1035.1925,4140.77,299.2085446166128,3,1,37,0,Lower-Value / Lower-Activity Buyers
C0220,Individual,Walter,Phillips,1951-06-06,M,Canada,Ontario,Investment,1,No,Website,C0220,3,1060812.68,353604.2266666666,1101.55,3304.65,318.8090950653109,3,0,74,0,Lower-Value / Lower-Activity Buyers
C0221,Company,Atlas,Co,1987-05-14,F,USA,California,Home,5,No,Website,C0221,4,1377133.6,344283.4,1186.5225,4746.09,299.1399307640693,4,0,38,1,Higher-Value Property Buyers
C0222,Individual,Christopher,Stone,1956-11-08,M,USA,Utah,Investment,3,No,Agency,C0222,3,1223560.82,407853.6066666667,1517.47,4552.41,269.09477075945733,3,0,69,1,Higher-Value Property Buyers
C0223,Individual,Patrick,Hansen,1973-11-12,M,USA,Colorado,Investment,3,Yes,Website,C0223,4,969341.87,242335.4675,837.5225,3350.09,293.808903778189,4,0,52,0,Lower-Value / Lower-Activity Buyers
C0224,Individual,Nathan,Richardson,1960-08-23,M,USA,Colorado,Home,5,No,Website,C0224,3,1189255.63,396418.5433333333,1330.2166666666667,3990.65,297.4295746693706,3,0,65,1,Higher-Value Property Buyers
C0225,Individual,Evelyn,Reyes,1948-12-19,F,USA,California,Home,1,Yes,Agency,C0225,4,1120626.94,280156.735,905.7525,3623.01,305.6699243079895,3,1,77,0,Lower-Value / Lower-Activity Buyers
C0226,Individual,Julia,Jordan,1958-07-11,F,USA,Colorado,Home,2,No,Website,C0226,3,1571251.03,523750.3433333333,1599.3433333333332,4798.03,322.4343855737632,3,0,67,1,Higher-Value Property Buyers
C0227,Individual,Rachel,Evans,1944-10-23,F,USA,Arizona,Home,5,Yes,Website,C0227,3,942245.37,314081.79,1104.51,3313.53,287.15065870245195,3,0,81,0,Lower-Value / Lower-Activity Buyers
C0228,Individual,Hannah,Owens,1952-04-23,F,USA,Oregon,Investment,4,No,Website,C0228,3,606605.72,202201.90666666665,610.62,1831.86,322.72861773615426,2,1,73,0,Lower-Value / Lower-Activity Buyers
C0229,Individual,Jose,Turner,1981-11-19,M,USA,Colorado,Investment,5,No,Website,C0229,3,892220.13,297406.71,900.46,2701.38,329.20050534502474,3,0,44,0,Lower-Value / Lower-Activity Buyers
C0230,Company,Forsyte,Co,1977-07-22,M,USA,Nevada,Investment,4,Yes,Website,C0230,4,1457429.02,364357.255,1104.2925,4417.17,327.12444022996823,4,0,48,1,Higher-Value Property Buyers
C0231,Individual,Ronald,Rogers,1993-12-18,M,Denmark,Central Denmark,Investment,2,Yes,Website,C0231,3,729893.08,243297.69333333333,849.6366666666667,2548.91,287.9124812810531,3,0,32,0,Lower-Value / Lower-Activity Buyers
C0232,Individual,Megan,Kim,1962-05-04,F,USA,California,Home,3,Yes,Website,C0232,4,1276710.4900000002,319177.62250000006,1036.6525,4146.61,309.8752865891376,4,0,63,0,Lower-Value / Lower-Activity Buyers
C0233,Individual,Larry,Garcia,1997-09-10,M,France,Provence,Home,4,Yes,Website,C0233,4,1105806.54,276451.635,914.3125,3657.25,303.5272816217257,4,0,28,0,Lower-Value / Lower-Activity Buyers
C0234,Individual,Andrea,Hughes,1979-03-02,F,USA,New York,Home,1,Yes,Website,C0234,3,839967.04,279989.01333333337,973.09,2919.27,286.4716180486619,3,0,46,0,Lower-Value / Lower-Activity Buyers
C0235,Individual,Kenneth,Allen,1949-10-10,M,USA,California,Home,5,No,Website,C0235,4,1268586.58,317146.645,1092.085,4368.34,290.75770434593915,4,0,76,0,Lower-Value / Lower-Activity Buyers
C0236,Individual,Gerald,Howard,1972-08-10,M,Canada,Manitoba,Home,3,No,Agency,C0236,3,1321475.69,440491.89666666667,1449.5,4348.5,298.64467080242906,1,2,53,1,Higher-Value Property Buyers
C0237,Individual,Jason,Nelson,1984-11-03,M,USA,California,Home,5,Yes,Website,C0237,3,1392353.31,464117.77,1630.1366666666663,4890.41,285.8231565138917,3,0,41,1,Higher-Value Property Buyers
C0238,Individual,Amber,Patterson,1982-01-08,F,USA,Virginia,Home,4,Yes,Agency,C0238,3,1125732.72,375244.24,1125.17,3375.51,337.9534939142604,3,0,43,0,Lower-Value / Lower-Activity Buyers
C0239,Individual,Megan,Baker,1973-02-18,F,USA,Oregon,Home,3,Yes,Website,C0239,4,1352763.67,338190.9175,1011.58,4046.32,327.3972159627904,2,2,52,0,Lower-Value / Lower-Activity Buyers
C0240,Individual,Amber,Morales,1942-05-15,F,USA,Colorado,Investment,3,No,Website,C0240,3,935028.28,311676.0933333333,1022.67,3068.01,307.7614279012237,1,2,83,0,Lower-Value / Lower-Activity Buyers
C0241,Individual,Kelly,Anderson,1962-01-14,F,Mexico,Nuevo Leon,Home,5,Yes,Website,C0241,3,1025934.71,341978.23666666663,1110.27,3330.81,317.38666230627405,3,0,63,0,Lower-Value / Lower-Activity Buyers
C0242,Individual,Stephen,Peterson,1998-03-16,M,USA,Utah,Home,3,Yes,Agency,C0242,4,1358315.73,339578.9325,1191.1025,4764.41,293.4441082677422,3,1,27,1,Higher-Value Property Buyers
C0243,Individual,Nancy,Patterson,1978-07-11,F,USA,Utah,Home,2,No,Website,C0243,4,1382777.89,345694.47250000003,1286.2725,5145.09,274.1414099948916,4,0,47,1,Higher-Value Property Buyers
C0244,Individual,Joyce,Pierce,1998-08-03,F,USA,California,Home,1,No,Website,C0244,3,1046652.28,348884.0933333333,1095.0333333333335,3285.1000000000004,311.487503124139,1,2,27,0,Lower-Value / Lower-Activity Buyers
C0245,Individual,Sean,Long,1974-01-07,M,USA,Nevada,Investment,4,No,Agency,C0245,3,1354584.5,451528.1666666667,1439.256666666667,4317.77,309.6360394503248,3,0,51,1,Higher-Value Property Buyers
C0246,Individual,Stephen,Pierce,1992-05-15,M,France,Normandy,Home,1,Yes,Agency,C0246,3,1024485.26,341495.08666666667,1117.9399999999998,3353.82,305.8630203094845,2,1,33,0,Lower-Value / Lower-Activity Buyers
C0247,Individual,Kevin,Morris,1965-01-18,M,USA,California,Home,1,No,Website,C0247,4,1696540.52,424135.13,1458.93,5835.72,288.05190518157985,4,0,60,1,Higher-Value Property Buyers
C0248,Individual,Carl,Collins,1968-12-09,M,USA,Florida,Home,4,Yes,Agency,C0248,3,1035934.63,345311.54333333333,1224.68,3674.04,283.0289017413887,2,1,57,0,Lower-Value / Lower-Activity Buyers
C0249,Individual,Stephanie,Montgomery,1968-12-05,F,USA,California,Investment,4,No,Agency,C0249,4,1142995.52,285748.88,1027.3249999999998,4109.299999999999,284.6956561547511,4,0,57,0,Lower-Value / Lower-Activity Buyers
C0250,Individual,Justin,Stewart,1947-10-19,M,UK,England,Home,2,No,Agency,C0250,3,982306.66,327435.55333333334,1076.69,3230.07,301.4583980883542,3,0,78,0,Lower-Value / Lower-Activity Buyers
C0251,Individual,Janice,Chavez,1976-08-11,F,USA,Utah,Home,5,No,Website,C0251,3,463611.95,154537.31666666668,564.01,1692.03,271.75428137281943,3,0,49,0,Lower-Value / Lower-Activity Buyers
C0252,Individual,Elizabeth,Rogers,1953-08-23,F,USA,Nevada,Investment,2,No,Website,C0252,3,1082221.48,360740.49333333335,1209.64,3628.92,301.0719665590684,2,1,72,0,Lower-Value / Lower-Activity Buyers
C0253,Individual,Betty,Hughes,1994-09-15,F,USA,Virginia,Home,4,No,Website,C0253,4,1239226.11,309806.5275,1052.8325,4211.33,292.8363606555335,4,0,31,0,Lower-Value / Lower-Activity Buyers
C0254,Individual,Rachel,Freeman,1956-07-21,F,USA,Florida,Home,5,No,Website,C0254,4,1332152.57,333038.1425,1096.3725,4385.49,306.04013287799427,4,0,69,1,Higher-Value Property Buyers
C0255,Individual,Sara,Jones,1961-02-08,F,UK,England,Investment,3,Yes,Client,C0255,4,1689083.06,422270.765,1253.3075,5013.23,333.9428260086973,4,0,64,1,Higher-Value Property Buyers
C0256,Individual,Anthony,Hughes,1990-12-10,M,USA,California,Home,1,Yes,Website,C0256,3,1150229.15,383409.7166666666,1281.3166666666666,3843.95,297.5918243883253,3,0,35,1,Higher-Value Property Buyers
C0257,Individual,Nicholas,Kim,1974-10-22,M,USA,California,Home,1,No,Website,C0257,3,1145456.23,381818.74333333335,1277.84,3833.52,296.4675060531569,2,1,51,1,Higher-Value Property Buyers
C0258,Individual,Carl,Murray,1991-04-15,M,UK,Northern Ireland,Home,4,Yes,Agency,C0258,3,1001712.37,333904.1233333333,1173.1833333333334,3519.55,286.50725864702446,3,0,34,0,Lower-Value / Lower-Activity Buyers
C0259,Individual,Emma,Chavez,1990-02-15,F,USA,Oregon,Home,4,No,Website,C0259,3,779396.4099999999,259798.8033333333,842.68,2528.04,314.0826730772205,3,0,35,0,Lower-Value / Lower-Activity Buyers
C0260,Individual,Rebecca,Wood,1946-08-04,F,USA,Nevada,Investment,3,No,Website,C0260,4,1057192.79,264298.1975,820.9225,3283.69,320.03004657551685,2,2,79,0,Lower-Value / Lower-Activity Buyers
C0261,Company,Celera,Co,1985-05-13,F,USA,Florida,Investment,4,Yes,Website,C0261,4,2094623.1,523655.775,1676.3825,6705.53,316.7296997323388,3,1,40,1,Higher-Value Property Buyers
C0262,Individual,Billy,Bryant,1947-05-25,M,USA,Oregon,Home,2,No,Website,C0262,3,1233260.4,411086.8,1359.24,4077.72,300.87189053286824,3,0,78,1,Higher-Value Property Buyers
C0263,Individual,Anthony,Garcia,1981-08-02,M,USA,Nevada,Investment,2,Yes,Website,C0263,3,969140.41,323046.80333333334,1016.7633333333332,3050.29,314.78205483488614,3,0,44,0,Lower-Value / Lower-Activity Buyers
C0264,Individual,Melissa,Baker,1992-09-12,F,USA,Colorado,Home,2,Yes,Agency,C0264,4,1127766.02,281941.505,972.245,3888.98,289.35414120737903,3,1,33,0,Lower-Value / Lower-Activity Buyers
C0265,Company,Celera,Co,1967-04-13,M,Belgium,Flanders,Home,1,No,Website,C0265,4,1708031.99,427007.9975,1293.0725,5172.29,319.3013273174175,3,1,58,1,Higher-Value Property Buyers
C0266,Individual,Aaron,Owens,1977-02-26,M,USA,California,Home,5,Yes,Agency,C0266,3,931646.38,310548.79333333333,1078.7866666666666,3236.36,290.38148593016064,2,1,48,0,Lower-Value / Lower-Activity Buyers
C0267,Individual,Judy,Howard,1948-11-12,F,USA,Utah,Home,4,Yes,Agency,C0267,4,1314495.01,328623.7525,1096.12,4384.48,303.9894746358153,4,0,77,0,Lower-Value / Lower-Activity Buyers
C0268,Individual,Danielle,Carter,1959-02-21,F,USA,Georgia,Investment,3,No,Website,C0268,4,1108939.86,277234.965,900.39,3601.56,306.31816887990306,3,1,66,0,Lower-Value / Lower-Activity Buyers
C0269,Individual,David,Stewart,1969-02-04,M,USA,New York,Home,2,No,Agency,C0269,3,1049110.08,349703.36000000004,1076.69,3230.07,323.74149676000314,2,1,56,0,Lower-Value / Lower-Activity Buyers
C0270,Individual,Megan,Allen,1944-07-21,F,USA,Florida,Home,5,No,Website,C0270,3,924009.9,308003.3,983.4266666666668,2950.28,313.1614096224352,2,1,81,0,Lower-Value / Lower-Activity Buyers
C0271,Individual,Laura,Hughes,1972-04-28,F,USA,California,Investment,3,No,Agency,C0271,4,1295689.37,323922.3425,1024.3375,4097.35,309.22116803694684,2,2,53,0,Lower-Value / Lower-Activity Buyers
C0272,Individual,Pamela,Green,1993-08-03,F,UK,Scotland,Home,5,Yes,Website,C0272,4,1439584.37,359896.0925,1248.58,4994.32,293.45704204943775,4,0,32,1,Higher-Value Property Buyers
C0273,Individual,Paul,Morales,1987-02-27,M,Denmark,Zealand,Investment,2,No,Website,C0273,3,682452.64,227484.2133333333,801.46,2404.38,283.1584133310674,3,0,38,0,Lower-Value / Lower-Activity Buyers
C0274,Individual,Raymond,Young,1950-10-01,M,USA,Florida,Home,2,No,Website,C0274,3,1343449.34,447816.4466666667,1467.89,4403.67,297.8912333792844,3,0,75,1,Higher-Value Property Buyers
C0275,Individual,William,Thompson,2000-06-26,M,USA,Oregon,Home,1,Yes,Website,C0275,4,1237500.3,309375.075,1177.3375,4709.35,273.3703332382304,3,1,25,0,Lower-Value / Lower-Activity Buyers
C0276,Individual,Gloria,Harris,1953-02-16,F,USA,Washington,Home,5,No,Website,C0276,3,1011195.98,337065.32666666666,1164.9766666666667,3494.9300000000003,293.4555743132912,3,0,72,0,Lower-Value / Lower-Activity Buyers
C0277,Individual,Jordan,Garcia,1954-11-17,M,USA,Colorado,Investment,1,Yes,Agency,C0277,3,1123449.53,374483.1766666667,1286.4266666666667,3859.28,288.6503775266472,3,0,71,1,Higher-Value Property Buyers
C0278,Individual,Margaret,Foster,1955-08-03,F,USA,California,Investment,2,Yes,Website,C0278,3,1442538.67,480846.2233333333,1685.2766666666666,5055.83,283.2922552063447,3,0,70,1,Higher-Value Property Buyers
C0279,Individual,Heather,Montgomery,1967-05-15,F,USA,Oregon,Home,1,No,Website,C0279,3,1012986.25,337662.0833333333,1170.3533333333332,3511.06,294.2512669578751,3,0,58,0,Lower-Value / Lower-Activity Buyers
C0280,Individual,Nathan,Price,1944-04-14,M,USA,Florida,Home,4,No,Client,C0280,4,1282020.93,320505.2325,1154.2525,4617.01,276.88053764306045,3,1,81,0,Lower-Value / Lower-Activity Buyers
C0281,Individual,Katherine,Phillips,1977-03-22,F,USA,California,Home,1,Yes,Agency,C0281,3,1256275.37,418758.4566666667,1388.4566666666667,4165.37,302.3221090799516,2,1,48,1,Higher-Value Property Buyers
C0282,Individual,Emily,Owens,1997-10-18,F,USA,California,Investment,1,No,Website,C0282,4,973863.8,243465.95,858.9825,3435.93,284.9097688586684,3,1,28,0,Lower-Value / Lower-Activity Buyers
C0283,Individual,Susan,Edwards,1962-05-12,F,USA,Arizona,Home,2,Yes,Agency,C0283,4,1118599.47,279649.8675,922.54,3690.16,305.08878288778067,3,1,63,0,Lower-Value / Lower-Activity Buyers
C0284,Individual,Patrick,Owens,1977-02-25,M,USA,Arizona,Home,4,No,Client,C0284,4,1251975.85,312993.9625,994.0725,3976.29,314.92437742589595,4,0,48,0,Lower-Value / Lower-Activity Buyers
C0285,Individual,Billy,Parker,1999-03-09,M,France,Ile-de-France,Investment,3,No,Website,C0285,4,1679056.13,419764.0325,1423.1725,5692.69,293.6771392385392,4,0,26,1,Higher-Value Property Buyers
C0286,Individual,Noah,Brooks,1996-03-24,M,UK,Scotland,Home,1,No,Agency,C0286,3,859353.0900000001,286451.03,988.6033333333334,2965.81,288.8264568471256,3,0,29,0,Lower-Value / Lower-Activity Buyers
C0287,Individual,Joan,Bell,1990-06-10,F,Australia,New South Wales,Home,5,No,Website,C0287,3,1171265.03,390421.6766666667,1205.9633333333334,3617.89,321.88720803401526,2,1,35,1,Higher-Value Property Buyers
C0288,Individual,Kevin,Freeman,1997-11-03,M,USA,Colorado,Investment,4,No,Agency,C0288,4,1364289.23,341072.3075,1198.3725,4793.49,287.0360447319884,4,0,28,1,Higher-Value Property Buyers
C0289,Individual,Laura,Hayes,1993-06-14,F,USA,California,Investment,5,No,Agency,C0289,4,1533862.35,383465.5875,1200.2725,4801.09,322.225734907122,3,1,32,1,Higher-Value Property Buyers
C0290,Individual,Ryan,Watson,1962-01-01,M,USA,California,Home,2,No,Website,C0290,3,1215398.18,405132.7266666666,1337.1733333333334,4011.52,294.6227326225505,2,1,63,1,Higher-Value Property Buyers
C0291,Individual,James,Bryant,1953-07-06,M,USA,Nevada,Home,2,No,Agency,C0291,3,1322506.76,440835.5866666666,1523.6933333333334,4571.08,283.8696129801324,3,0,72,1,Higher-Value Property Buyers
C0292,Individual,Karen,Watson,1945-12-02,F,USA,California,Home,1,No,Agency,C0292,4,1442818.34,360704.585,1084.0625,4336.25,332.09382962711913,4,0,80,1,Higher-Value Property Buyers
C0293,Individual,Ruth,Collins,1993-07-01,F,USA,California,Investment,4,No,Website,C0293,4,1580876.65,395219.1625,1299.3275,5197.31,305.79990656437246,4,0,32,1,Higher-Value Property Buyers
C0294,Individual,Nicholas,Reyes,1963-07-17,M,USA,Nevada,Home,3,Yes,Website,C0294,4,1027250.91,256812.7275,825.1324999999999,3300.53,305.5148768465298,3,1,62,0,Lower-Value / Lower-Activity Buyers
C0295,Individual,Roger,Harris,1967-09-07,M,Russia,Tatarstan,Home,3,No,Agency,C0295,3,1350375.73,450125.24333333335,1413.8666666666668,4241.6,314.7560653893399,3,0,58,1,Higher-Value Property Buyers
C0296,Individual,Mark,Young,1984-04-06,M,Canada,Manitoba,Home,1,Yes,Client,C0296,3,1142875.46,380958.4866666666,1238.0233333333333,3714.07,307.38736313580745,3,0,41,1,Higher-Value Property Buyers
C0297,Individual,Julia,Murray,1972-11-19,F,UK,Wales,Investment,5,No,Agency,C0297,4,1709184.75,427296.1875,1422.9925,5691.97,305.6113981399422,4,0,53,1,Higher-Value Property Buyers
C0298,Individual,Sarah,Patterson,1972-11-10,F,USA,Oregon,Home,3,No,Website,C0298,4,1262479.23,315619.8075,1069.63,4278.52,294.6537940165552,3,1,53,0,Lower-Value / Lower-Activity Buyers
C0299,Individual,Barbara,Davis,1977-05-03,F,UK,Wales,Home,5,No,Agency,C0299,4,1177661.76,294415.44,948.7575,3795.03,304.64949979748445,4,0,48,0,Lower-Value / Lower-Activity Buyers
C0300,Individual,Zachary,Peterson,1959-04-11,M,Canada,Alberta,Home,5,Yes,Website,C0300,3,844956.55,281652.18333333335,877.9633333333333,2633.89,322.1718424492012,3,0,66,0,Lower-Value / Lower-Activity Buyers
C0301,Individual,Lisa,Alexander,1959-03-02,F,USA,Virginia,Home,4,No,Agency,C0301,3,1045776.52,348592.17333333334,1286.4266666666667,3859.28,276.5469053215637,3,0,66,0,Lower-Value / Lower-Activity Buyers
C0302,Individual,Maria,Edwards,1976-07-25,F,USA,Utah,Investment,1,No,Agency,C0302,4,1654300.33,413575.0825,1239.145,4956.58,318.4358739570472,2,2,49,1,Higher-Value Property Buyers
C0303,Individual,Betty,Owens,1957-07-10,F,USA,Virginia,Investment,5,Yes,Website,C0303,4,1519113.12,379778.28,1242.0825,4968.33,313.2694872844787,3,1,68,1,Higher-Value Property Buyers
C0304,Individual,Patrick,Morris,1959-12-22,M,USA,California,Investment,1,No,Agency,C0304,4,1685753.28,421438.32,1333.5625,5334.25,306.62799703926584,4,0,66,1,Higher-Value Property Buyers
C0305,Individual,Emily,Kim,1995-11-22,F,USA,Arizona,Home,1,No,Website,C0305,3,1327736.23,442578.74333333335,1493.243333333333,4479.73,295.9988305209763,2,1,30,1,Higher-Value Property Buyers
C0306,Individual,Samuel,Foster,1988-04-05,M,USA,California,Home,1,No,Client,C0306,4,1399698.79,349924.6975,1075.505,4302.02,326.9407713397631,3,1,37,1,Higher-Value Property Buyers
C0307,Individual,Samuel,Freeman,1992-10-13,M,USA,California,Home,5,Yes,Client,C0307,4,1490170.38,372542.595,1167.105,4668.42,316.87830979740284,3,1,33,1,Higher-Value Property Buyers
C0308,Individual,Catherine,Roberts,1972-10-10,F,Belgium,Flanders,Investment,4,Yes,Agency,C0308,3,1176582.54,392194.18,1343.8166666666666,4031.45,288.303659067273,3,0,53,1,Higher-Value Property Buyers
C0309,Individual,Stephanie,Cox,1957-10-15,F,USA,Washington,Home,4,No,Agency,C0309,3,1382649.58,460883.19333333336,1412.2166666666665,4236.65,326.74190547944283,2,1,68,1,Higher-Value Property Buyers
C0310,Individual,Edward,Weaver,1992-05-02,M,UK,Northern Ireland,Home,3,No,Website,C0310,3,1389329.62,463109.87333333335,1565.3233333333335,4695.97,296.1843667526323,3,0,33,1,Higher-Value Property Buyers
C0311,Individual,Justin,Anderson,1952-03-09,M,USA,Georgia,Home,2,No,Website,C0311,4,1632999.56,408249.89,1312.8225,5251.29,308.61102952310074,3,1,73,1,Higher-Value Property Buyers
C0312,Individual,Zachary,Cooper,1941-01-14,M,USA,Nevada,Home,3,Yes,Website,C0312,4,1105668.66,276417.165,962.32,3849.28,286.1856970509979,4,0,84,0,Lower-Value / Lower-Activity Buyers
C0313,Company,Stratos,Co,1974-04-12,M,USA,California,Home,1,No,Agency,C0313,3,1091085.9300000002,363695.31000000006,1190.3133333333333,3570.94,304.92115668437685,2,1,51,0,Lower-Value / Lower-Activity Buyers
C0314,Individual,Andrew,Jones,1982-08-23,M,USA,Washington,Investment,4,No,Agency,C0314,3,1040795.02,346931.67333333334,1138.4233333333334,3415.27,307.5866428042063,2,1,43,0,Lower-Value / Lower-Activity Buyers
C0315,Individual,Michael,Phillips,1987-03-18,M,Mexico,Baja California,Investment,5,No,Website,C0315,4,1178606.56,294651.64,979.6775,3918.71,303.08581200721073,3,1,38,0,Lower-Value / Lower-Activity Buyers
C0316,Individual,Brandon,Martin,1997-04-14,M,UK,Scotland,Investment,4,Yes,Website,C0316,4,1792447.27,448111.8175,1338.9,5355.599999999999,334.2632578322125,3,1,28,1,Higher-Value Property Buyers
C0317,Individual,Amber,Hansen,1999-11-17,F,USA,California,Investment,2,Yes,Website,C0317,3,1248444.31,416148.1033333333,1451.253333333333,4353.76,285.7972404273491,3,0,26,1,Higher-Value Property Buyers
C0318,Individual,Amy,Peterson,1974-03-22,F,Germany,Berlin,Home,5,No,Website,C0318,3,871968.67,290656.2233333333,927.6066666666666,2782.82,316.1814473112375,3,0,51,0,Lower-Value / Lower-Activity Buyers
C0319,Company,Zynex,Co,1995-11-12,F,USA,Texas,Home,5,Yes,Website,C0319,4,2061054.65,515263.6625,1726.0575,6904.23,296.4407038672879,3,1,30,1,Higher-Value Property Buyers
C0320,Individual,Tyler,Cox,1984-12-01,M,USA,Texas,Home,3,Yes,Client,C0320,3,1317732.09,439244.03,1465.92,4397.76,296.9423125347185,2,1,41,1,Higher-Value Property Buyers
C0321,Individual,Jesse,Cook,1992-01-12,M,USA,California,Investment,2,No,Agency,C0321,4,1701753.71,425438.4275,1321.76,5287.04,320.08555841883503,4,0,33,1,Higher-Value Property Buyers
C0322,Individual,Deborah,Moore,1996-12-25,F,USA,California,Home,2,Yes,Website,C0322,3,1347002.93,449000.9766666666,1445.2933333333333,4335.88,318.0864752801751,2,1,29,1,Higher-Value Property Buyers
C0323,Individual,Samantha,Hayes,1975-09-16,F,USA,California,Investment,2,Yes,Website,C0323,3,1230825.62,410275.2066666667,1308.513333333333,3925.54,310.6404621508214,2,1,50,1,Higher-Value Property Buyers
C0324,Individual,Raymond,Parker,1993-06-14,M,USA,Washington,Home,4,No,Website,C0324,3,1147121.25,382373.75,1313.16,3939.48,297.08544836991325,2,1,32,1,Higher-Value Property Buyers
C0325,Individual,Maria,Flores,1983-02-24,F,USA,California,Home,5,Yes,Agency,C0325,4,1205175.56,301293.89,1030.1225,4120.49,286.38612411264194,2,2,42,0,Lower-Value / Lower-Activity Buyers
C0326,Individual,Daniel,Reed,1958-05-10,M,USA,Oregon,Investment,4,Yes,Agency,C0326,4,1321975.5,330493.875,1028.1275,4112.51,325.0785062395622,4,0,67,0,Lower-Value / Lower-Activity Buyers
C0327,Individual,Elizabeth,Ward,1961-07-09,F,UK,Scotland,Home,1,No,Agency,C0327,4,1116366.72,279091.68,933.355,3733.42,296.22191505254114,4,0,64,0,Lower-Value / Lower-Activity Buyers
C0328,Individual,William,Young,1946-10-22,M,USA,California,Home,1,Yes,Client,C0328,4,1356560.31,339140.0775,1030.21,4120.84,327.5047492642996,4,0,79,0,Lower-Value / Lower-Activity Buyers
C0329,Individual,Diane,Morales,1998-10-05,F,Germany,Hesse,Home,3,No,Agency,C0329,3,770062.4,256687.46666666667,922.6666666666666,2768.0,284.9675204985411,3,0,27,0,Lower-Value / Lower-Activity Buyers
C0330,Individual,Christian,Richardson,1975-06-21,M,USA,California,Home,1,No,Website,C0330,4,1331463.63,332865.9075,1146.9925,4587.97,295.4457320102523,4,0,50,1,Higher-Value Property Buyers
C0331,Individual,Ann,Martin,1984-05-23,F,USA,California,Investment,3,No,Agency,C0331,4,1546334.4,386583.6,1259.95,5039.8,302.88510282847795,3,1,41,1,Higher-Value Property Buyers
C0332,Individual,Christopher,Price,1989-12-15,M,USA,Texas,Investment,3,No,Website,C0332,3,1209987.46,403329.1533333333,1435.6633333333332,4306.99,279.22382181893295,2,1,36,1,Higher-Value Property Buyers
C0333,Individual,Helen,Hall,1955-12-23,F,UK,Wales,Home,3,No,Website,C0333,3,1118960.06,372986.6866666667,1203.39,3610.17,299.3859336879596,2,1,70,0,Lower-Value / Lower-Activity Buyers
C0334,Individual,Andrew,Roberts,1950-08-01,M,USA,Arizona,Investment,3,No,Agency,C0334,4,1445655.93,361413.9825,1047.99,4191.96,328.6288068018344,2,2,75,1,Higher-Value Property Buyers
C0335,Individual,Charles,Morris,1975-12-24,M,USA,Arizona,Home,4,No,Website,C0335,4,1478341.12,369585.28,1190.4075,4761.63,312.04912702719423,2,2,50,1,Higher-Value Property Buyers
C0336,Individual,Karen,Price,1971-11-17,F,USA,California,Investment,5,No,Agency,C0336,3,1163690.59,387896.8633333333,1226.8766666666668,3680.63,301.12306123464424,3,0,54,1,Higher-Value Property Buyers
C0337,Individual,Nathan,Alexander,1942-01-27,M,USA,Arizona,Home,3,Yes,Website,C0337,3,759310.2,253103.4,893.3766666666667,2680.13,284.4843290368854,3,0,83,0,Lower-Value / Lower-Activity Buyers
C0338,Individual,Patrick,Flores,1943-05-28,M,USA,California,Home,5,Yes,Website,C0338,4,1488671.13,372167.7825,1227.17,4908.68,312.0553514031193,2,2,82,1,Higher-Value Property Buyers
C0339,Individual,Keith,King,1963-10-05,M,USA,Utah,Investment,5,No,Agency,C0339,4,1548824.23,387206.0575,1170.135,4680.54,331.2701829233304,4,0,62,1,Higher-Value Property Buyers
C0340,Individual,Daniel,Garcia,1940-11-25,M,USA,California,Investment,2,No,Agency,C0340,3,1047500.42,349166.80666666664,1263.5766666666666,3790.73,280.78386472986784,3,0,85,0,Lower-Value / Lower-Activity Buyers
C0341,Individual,Carl,Chavez,1982-11-10,M,USA,California,Investment,4,No,Agency,C0341,4,1679555.42,419888.855,1293.0725,5172.29,317.5731591876758,4,0,43,1,Higher-Value Property Buyers
C0342,Individual,Kevin,Hughes,1974-08-15,M,USA,California,Investment,2,No,Client,C0342,3,1290567.39,430189.13000000006,1286.43,3859.29,328.5154318223778,3,0,51,1,Higher-Value Property Buyers
C0343,Individual,Joyce,Thompson,1952-06-17,F,USA,California,Home,2,No,Website,C0343,4,1630923.97,407730.9925,1374.585,5498.34,297.02815309476205,4,0,73,1,Higher-Value Property Buyers
C0344,Individual,Joshua,Jackson,1997-05-13,M,Canada,British Columbia,Home,2,Yes,Website,C0344,4,1276344.68,319086.17,1059.9375,4239.75,302.0567047165623,4,0,28,0,Lower-Value / Lower-Activity Buyers
C0345,Individual,Stephanie,Hall,1969-09-15,F,USA,New York,Home,4,Yes,Website,C0345,3,1339687.25,446562.4166666667,1510.3766666666668,4531.13,300.46366304724853,2,1,56,1,Higher-Value Property Buyers
C0346,Individual,Amy,Nelson,1963-06-02,F,USA,California,Home,5,No,Agency,C0346,3,1174812.86,391604.2866666666,1271.67,3815.01,310.0140757745108,3,0,62,1,Higher-Value Property Buyers
C0347,Individual,Mark,Reyes,1992-05-24,M,USA,Washington,Home,3,Yes,Website,C0347,3,1378006.45,459335.4833333333,1471.62,4414.860000000001,314.2399384440205,1,2,33,1,Higher-Value Property Buyers
C0348,Individual,Jack,Pierce,1982-02-13,M,USA,Colorado,Investment,5,Yes,Agency,C0348,4,1482633.92,370658.48,1246.7075,4986.83,293.5582443960669,4,0,43,1,Higher-Value Property Buyers
C0349,Individual,Paul,Jackson,1975-06-26,M,USA,Arizona,Home,2,Yes,Agency,C0349,3,1065745.84,355248.61333333334,1124.5,3373.5,319.2896042097387,2,1,50,0,Lower-Value / Lower-Activity Buyers
C0350,Individual,Richard,Jones,1992-12-11,M,USA,Arizona,Home,2,No,Agency,C0350,3,1066408.3,355469.43333333335,1206.2733333333333,3618.82,296.5916270272384,2,1,33,0,Lower-Value / Lower-Activity Buyers
C0351,Individual,Michelle,Watson,1961-12-27,F,USA,Oregon,Home,5,No,Agency,C0351,4,1551113.76,387778.44,1260.0625,5040.25,311.1977892874013,3,1,64,1,Higher-Value Property Buyers
C0352,Individual,Judith,Williams,1977-06-22,F,USA,Nevada,Investment,3,No,Agency,C0352,3,1339830.04,446610.01333333337,1447.82,4343.46,309.9987605861159,3,0,48,1,Higher-Value Property Buyers
C0353,Individual,Anna,Murray,1964-04-24,F,USA,Arizona,Home,2,No,Agency,C0353,3,889855.16,296618.38666666666,980.87,2942.61,301.9405053330321,3,0,61,0,Lower-Value / Lower-Activity Buyers
C0354,Individual,Kimberly,Turner,1998-10-23,F,USA,California,Home,4,No,Website,C0354,3,962196.6,320732.2,1059.15,3177.45,307.43997805800313,2,1,27,0,Lower-Value / Lower-Activity Buyers
C0355,Individual,Henry,Alexander,1951-10-16,M,Mexico,Baja California,Investment,1,No,Website,C0355,3,1029593.97,343197.99,1273.45,3820.35,269.231546180389,3,0,74,0,Lower-Value / Lower-Activity Buyers
C0356,Individual,Andrea,Kim,1976-06-06,F,USA,Georgia,Home,3,No,Website,C0356,4,964351.9,241087.975,816.16,3264.64,292.63598367500725,4,0,49,0,Lower-Value / Lower-Activity Buyers
C0357,Individual,Danielle,Griffin,1988-04-09,F,USA,California,Home,3,No,Website,C0357,3,970629.22,323543.0733333333,1059.3466666666666,3178.04,311.3215166895127,2,1,37,0,Lower-Value / Lower-Activity Buyers
C0358,Individual,Katherine,Griffin,1978-09-26,F,Australia,New South Wales,Home,3,Yes,Agency,C0358,3,1150919.74,383639.9133333333,1240.6066666666666,3721.82,311.4839936166393,2,1,47,1,Higher-Value Property Buyers
C0359,Individual,Julie,Cooper,1951-03-10,F,USA,California,Investment,1,No,Agency,C0359,3,1098189.89,366063.2966666667,1308.513333333333,3925.54,277.1234294037575,3,0,74,0,Lower-Value / Lower-Activity Buyers
C0360,Individual,Laura,Baker,1948-09-09,F,USA,Utah,Home,2,Yes,Agency,C0360,4,1978026.48,494506.62,1676.3825,6705.53,294.6673252367168,4,0,77,1,Higher-Value Property Buyers
C0361,Individual,Nicholas,Miller,1958-09-08,M,UK,England,Home,1,Yes,Website,C0361,4,1468372.25,367093.0625,1222.5975,4890.389999999999,303.6700564236641,3,1,67,1,Higher-Value Property Buyers
C0362,Individual,Betty,Moore,2000-09-06,F,USA,Utah,Home,4,No,Website,C0362,3,1129669.4,376556.4666666666,1162.6166666666666,3487.85,319.6891059879742,3,0,25,0,Lower-Value / Lower-Activity Buyers
C0363,Individual,Christine,Edwards,1959-01-25,F,USA,Utah,Investment,2,No,Client,C0363,4,1232301.44,308075.36,929.6975,3718.79,321.83400059422536,3,1,66,0,Lower-Value / Lower-Activity Buyers
C0364,Individual,George,Gray,1944-03-02,M,USA,Texas,Home,2,No,Website,C0364,4,1492505.18,373126.295,1261.78,5047.12,292.4122292635231,2,2,81,1,Higher-Value Property Buyers
C0365,Individual,Brandon,Morales,1962-02-11,M,USA,Colorado,Investment,5,No,Agency,C0365,3,951259.9,317086.63333333336,1164.9766666666667,3494.9300000000003,275.7780692701144,3,0,63,0,Lower-Value / Lower-Activity Buyers
C0366,Individual,Keith,Long,1983-04-26,M,USA,California,Home,4,No,Website,C0366,3,1420135.32,473378.44,1452.263333333333,4356.79,316.81346853217974,1,2,42,1,Higher-Value Property Buyers
C0367,Individual,Samuel,Collins,1964-11-25,M,USA,California,Investment,4,No,Agency,C0367,4,1662617.88,415654.47,1269.065,5076.26,324.83524052336105,2,2,61,1,Higher-Value Property Buyers
C0368,Individual,Betty,Scott,1992-08-11,F,USA,California,Home,4,Yes,Agency,C0368,4,1494552.45,373638.1125,1136.215,4544.86,327.32400753374435,3,1,33,1,Higher-Value Property Buyers
C0369,Individual,Helen,Murray,1954-10-01,F,USA,Utah,Home,2,Yes,Agency,C0369,4,1586439.08,396609.77,1333.5625,5334.25,288.11277877378416,4,0,71,1,Higher-Value Property Buyers
C0370,Individual,Michelle,Brooks,1957-09-23,F,Russia,Krasnodar Krai,Home,1,No,Website,C0370,4,1613633.39,403408.3475,1334.8775,5339.51,304.0319808491904,4,0,68,1,Higher-Value Property Buyers
C0371,Individual,Ryan,Moore,1970-03-15,M,Belgium,Wallonia,Investment,3,No,Agency,C0371,3,827208.61,275736.2033333333,842.68,2528.04,326.6072425296932,2,1,55,0,Lower-Value / Lower-Activity Buyers
C0372,Individual,Teresa,Nelson,1952-04-22,F,Belgium,Flanders,Investment,1,No,Agency,C0372,3,1280128.06,426709.3533333333,1361.743333333333,4085.23,309.50534540154507,3,0,73,1,Higher-Value Property Buyers
C0373,Individual,Karen,Morales,1993-01-27,F,USA,Georgia,Home,2,No,Agency,C0373,3,1047277.18,349092.3933333333,1160.513333333333,3481.54,303.3402959219732,2,1,32,0,Lower-Value / Lower-Activity Buyers
C0374,Individual,Madison,Hughes,1993-11-07,F,Australia,New South Wales,Investment,4,Yes,Agency,C0374,4,916825.86,229206.465,735.11,2940.44,316.86755206486544,3,1,32,0,Lower-Value / Lower-Activity Buyers
C0375,Individual,Kyle,Thompson,1968-07-15,M,USA,California,Investment,4,No,Website,C0375,3,1178580.64,392860.2133333334,1224.68,3674.04,319.286805111416,2,1,57,1,Higher-Value Property Buyers
C0376,Individual,Shirley,Smith,1953-04-19,F,USA,California,Home,3,No,Website,C0376,3,1182808.29,394269.43,1361.743333333333,4085.23,298.9659387154721,2,1,72,1,Higher-Value Property Buyers
C0377,Individual,Charles,Patterson,1998-05-14,M,USA,Washington,Home,4,No,Website,C0377,3,822780.32,274260.10666666663,904.0466666666669,2712.1400000000003,304.7935850232173,2,1,27,0,Lower-Value / Lower-Activity Buyers
C0378,Individual,Heather,Anderson,1957-11-28,F,USA,California,Investment,3,Yes,Website,C0378,3,812387.51,270795.83666666667,983.4266666666668,2950.28,275.12811466232733,3,0,68,0,Lower-Value / Lower-Activity Buyers
C0379,Company,Optima,Co,1977-04-22,M,USA,California,Investment,2,Yes,Client,C0379,4,1254919.36,313729.84,1115.505,4462.02,277.0302856181441,3,1,48,0,Lower-Value / Lower-Activity Buyers
C0380,Individual,Evelyn,Chavez,1973-09-13,F,USA,California,Home,3,Yes,Website,C0380,3,939708.87,313236.29,1175.45,3526.3500000000004,264.1700106052158,2,1,52,0,Lower-Value / Lower-Activity Buyers
C0381,Individual,David,Gray,1961-01-08,M,USA,California,Home,5,Yes,Agency,C0381,3,878913.19,292971.0633333333,1188.2333333333331,3564.7,247.61239219170287,3,0,64,0,Lower-Value / Lower-Activity Buyers
C0382,Individual,Nicholas,Garcia,1975-08-08,M,USA,California,Investment,1,Yes,Agency,C0382,3,980139.25,326713.0833333333,980.87,2942.61,334.35323184783533,2,1,50,0,Lower-Value / Lower-Activity Buyers
C0383,Company,Novex,Co,1985-11-09,F,Mexico,Mexico City,Investment,3,No,Agency,C0383,4,968070.64,242017.66,809.6575,3238.63,293.1790859595892,4,0,40,0,Lower-Value / Lower-Activity Buyers
C0384,Individual,Amy,Stewart,1944-03-22,F,USA,California,Home,3,Yes,Website,C0384,3,1010761.74,336920.58,1049.38,3148.14,326.1556369811854,3,0,81,0,Lower-Value / Lower-Activity Buyers
C0385,Individual,Douglas,Owens,1969-01-12,M,UK,Northern Ireland,Investment,4,No,Website,C0385,3,1289646.41,429882.1366666667,1277.2733333333333,3831.82,337.4718781773158,3,0,56,1,Higher-Value Property Buyers
C0386,Individual,Carol,Stewart,1976-03-25,F,USA,Colorado,Home,2,No,Client,C0386,3,1633972.21,544657.4033333333,1445.08,4335.24,373.7448578500973,1,2,49,1,Higher-Value Property Buyers
C0387,Individual,Jessica,Owens,1974-07-18,F,USA,California,Home,2,Yes,Website,C0387,4,1992983.55,498245.8875,1555.2975,6221.1900000000005,319.8735674974433,4,0,51,1,Higher-Value Property Buyers
C0388,Individual,Zachary,Cox,1995-09-24,M,USA,California,Home,4,No,Agency,C0388,3,961894.92,320631.64,975.9433333333332,2927.83,330.03455243509705,2,1,30,0,Lower-Value / Lower-Activity Buyers
C0389,Individual,Ronald,Stone,1954-11-18,M,USA,Colorado,Home,3,No,Website,C0389,4,1261549.09,315387.2725,1119.09,4476.360000000001,290.2584398047477,2,2,71,0,Lower-Value / Lower-Activity Buyers
C0390,Individual,Steven,Griffin,1942-04-23,M,Canada,Quebec,Investment,2,No,Website,C0390,4,1678762.0699999998,419690.5175,1295.265,5181.06,331.6664479491185,3,1,83,1,Higher-Value Property Buyers
C0391,Individual,Heather,Long,1966-11-12,F,USA,California,Home,5,No,Agency,C0391,3,1035012.91,345004.3033333333,1064.4166666666667,3193.25,324.92570886620587,3,0,59,0,Lower-Value / Lower-Activity Buyers
C0392,Individual,Katherine,Adams,1977-06-14,F,USA,Arizona,Home,2,Yes,Website,C0392,4,1015830.03,253957.5075,922.66,3690.64,272.48890928553595,4,0,48,0,Lower-Value / Lower-Activity Buyers
C0393,Individual,Nicole,Allen,1988-06-08,F,USA,Arizona,Home,4,No,Agency,C0393,4,1616556.78,404139.195,1298.145,5192.58,313.7124550314773,3,1,37,1,Higher-Value Property Buyers
C0394,Individual,Shirley,Foster,1954-11-24,F,USA,Colorado,Home,3,Yes,Website,C0394,4,1258840.0,314710.0,1041.8025,4167.21,292.80734079965566,3,1,71,0,Lower-Value / Lower-Activity Buyers
C0395,Individual,Deborah,Chavez,1959-01-17,F,USA,Florida,Home,1,No,Website,C0395,3,1153134.48,384378.16,1303.4733333333334,3910.42,300.0076340913001,2,1,66,1,Higher-Value Property Buyers
C0396,Individual,Charles,Allen,2000-04-17,M,USA,Nevada,Home,5,No,Agency,C0396,4,1181447.25,295361.8125,896.2524999999999,3585.01,325.39102840117124,4,0,25,0,Lower-Value / Lower-Activity Buyers
C0397,Individual,Hannah,Williams,2000-09-18,F,USA,California,Home,5,No,Website,C0397,3,793543.27,264514.42333333334,862.11,2586.33,306.5224231458849,3,0,25,0,Lower-Value / Lower-Activity Buyers
C0398,Individual,Jennifer,Alexander,1948-12-22,F,USA,Texas,Home,1,Yes,Agency,C0398,4,1186693.85,296673.4625,935.765,3743.06,307.7780713117717,3,1,77,0,Lower-Value / Lower-Activity Buyers
C0399,Individual,Albert,Kim,1984-06-09,M,USA,California,Home,4,No,Agency,C0399,4,1229057.49,307264.3725,1093.05,4372.2,280.14179966702727,3,1,41,0,Lower-Value / Lower-Activity Buyers
C0400,Individual,Brandon,Anderson,1959-11-25,M,USA,California,Home,4,No,Agency,C0400,4,1360152.99,340038.2475,1239.145,4956.58,281.3228620371108,4,0,66,1,Higher-Value Property Buyers
C0401,Individual,Brian,Anderson,1969-07-21,M,USA,Arizona,Home,5,Yes,Website,C0401,4,1020913.07,255228.2675,853.07,3412.28,302.2393174029927,4,0,56,0,Lower-Value / Lower-Activity Buyers
C0402,Individual,Brenda,Garcia,1941-02-22,F,USA,Georgia,Home,5,No,Website,C0402,3,1054166.95,351388.98333333334,1102.8633333333337,3308.59,321.6006217207176,3,0,84,0,Lower-Value / Lower-Activity Buyers
C0403,Individual,Jennifer,Adams,1963-03-25,F,Australia,New South Wales,Home,1,No,Website,C0403,3,878792.98,292930.99333333335,1060.9733333333334,3182.92,283.50875319866367,2,1,62,0,Lower-Value / Lower-Activity Buyers
C0404,Individual,Sara,Cook,1976-12-05,F,France,Normandy,Investment,1,No,Client,C0404,3,731788.96,243929.6533333333,753.3133333333334,2259.94,316.9473423836062,3,0,49,0,Lower-Value / Lower-Activity Buyers
C0405,Company,Horizon,Co,1969-12-25,M,USA,Colorado,Home,1,No,Agency,C0405,4,1310963.25,327740.8125,1140.38,4561.52,287.2931397143084,4,0,56,1,Higher-Value Property Buyers
C0406,Individual,Christine,Brown,1960-05-26,F,USA,Colorado,Home,3,No,Website,C0406,4,1317165.12,329291.28,1090.1925,4360.77,309.6720098443668,3,1,65,0,Lower-Value / Lower-Activity Buyers
C0407,Individual,Lisa,Freeman,1982-04-23,F,USA,California,Home,2,No,Client,C0407,4,1254494.91,313623.7275,1045.8025,4183.21,300.95370130801626,4,0,43,0,Lower-Value / Lower-Activity Buyers
C0408,Individual,Tyler,Rogers,1977-02-03,M,USA,California,Home,3,No,Website,C0408,3,1320497.01,440165.67,1413.0600000000002,4239.18,312.61587796358623,3,0,48,1,Higher-Value Property Buyers
C0409,Individual,Timothy,Reyes,1972-09-18,M,USA,Nevada,Home,1,Yes,Website,C0409,4,1816669.2,454167.3,1449.3775,5797.51,326.98781819756886,2,2,53,1,Higher-Value Property Buyers
C0410,Individual,Diane,Johnson,1982-07-13,F,Russia,Saint Petersburg,Home,5,Yes,Agency,C0410,3,1021706.02,340568.67333333334,1189.1899999999998,3567.57,294.4273034453859,3,0,43,0,Lower-Value / Lower-Activity Buyers
C0411,Individual,Amanda,Moore,1983-05-09,F,USA,California,Home,2,No,Website,C0411,3,896987.21,298995.73666666663,883.7466666666668,2651.24,350.543692607301,1,2,42,0,Lower-Value / Lower-Activity Buyers
C0412,Individual,Karen,Richardson,1984-04-24,F,UK,Scotland,Home,5,No,Website,C0412,3,1100376.25,366792.0833333333,1260.8366666666668,3782.51,293.6530871001761,3,0,41,0,Lower-Value / Lower-Activity Buyers
C0413,Individual,Brandon,Smith,1940-07-11,M,Canada,British Columbia,Home,3,No,Website,C0413,4,1769126.22,442281.555,1431.4575,5725.83,309.9375210398746,4,0,85,1,Higher-Value Property Buyers
C0414,Individual,Brandon,Reed,1962-12-07,M,USA,California,Home,4,No,Website,C0414,4,1412148.94,353037.235,1144.74,4578.96,301.1116897735544,3,1,63,1,Higher-Value Property Buyers
C0415,Individual,Grace,Turner,1980-07-09,F,USA,Nevada,Home,5,Yes,Agency,C0415,4,1305928.35,326482.0875,1093.05,4372.2,296.5966811499519,4,0,45,0,Lower-Value / Lower-Activity Buyers
C0416,Company,Bravada,Co,1981-07-28,M,Germany,North Rhine-Westphalia,Investment,5,Yes,Client,C0416,3,1059532.51,353177.50333333336,1260.8366666666668,3782.51,280.3649553639519,3,0,44,0,Lower-Value / Lower-Activity Buyers
C0417,Individual,Peter,Collins,1947-12-03,M,USA,Utah,Home,2,No,Website,C0417,3,1354773.96,451591.32,1471.9,4415.7,303.54859739281426,3,0,78,1,Higher-Value Property Buyers
C0418,Individual,Douglas,Howard,1996-08-20,M,USA,Arizona,Home,5,No,Agency,C0418,4,1629486.83,407371.7075,1276.8225,5107.29,315.5994805272792,4,0,29,1,Higher-Value Property Buyers
C0419,Individual,Jack,Hansen,1962-11-03,M,USA,Washington,Home,3,Yes,Agency,C0419,4,1174012.19,293503.0475,990.4475,3961.79,295.6119602001012,3,1,63,0,Lower-Value / Lower-Activity Buyers
C0420,Individual,Debra,Reyes,1994-01-04,F,USA,California,Home,5,No,Agency,C0420,3,1260096.16,420032.0533333334,1330.2166666666667,3990.65,316.25469908155173,2,1,31,1,Higher-Value Property Buyers
C0421,Individual,Zachary,Cox,1975-08-25,M,Germany,Hesse,Investment,5,Yes,Website,C0421,4,1495763.37,373940.8425,1203.905,4815.62,304.1080371257723,4,0,50,1,Higher-Value Property Buyers
C0422,Company,Telnox,Co,1973-11-13,F,USA,California,Home,1,Yes,Client,C0422,4,1653171.62,413292.905,1428.5749999999998,5714.299999999999,290.5765092248332,4,0,52,1,Higher-Value Property Buyers
C0423,Individual,Rachel,Sanders,1950-04-17,F,USA,California,Home,1,No,Client,C0423,3,1068716.19,356238.73,1195.1966666666667,3585.59,299.3969799867712,2,1,75,0,Lower-Value / Lower-Activity Buyers
C0424,Individual,Sarah,Stewart,1998-12-04,F,USA,Florida,Home,1,No,Website,C0424,3,1034036.3,344678.76666666666,1107.81,3323.43,304.86287798475354,3,0,27,0,Lower-Value / Lower-Activity Buyers
C0425,Individual,Gerald,Wright,1965-03-11,M,USA,Nevada,Home,2,No,Agency,C0425,3,1256932.48,418977.49333333335,1452.263333333333,4356.79,277.1864844883531,3,0,60,1,Higher-Value Property Buyers
C0426,Individual,Julie,Brown,1953-10-07,F,USA,Oregon,Home,4,Yes,Client,C0426,3,890250.61,296750.2033333333,874.19,2622.57,319.1133959347753,3,0,72,0,Lower-Value / Lower-Activity Buyers
C0427,Individual,Sarah,Peterson,1994-09-06,F,USA,California,Home,4,Yes,Website,C0427,4,1457016.31,364254.0775,1216.595,4866.38,302.69307402108933,4,0,31,1,Higher-Value Property Buyers
C0428,Individual,Gloria,Rogers,1962-07-20,F,USA,Oregon,Home,3,No,Agency,C0428,4,984451.32,246112.83,838.2925,3353.17,304.46346214538653,4,0,63,0,Lower-Value / Lower-Activity Buyers
C0429,Individual,Danielle,Stone,1995-11-05,F,USA,California,Home,3,Yes,Website,C0429,4,1503904.16,375976.04,1374.585,5498.34,271.6125972406938,3,1,30,1,Higher-Value Property Buyers
C0430,Individual,Roger,Wood,1974-10-05,M,USA,Nevada,Home,2,No,Agency,C0430,3,931141.96,310380.6533333333,1033.1033333333332,3099.31,295.7021065249133,2,1,51,0,Lower-Value / Lower-Activity Buyers
C0431,Individual,Austin,King,1969-05-05,M,USA,California,Home,5,Yes,Website,C0431,4,1544751.33,386187.8325,1246.6175,4986.47,313.20071224088105,4,0,56,1,Higher-Value Property Buyers
C0432,Company,Grandis,Co,1995-02-17,M,USA,California,Home,5,No,Agency,C0432,4,1277850.15,319462.5375,1025.15,4100.599999999999,314.6041407462146,4,0,30,0,Lower-Value / Lower-Activity Buyers
C0433,Individual,Ruth,Hughes,1969-03-03,F,USA,California,Investment,2,Yes,Website,C0433,4,1937061.37,484265.3425,1591.4725,6365.889999999999,304.29883450852856,4,0,56,1,Higher-Value Property Buyers
C0434,Individual,Amanda,Sanders,1964-12-25,F,Russia,Tatarstan,Home,5,No,Website,C0434,3,1364889.24,454963.08,1445.5566666666666,4336.67,308.9373434408803,3,0,61,1,Higher-Value Property Buyers
C0435,Individual,Sara,Richardson,1966-01-25,F,Australia,New South Wales,Home,5,Yes,Website,C0435,3,908970.34,302990.11333333334,1077.3233333333335,3231.9700000000003,281.7493100861018,3,0,59,0,Lower-Value / Lower-Activity Buyers
C0436,Individual,Brandon,Jones,1972-05-12,M,USA,Colorado,Home,2,Yes,Client,C0436,4,1327594.64,331898.66,1064.2625,4257.05,311.8441932238405,4,0,53,0,Lower-Value / Lower-Activity Buyers
C0437,Individual,Danielle,James,1990-10-05,F,USA,Texas,Home,1,No,Website,C0437,3,657032.8200000001,219010.94000000003,801.46,2404.38,265.68470849402985,3,0,35,0,Lower-Value / Lower-Activity Buyers
C0438,Individual,Gregory,Collins,1982-10-09,M,USA,Georgia,Investment,1,Yes,Client,C0438,4,1458641.1,364660.275,1261.78,5047.12,292.4323939195912,4,0,43,1,Higher-Value Property Buyers
C0439,Individual,Larry,Thompson,1956-03-08,M,USA,Virginia,Home,2,No,Agency,C0439,3,1273328.62,424442.87333333335,1422.97,4268.91,309.77485010281384,2,1,69,1,Higher-Value Property Buyers
C0440,Individual,Lawrence,Parker,1960-07-13,M,USA,California,Investment,1,No,Agency,C0440,3,703498.83,234499.61,845.8633333333333,2537.59,282.4074620459203,3,0,65,0,Lower-Value / Lower-Activity Buyers
C0441,Individual,Joan,Foster,1980-10-01,F,Russia,Krasnodar Krai,Investment,1,No,Agency,C0441,4,1525849.55,381462.3875,1239.265,4957.06,300.9437926864456,3,1,45,1,Higher-Value Property Buyers
C0442,Individual,Sarah,Hansen,1975-04-14,F,USA,Colorado,Home,3,Yes,Website,C0442,4,1707466.97,426866.7425,1489.73,5958.92,285.440299805932,4,0,50,1,Higher-Value Property Buyers
C0443,Individual,Noah,Foster,1950-06-22,M,Denmark,Capital Region,Home,1,Yes,Agency,C0443,3,1355839.1,451946.3666666667,1527.8633333333337,4583.59,293.95351694731335,3,0,75,1,Higher-Value Property Buyers
C0444,Individual,Jennifer,Martin,1941-03-15,F,USA,California,Home,2,No,Website,C0444,4,1054514.54,263628.635,943.97,3775.88,292.38370778728057,3,1,84,0,Lower-Value / Lower-Activity Buyers
C0445,Individual,Michelle,Evans,1995-11-12,F,USA,California,Home,2,Yes,Website,C0445,4,1425691.63,356422.9075,1101.9875,4407.95,323.00629612872393,3,1,30,1,Higher-Value Property Buyers
C0446,Individual,Douglas,Thomas,1955-02-01,M,USA,Colorado,Home,2,No,Website,C0446,3,1024655.04,341551.68,1258.6899999999998,3776.07,274.3202198630034,2,1,70,0,Lower-Value / Lower-Activity Buyers
C0447,Individual,Patricia,Johnson,1956-06-27,F,USA,New York,Home,2,No,Website,C0447,3,1543592.15,514530.7166666666,1680.5266666666666,5041.58,307.121240292514,2,1,69,1,Higher-Value Property Buyers
C0448,Individual,Mark,White,1980-06-10,M,USA,Nevada,Investment,2,No,Agency,C0448,3,942066.48,314022.16,1050.08,3150.24,293.4816106541252,3,0,45,0,Lower-Value / Lower-Activity Buyers
C0449,Individual,Jordan,King,1972-06-24,M,USA,Oregon,Investment,2,No,Agency,C0449,3,1418922.44,472974.14666666667,1504.28,4512.84,313.16286683153135,1,2,53,1,Higher-Value Property Buyers
C0450,Individual,Matthew,Jackson,1992-02-19,M,Mexico,Nuevo Leon,Home,3,No,Website,C0450,4,1555297.37,388824.3425,1258.5825,5034.33,316.0358646367394,4,0,33,1,Higher-Value Property Buyers
C0451,Individual,Larry,Anderson,1985-09-20,M,Canada,Alberta,Investment,5,Yes,Client,C0451,4,1665967.41,416491.8525,1339.695,5358.78,308.73425162687926,3,1,40,1,Higher-Value Property Buyers
C0452,Individual,Brandon,Adams,1967-10-17,M,USA,Washington,Home,3,No,Website,C0452,4,1398358.69,349589.6725,1086.2275,4344.91,316.493204669515,4,0,58,1,Higher-Value Property Buyers
C0453,Individual,Carl,Wood,1993-04-16,M,UK,Scotland,Investment,1,No,Website,C0453,4,1321010.76,330252.69,1103.3025,4413.21,301.104230303951,4,0,32,0,Lower-Value / Lower-Activity Buyers
C0454,Company,Altira,Co,1961-04-01,F,USA,Nevada,Investment,4,No,Agency,C0454,3,980683.73,326894.57666666666,1072.4833333333331,3217.45,306.9392060404991,3,0,64,0,Lower-Value / Lower-Activity Buyers
C0455,Individual,Karen,Williams,1963-02-01,F,USA,California,Home,1,No,Agency,C0455,4,1125726.62,281431.655,838.2925,3353.17,331.6996103244348,4,0,62,0,Lower-Value / Lower-Activity Buyers
C0456,Individual,Virginia,Brooks,1995-11-18,F,USA,Oregon,Home,3,Yes,Website,C0456,3,1349210.55,449736.85,1448.82,4346.46,309.63612122143303,3,0,30,1,Higher-Value Property Buyers
C0457,Individual,Kenneth,Hansen,1980-07-19,M,UK,Wales,Investment,1,No,Agency,C0457,3,1399940.21,466646.7366666666,1457.8333333333333,4373.5,310.4024237825942,3,0,45,1,Higher-Value Property Buyers
C0458,Individual,Thomas,Turner,1995-07-04,M,USA,Oregon,Investment,1,No,Agency,C0458,4,1382881.81,345720.4525,1123.3175,4493.27,319.65410898630785,3,1,30,1,Higher-Value Property Buyers
C0459,Individual,Steven,Johnson,1955-03-23,M,USA,California,Home,3,No,Agency,C0459,3,821716.14,273905.38,945.65,2836.95,292.1623183822492,2,1,70,0,Lower-Value / Lower-Activity Buyers
C0460,Individual,Amanda,Cox,1992-12-25,F,USA,Virginia,Home,1,No,Website,C0460,3,1061349.03,353783.01,1078.7866666666666,3236.36,312.40293478692,2,1,33,0,Lower-Value / Lower-Activity Buyers
C0461,Individual,Jonathan,Peterson,1960-02-16,M,USA,Arizona,Home,1,No,Agency,C0461,3,986630.39,328876.7966666667,1157.47,3472.41,301.8269514846226,2,1,65,0,Lower-Value / Lower-Activity Buyers
C0462,Individual,Eric,White,1943-10-22,M,Australia,Victoria,Home,2,No,Agency,C0462,4,1606667.68,401666.92,1316.0375,5264.15,303.4503826175592,4,0,82,1,Higher-Value Property Buyers
C0463,Individual,Nicholas,Garcia,1970-06-13,M,USA,California,Home,5,No,Client,C0463,4,1235094.73,308773.6825,989.46,3957.84,306.629900030289,3,1,55,0,Lower-Value / Lower-Activity Buyers
C0464,Individual,Gregory,Turner,1974-12-11,M,USA,Florida,Home,5,No,Website,C0464,4,1455550.0,363887.5,1276.8225,5107.29,284.2502461097144,3,1,51,1,Higher-Value Property Buyers
C0465,Individual,George,Carter,1949-09-02,M,USA,California,Home,3,No,Website,C0465,3,707799.9199999999,235933.30666666664,839.1433333333334,2517.4300000000003,282.87186409222505,3,0,76,0,Lower-Value / Lower-Activity Buyers
C0466,Individual,Patricia,Cox,1988-05-19,F,USA,Virginia,Investment,2,No,Website,C0466,4,1228651.21,307162.8025,1030.21,4120.84,299.3764364442108,3,1,37,0,Lower-Value / Lower-Activity Buyers
C0467,Individual,Rebecca,Chavez,1952-04-05,F,USA,Ohio,Home,1,Yes,Agency,C0467,3,976066.93,325355.64333333337,1155.6966666666667,3467.09,283.64758590037087,3,0,73,0,Lower-Value / Lower-Activity Buyers
C0468,Individual,Raymond,Smith,1952-11-13,M,Mexico,Jalisco,Investment,3,Yes,Website,C0468,3,1267396.7999999998,422465.5999999999,1386.32,4158.96,303.951174411019,2,1,73,1,Higher-Value Property Buyers
C0469,Individual,Adam,Foster,1997-03-23,M,USA,California,Home,2,No,Website,C0469,4,1518476.47,379619.1175,1265.3825,5061.53,302.7937775205082,4,0,28,1,Higher-Value Property Buyers
C0470,Individual,Joan,Anderson,1963-02-17,F,USA,Oregon,Home,1,No,Agency,C0470,3,862552.54,287517.51333333337,883.7466666666666,2651.24,317.65314341816924,3,0,62,0,Lower-Value / Lower-Activity Buyers
C0471,Individual,Gary,Collins,1984-06-26,M,USA,Utah,Investment,3,No,Agency,C0471,3,1084997.39,361665.7966666666,1209.64,3628.92,305.4209950146938,1,2,41,0,Lower-Value / Lower-Activity Buyers
C0472,Individual,Edward,Moore,1951-10-04,M,USA,California,Home,4,No,Website,C0472,3,1277486.37,425828.79,1394.21,4182.63,306.04375845996213,3,0,74,1,Higher-Value Property Buyers
C0473,Individual,Sharon,Price,1981-08-09,F,USA,California,Home,3,No,Agency,C0473,4,1304527.66,326131.91500000004,1042.725,4170.9,311.0032863747571,4,0,44,0,Lower-Value / Lower-Activity Buyers
C0474,Individual,Gregory,Young,1995-12-08,M,USA,Nevada,Home,1,No,Website,C0474,4,962015.29,240503.8225,824.2025,3296.81,293.43947677979094,3,1,30,0,Lower-Value / Lower-Activity Buyers
C0475,Individual,William,Brooks,1946-08-18,M,Belgium,Wallonia,Investment,2,Yes,Agency,C0475,3,1234470.16,411490.0533333333,1371.6133333333337,4114.84,298.7582574583638,1,2,79,1,Higher-Value Property Buyers
C0476,Individual,Steven,Johnson,1997-04-05,M,USA,Florida,Home,3,No,Agency,C0476,4,1485303.01,371325.7525,1299.3675,5197.47,286.9801751470443,3,1,28,1,Higher-Value Property Buyers
C0477,Individual,Jesse,Stone,1984-02-01,M,USA,California,Investment,4,Yes,Website,C0477,3,1535114.88,511704.96,1452.263333333333,4356.79,340.6211221673721,2,1,41,1,Higher-Value Property Buyers
C0478,Individual,Ashley,Garcia,1940-08-02,F,USA,Ohio,Investment,4,No,Website,C0478,3,774892.79,258297.59666666668,997.4133333333332,2992.24,269.7359731946328,2,1,85,0,Lower-Value / Lower-Activity Buyers
C0479,Individual,Virginia,Wright,1978-04-06,F,USA,California,Home,2,Yes,Agency,C0479,4,1172782.93,293195.7325,956.6725,3826.69,306.60761210683484,3,1,47,0,Lower-Value / Lower-Activity Buyers
C0480,Individual,Scott,Bryant,1974-09-16,M,USA,California,Home,4,Yes,Website,C0480,4,1033261.03,258315.2575,827.2,3308.8,310.4080044304496,4,0,51,0,Lower-Value / Lower-Activity Buyers
C0481,Individual,Sean,Williams,1976-12-12,M,USA,Arizona,Home,3,No,Agency,C0481,4,1365460.24,341365.06,1040.89,4163.56,319.7953565311169,3,1,49,0,Lower-Value / Lower-Activity Buyers
C0482,Individual,Deborah,Brown,1980-10-08,F,USA,New York,Investment,3,Yes,Agency,C0482,3,1006132.77,335377.59,1155.4633333333334,3466.39,288.3125102820796,2,1,45,0,Lower-Value / Lower-Activity Buyers
C0483,Individual,Kevin,Jackson,1985-11-08,M,USA,Arizona,Investment,1,No,Website,C0483,3,881113.79,293704.5966666667,934.8733333333332,2804.62,312.8909163237087,3,0,40,0,Lower-Value / Lower-Activity Buyers
C0484,Individual,Janet,Wright,1989-04-19,F,USA,Texas,Investment,3,No,Website,C0484,4,1313240.67,328310.1675,1114.105,4456.42,294.4071600592643,3,1,36,0,Lower-Value / Lower-Activity Buyers
C0485,Individual,Julia,Morales,1991-10-07,F,USA,Arizona,Home,2,No,Website,C0485,3,1000841.18,333613.7266666666,1144.8033333333333,3434.41,282.8760171625835,3,0,34,0,Lower-Value / Lower-Activity Buyers
C0486,Individual,Billy,Carter,1999-09-16,M,USA,California,Investment,2,Yes,Website,C0486,3,1090587.66,363529.22,1175.45,3526.3500000000004,306.2980452606605,3,0,26,0,Lower-Value / Lower-Activity Buyers
C0487,Individual,Jessica,Williams,1991-10-23,F,USA,Washington,Home,5,No,Website,C0487,4,1576272.71,394068.1775,1295.0975,5180.39,300.72336015493204,3,1,34,1,Higher-Value Property Buyers
C0488,Individual,Megan,Jackson,1979-05-11,F,USA,California,Investment,4,No,Agency,C0488,4,1218265.36,304566.34,990.9875,3963.95,300.25830784913865,3,1,46,0,Lower-Value / Lower-Activity Buyers
C0489,Individual,Austin,Jordan,1950-06-08,M,Germany,Berlin,Investment,2,No,Website,C0489,3,1025274.77,341758.25666666665,1102.8633333333337,3308.59,309.1097918928489,3,0,75,0,Lower-Value / Lower-Activity Buyers
C0490,Individual,Emily,Wright,1954-01-23,F,USA,Nevada,Investment,5,Yes,Website,C0490,3,1292367.93,430789.31,1240.6066666666666,3721.82,348.3129554083068,3,0,71,1,Higher-Value Property Buyers
C0491,Individual,Noah,White,1941-08-05,M,USA,Washington,Home,2,No,Website,C0491,3,1106379.8,368793.26666666666,1168.3833333333334,3505.15,316.2532060301885,3,0,84,0,Lower-Value / Lower-Activity Buyers
C0492,Individual,Raymond,Price,2000-05-07,M,USA,Utah,Home,3,Yes,Website,C0492,4,1300917.1,325229.275,1008.6625,4034.65,313.8182642173241,4,0,25,0,Lower-Value / Lower-Activity Buyers
C0493,Individual,Tyler,Hughes,1954-07-06,M,USA,Colorado,Home,3,No,Website,C0493,4,1312198.98,328049.745,1141.225,4564.9,292.41602997198896,3,1,71,1,Higher-Value Property Buyers
C0494,Individual,Grace,Carter,1990-08-03,F,USA,California,Home,3,Yes,Website,C0494,4,1052676.65,263169.1625,911.0425,3644.17,286.36534222271075,4,0,35,0,Lower-Value / Lower-Activity Buyers
C0495,Individual,Jerry,Hall,1954-02-18,M,USA,California,Investment,5,No,Client,C0495,4,1246742.44,311685.61,984.9525,3939.81,316.57335953411865,4,0,71,0,Lower-Value / Lower-Activity Buyers
C0496,Individual,Billy,Reyes,1990-01-04,M,USA,California,Home,4,No,Agency,C0496,4,1120376.44,280094.11,947.7475,3790.99,296.43747164743013,4,0,35,0,Lower-Value / Lower-Activity Buyers
C0497,Individual,Emma,Stewart,1985-02-02,F,USA,Arizona,Investment,4,Yes,Website,C0497,3,1330684.99,443561.6633333333,1438.2933333333333,4314.88,307.850364923873,2,1,40,1,Higher-Value Property Buyers
C0498,Individual,Nancy,Collins,1948-11-21,F,Canada,Alberta,Home,2,Yes,Website,C0498,3,1007455.29,335818.43,1258.4,3775.2,271.5597603730395,2,1,77,0,Lower-Value / Lower-Activity Buyers
C0499,Individual,Lisa,Patterson,1946-02-10,F,USA,Colorado,Home,3,Yes,Agency,C0499,3,897769.81,299256.60333333333,863.7633333333333,2591.29,343.7293882516419,2,1,79,0,Lower-Value / Lower-Activity Buyers
C0500,Individual,Dennis,Howard,1977-03-15,M,USA,California,Home,4,Yes,Website,C0500,3,1294944.52,431648.1733333333,1438.2933333333333,4314.88,301.6105027947336,2,1,48,1,Higher-Value Property Buyers
C0501,Individual,Kenneth,Jackson,1995-11-12,M,USA,Nevada,Investment,5,Yes,Agency,C0501,4,1741166.27,435291.5675,1454.35,5817.4,298.61165147213114,3,1,30,1,Higher-Value Property Buyers
C0502,Individual,Madison,Gray,1966-11-28,F,USA,Arizona,Home,4,No,Website,C0502,4,1537989.75,384497.4375,1324.385,5297.54,290.45670616800567,2,2,59,1,Higher-Value Property Buyers
C0503,Individual,Keith,Peterson,1943-09-26,M,USA,Utah,Investment,2,Yes,Client,C0503,4,1432167.34,358041.835,1135.53,4542.12,309.6175696888815,3,1,82,1,Higher-Value Property Buyers
C0504,Individual,Jeffrey,Green,1992-01-14,M,USA,Utah,Home,2,No,Website,C0504,4,1367188.58,341797.145,1108.6075,4434.43,307.66700450808355,4,0,33,1,Higher-Value Property Buyers
C0505,Individual,Katherine,Wilson,1995-07-18,F,USA,Arizona,Home,3,No,Agency,C0505,3,1043535.21,347845.07,1125.17,3375.51,307.0346243577051,3,0,30,0,Lower-Value / Lower-Activity Buyers
C0506,Individual,Albert,Stone,1967-07-04,M,USA,California,Home,5,No,Agency,C0506,3,1122203.03,374067.6766666667,1267.4066666666668,3802.22,298.86090954521507,2,1,58,1,Higher-Value Property Buyers
C0507,Individual,Mark,Morales,1951-02-26,M,USA,New York,Home,3,No,Website,C0507,3,1062656.61,354218.86999999994,1221.3833333333334,3664.15,295.1795221609232,3,0,74,0,Lower-Value / Lower-Activity Buyers
C0508,Individual,Grace,Weaver,1970-01-06,F,USA,Nevada,Home,5,No,Agency,C0508,3,833710.06,277903.35333333333,900.6166666666667,2701.85,295.227784033305,2,1,55,0,Lower-Value / Lower-Activity Buyers
C0509,Individual,Aaron,Cook,1956-04-02,M,Belgium,Wallonia,Home,3,No,Website,C0509,4,1687930.25,421982.5625,1333.2775,5333.110000000001,313.4975992174452,3,1,69,1,Higher-Value Property Buyers
C0510,Individual,Samantha,Evans,1947-08-28,F,France,Brittany,Investment,1,Yes,Website,C0510,3,1094232.67,364744.2233333333,1243.8233333333333,3731.47,293.37469787974555,3,0,78,0,Lower-Value / Lower-Activity Buyers
C0511,Individual,Christine,Parker,1954-07-20,F,UK,England,Home,2,No,Website,C0511,3,1090537.6,363512.5333333334,1179.5233333333333,3538.57,314.26367369464674,1,2,71,0,Lower-Value / Lower-Activity Buyers
C0512,Individual,Hannah,Flores,1945-06-27,F,USA,Arizona,Home,1,No,Client,C0512,3,1448158.14,482719.38000000006,1654.4733333333334,4963.42,293.6759220515758,3,0,80,1,Higher-Value Property Buyers
C0513,Individual,Christian,Morales,1999-03-07,M,USA,Florida,Home,2,Yes,Agency,C0513,3,974596.63,324865.54333333333,1049.513333333333,3148.54,305.4693348530066,3,0,26,0,Lower-Value / Lower-Activity Buyers
C0514,Individual,Rebecca,Evans,1977-08-17,F,USA,Oregon,Home,1,Yes,Website,C0514,4,1528027.54,382006.885,1316.0375,5264.15,286.46656147751514,2,2,48,1,Higher-Value Property Buyers
C0515,Individual,Melissa,Patterson,1963-09-12,F,USA,California,Home,1,Yes,Website,C0515,4,1561824.93,390456.2325,1342.7925,5371.17,291.06402877416,4,0,62,1,Higher-Value Property Buyers
C0516,Individual,Lawrence,Nelson,1946-04-21,M,USA,Utah,Home,3,No,Website,C0516,4,1437837.49,359459.3725,1196.89,4787.56,307.8719376284213,3,1,79,1,Higher-Value Property Buyers
C0517,Individual,Harold,Thompson,1959-03-20,M,USA,California,Home,5,No,Client,C0517,4,1115807.0,278951.75,939.4875,3757.95,293.8346641485807,4,0,66,0,Lower-Value / Lower-Activity Buyers
C0518,Company,Lumina,Co,1962-05-22,F,USA,New York,Home,3,No,Website,C0518,4,1633111.65,408277.9125,1196.9725,4787.889999999999,331.1825451605455,4,0,63,1,Higher-Value Property Buyers
C0519,Individual,Madison,Freeman,1975-10-04,F,USA,Arizona,Investment,3,No,Agency,C0519,3,981719.26,327239.75333333336,1108.996666666667,3326.99,296.6203837905688,3,0,50,0,Lower-Value / Lower-Activity Buyers
C0520,Individual,Helen,White,1970-02-11,F,USA,Oregon,Home,3,Yes,Agency,C0520,3,1033523.16,344507.72000000003,1108.996666666667,3326.99,306.64664633721344,3,0,55,0,Lower-Value / Lower-Activity Buyers
C0521,Individual,Stephanie,Allen,1967-04-02,F,Canada,British Columbia,Home,3,No,Website,C0521,4,1074306.5,268576.625,872.6800000000001,3490.7200000000003,308.80590188229496,4,0,58,0,Lower-Value / Lower-Activity Buyers
C0522,Individual,Nicole,Campbell,1942-07-13,F,USA,Virginia,Home,5,No,Agency,C0522,3,993023.13,331007.71,1240.6066666666666,3721.82,270.6832271290653,2,1,83,0,Lower-Value / Lower-Activity Buyers
C0523,Individual,Cynthia,Hansen,1960-08-22,F,USA,Colorado,Home,2,No,Agency,C0523,3,928962.95,309654.31666666665,1058.6633333333332,3175.99,292.50010474679505,1,2,65,0,Lower-Value / Lower-Activity Buyers
C0524,Individual,Harold,Thompson,1953-05-24,M,USA,Washington,Home,3,No,Website,C0524,3,801104.6900000001,267034.89666666667,897.3100000000001,2691.9300000000003,293.96194183625585,3,0,72,0,Lower-Value / Lower-Activity Buyers
C0525,Individual,Frank,Gray,1950-06-12,M,USA,Arizona,Home,4,Yes,Agency,C0525,4,1629457.52,407364.38,1299.3275,5197.31,321.32541542910053,3,1,75,1,Higher-Value Property Buyers
C0526,Individual,Harold,Green,1968-02-28,M,Germany,Bavaria,Home,5,No,Website,C0526,3,1301139.77,433713.25666666665,1592.1233333333332,4776.37,270.5338800550604,2,1,57,1,Higher-Value Property Buyers
C0527,Individual,Andrew,Baker,1979-07-19,M,USA,California,Home,2,No,Website,C0527,3,1138099.7,379366.56666666665,1299.5366666666666,3898.61,292.3744277107866,3,0,46,1,Higher-Value Property Buyers
C0528,Individual,Benjamin,Davis,2000-08-09,M,USA,Washington,Investment,2,No,Client,C0528,3,1118472.87,372824.29,1206.2733333333333,3618.82,312.0408596032824,2,1,25,0,Lower-Value / Lower-Activity Buyers
C0529,Individual,Paul,Jordan,1973-11-14,M,USA,Nevada,Home,4,Yes,Website,C0529,4,1268138.95,317034.7375,1098.1675,4392.67,290.8803360961828,4,0,52,0,Lower-Value / Lower-Activity Buyers
C0530,Individual,Patricia,Reed,1952-09-07,F,USA,Utah,Home,2,Yes,Agency,C0530,4,1559124.69,389781.1725,1246.7075,4986.83,313.049937138993,4,0,73,1,Higher-Value Property Buyers
C0531,Individual,Emily,White,1976-09-19,F,USA,California,Home,1,No,Website,C0531,4,1911300.78,477825.195,1510.65,6042.6,320.4530942019581,4,0,49,1,Higher-Value Property Buyers
C0532,Individual,Lauren,Moore,1979-08-12,F,Belgium,Flanders,Home,2,No,Website,C0532,4,1075202.77,268800.6925,990.9875,3963.95,279.497424019468,3,1,46,0,Lower-Value / Lower-Activity Buyers
C0533,Individual,Jeffrey,Williams,1963-09-06,M,USA,Nevada,Investment,1,No,Agency,C0533,4,990028.19,247507.0475,787.46,3149.84,314.62162940324595,3,1,62,0,Lower-Value / Lower-Activity Buyers
C0534,Individual,Bryan,Miller,1958-02-21,M,USA,California,Investment,1,No,Agency,C0534,3,1133195.2,377731.7333333333,1371.6133333333337,4114.84,275.1749213071327,2,1,67,1,Higher-Value Property Buyers
C0535,Individual,Judith,Allen,1987-12-22,F,UK,Wales,Home,3,No,Agency,C0535,3,1299053.94,433017.98,1386.32,4158.96,313.1513370164768,3,0,38,1,Higher-Value Property Buyers
C0536,Individual,Brittany,Weaver,1956-03-14,F,USA,Arizona,Investment,5,Yes,Website,C0536,3,983106.84,327702.28,1104.51,3313.53,304.33941478707567,2,1,69,0,Lower-Value / Lower-Activity Buyers
C0537,Individual,Carl,Baker,1962-04-25,M,USA,Florida,Home,2,No,Client,C0537,4,1490327.5,372581.875,1239.145,4956.58,297.00241974438995,2,2,63,1,Higher-Value Property Buyers
C0538,Individual,Richard,Pierce,1969-04-23,M,USA,California,Home,1,Yes,Agency,C0538,4,1206897.7000000002,301724.42500000005,1103.3225,4413.29,290.2408775414216,3,1,56,0,Lower-Value / Lower-Activity Buyers
C0539,Individual,Lawrence,Bryant,1991-02-25,M,USA,California,Investment,1,Yes,Agency,C0539,4,1645321.2,411330.3,1338.9,5355.599999999999,308.015068779066,3,1,34,1,Higher-Value Property Buyers
C0540,Individual,Anna,Long,1997-02-27,F,USA,New York,Home,3,No,Agency,C0540,3,494173.31,164724.43666666668,577.2433333333333,1731.73,285.0803001564541,2,1,28,0,Lower-Value / Lower-Activity Buyers
C0541,Individual,Anthony,Garcia,2000-03-22,M,UK,Northern Ireland,Home,3,No,Agency,C0541,4,1721673.54,430418.385,1296.5625,5186.25,329.75781791142776,4,0,25,1,Higher-Value Property Buyers
C0542,Company,Lumina,Co,1985-09-26,M,Mexico,Mexico City,Home,3,No,Website,C0542,4,1195819.4,298954.85,1024.3375,4097.35,298.5169097152346,2,2,40,0,Lower-Value / Lower-Activity Buyers
C0543,Individual,Joan,Parker,1947-07-23,F,USA,Texas,Home,2,Yes,Website,C0543,3,753145.67,251048.55666666667,862.8699999999999,2588.61,288.0878179185861,2,1,78,0,Lower-Value / Lower-Activity Buyers
C0544,Individual,Kevin,White,1974-10-16,M,USA,Utah,Home,2,No,Website,C0544,4,1636756.28,409189.07,1326.2525,5305.01,310.1883739530156,4,0,51,1,Higher-Value Property Buyers
C0545,Individual,Paul,Griffin,1942-08-04,M,USA,Colorado,Home,1,Yes,Agency,C0545,3,1260126.39,420042.13,1452.263333333333,4356.79,287.6393396341448,3,0,83,1,Higher-Value Property Buyers
C0546,Individual,Samuel,Flores,1967-12-23,M,Canada,Manitoba,Home,4,No,Client,C0546,3,795528.06,265176.02,932.37,2797.11,283.44710389546293,3,0,58,0,Lower-Value / Lower-Activity Buyers
C0547,Individual,Diane,Allen,1947-09-20,F,USA,California,Investment,2,No,Agency,C0547,4,1178457.95,294614.4875,1028.3225,4113.29,286.6352879840458,4,0,78,0,Lower-Value / Lower-Activity Buyers
C0548,Individual,Christopher,Foster,1980-04-11,M,USA,California,Home,2,No,Agency,C0548,3,1047476.93,349158.9766666666,1186.4366666666667,3559.31,294.6156094896653,2,1,45,0,Lower-Value / Lower-Activity Buyers
C0549,Individual,Daniel,Sanders,1972-10-15,M,USA,Florida,Home,4,No,Website,C0549,3,941219.76,313739.92,1082.75,3248.25,297.0408657301116,3,0,53,0,Lower-Value / Lower-Activity Buyers
C0550,Company,Vertex,Co,1967-04-09,F,USA,Nevada,Home,1,No,Agency,C0550,4,1414568.09,353642.0225,1123.6174999999998,4494.469999999999,317.85659155456136,4,0,58,1,Higher-Value Property Buyers
C0551,Individual,Billy,Freeman,1960-05-17,M,USA,California,Investment,4,No,Website,C0551,3,1007397.56,335799.1866666667,1110.6233333333332,3331.87,294.83606034994125,3,0,65,0,Lower-Value / Lower-Activity Buyers
C0552,Individual,Kyle,Cook,1965-10-20,M,USA,Virginia,Investment,3,No,Agency,C0552,3,1141476.56,380492.1866666667,1196.1733333333334,3588.52,310.43987686480256,2,1,60,0,Lower-Value / Lower-Activity Buyers
C0553,Individual,James,Bell,1978-11-26,M,USA,Arizona,Home,3,No,Website,C0553,3,821534.9400000001,273844.98000000004,897.3100000000001,2691.9300000000003,307.107163969516,2,1,47,0,Lower-Value / Lower-Activity Buyers
C0554,Individual,Carl,Moore,1948-12-24,M,Australia,Victoria,Home,1,Yes,Agency,C0554,4,1643592.85,410898.2125,1295.265,5181.06,320.54266465748947,3,1,77,1,Higher-Value Property Buyers
C0555,Individual,Aaron,Nelson,1971-04-23,M,USA,California,Investment,4,Yes,Agency,C0555,3,1064533.27,354844.42333333334,1162.6166666666666,3487.85,299.5251132309169,2,1,54,0,Lower-Value / Lower-Activity Buyers
C0556,Individual,Zachary,Sanders,1958-10-17,M,USA,Colorado,Home,5,No,Website,C0556,3,1335478.18,445159.3933333333,1526.9566666666667,4580.87,292.3126707049851,2,1,67,1,Higher-Value Property Buyers
C0557,Individual,Judy,Griffin,1941-09-25,F,USA,Utah,Investment,2,No,Website,C0557,3,733161.98,244387.32666666663,791.0400000000001,2373.1200000000003,305.02132507076266,3,0,84,0,Lower-Value / Lower-Activity Buyers
C0558,Individual,Cheryl,Wood,1974-10-23,F,Denmark,North Denmark,Home,3,No,Website,C0558,3,1033995.96,344665.32,1092.54,3277.62,312.3815995188432,3,0,51,0,Lower-Value / Lower-Activity Buyers
C0559,Company,Corvus,Co,1969-08-18,M,USA,California,Home,5,No,Client,C0559,4,1004028.87,251007.2175,786.87,3147.48,319.1707874259946,3,1,56,0,Lower-Value / Lower-Activity Buyers
C0560,Individual,Janice,Nelson,1988-04-20,F,Australia,South Australia,Home,3,No,Website,C0560,3,1433718.12,477906.04,1500.72,4502.16,318.8916153774909,2,1,37,1,Higher-Value Property Buyers
C0561,Company,Bravada,Co,1962-11-20,F,USA,Arizona,Investment,3,No,Website,C0561,4,1589252.43,397313.1075,1298.145,5192.58,305.046128755979,4,0,63,1,Higher-Value Property Buyers
C0562,Individual,Judy,Peterson,1940-11-23,F,USA,Utah,Investment,5,Yes,Website,C0562,4,1423675.7200000002,355918.93000000005,1154.105,4616.42,305.0337149239334,4,0,85,1,Higher-Value Property Buyers
C0563,Individual,William,Howard,1991-01-22,M,USA,California,Home,2,Yes,Agency,C0563,4,1012807.93,253201.9825,842.75,3371.0,300.6421876454113,3,1,34,0,Lower-Value / Lower-Activity Buyers
C0564,Individual,Scott,Adams,1952-09-02,M,USA,Texas,Home,1,No,Agency,C0564,3,1135017.6,378339.2,1250.3066666666666,3750.92,300.2118289907222,3,0,73,1,Higher-Value Property Buyers
C0565,Individual,Austin,Wood,1985-09-26,M,France,Brittany,Home,1,No,Website,C0565,3,1043494.32,347831.44,1167.2766666666666,3501.83,302.33892785778363,3,0,40,0,Lower-Value / Lower-Activity Buyers
C0566,Individual,Janice,Miller,2000-12-09,F,USA,Oregon,Investment,4,Yes,Agency,C0566,4,1167701.9,291925.475,965.295,3861.18,300.56301659016333,4,0,25,0,Lower-Value / Lower-Activity Buyers
C0567,Individual,Megan,Chavez,1953-10-07,F,Russia,Saint Petersburg,Investment,2,Yes,Agency,C0567,4,1869286.1,467321.525,1546.3875,6185.55,301.7793814787401,3,1,72,1,Higher-Value Property Buyers
C0568,Individual,Timothy,Wright,1953-09-04,M,USA,California,Home,3,No,Website,C0568,3,944335.88,314778.62666666665,1015.94,3047.82,312.8200089239528,1,2,72,0,Lower-Value / Lower-Activity Buyers
C0569,Individual,Mary,Cook,1971-12-05,F,USA,California,Home,5,Yes,Client,C0569,3,1384749.3,461583.1,1460.493333333333,4381.48,316.8524348086141,3,0,54,1,Higher-Value Property Buyers
C0570,Individual,Hannah,Peterson,1965-06-03,F,France,Occitanie,Home,5,Yes,Website,C0570,4,1527210.47,381802.6175,1310.8225,5243.29,292.0249309161084,4,0,60,1,Higher-Value Property Buyers
C0571,Individual,Adam,Chavez,1966-07-03,M,USA,California,Home,3,No,Website,C0571,4,1549969.49,387492.3725,1458.93,5835.72,274.8050126391672,3,1,59,1,Higher-Value Property Buyers
C0572,Individual,Ann,Johnson,1993-11-12,F,USA,California,Investment,5,No,Website,C0572,4,1519677.44,379919.36,1228.8325,4915.33,320.72684656087205,4,0,32,1,Higher-Value Property Buyers
C0573,Company,Altira,Co,1977-04-24,M,USA,Georgia,Home,4,Yes,Agency,C0573,3,785842.76,261947.58666666667,849.7466666666668,2549.24,299.36766765108706,3,0,48,0,Lower-Value / Lower-Activity Buyers
C0574,Individual,Gerald,Cox,1968-09-15,M,USA,California,Home,2,No,Agency,C0574,4,1261906.32,315476.58,1052.2475,4208.99,295.34382931043945,3,1,57,0,Lower-Value / Lower-Activity Buyers
C0575,Individual,Brian,Hansen,1966-01-21,M,USA,California,Investment,2,No,Website,C0575,3,1018391.27,339463.75666666665,1107.81,3323.43,297.8604596152001,2,1,59,0,Lower-Value / Lower-Activity Buyers
C0576,Individual,Terry,Reyes,1959-02-24,M,Germany,Hamburg,Home,1,No,Client,C0576,3,1047406.79,349135.5966666667,1082.8966666666668,3248.69,317.8840006267897,3,0,66,0,Lower-Value / Lower-Activity Buyers
C0577,Individual,Christopher,Miller,1989-05-18,M,USA,Arizona,Home,3,No,Website,C0577,3,693899.0099999999,231299.66999999995,879.3433333333332,2638.03,263.11305285965733,3,0,36,0,Lower-Value / Lower-Activity Buyers
C0578,Individual,Lauren,Rogers,1999-07-22,F,USA,Arizona,Home,5,Yes,Client,C0578,3,707276.53,235758.8433333333,899.7566666666667,2699.27,262.77498376490684,3,0,26,0,Lower-Value / Lower-Activity Buyers
C0579,Individual,Christopher,Ward,1941-09-04,M,USA,Texas,Investment,3,No,Website,C0579,3,1198428.64,399476.2133333334,1299.5366666666666,3898.61,300.04968830840284,3,0,84,1,Higher-Value Property Buyers
C0580,Individual,Heather,Watson,1948-11-01,F,USA,California,Home,2,Yes,Client,C0580,4,2158954.7800000003,539738.6950000001,1726.0575,6904.23,312.6844207862844,4,0,77,1,Higher-Value Property Buyers
C0581,Individual,Kimberly,Stewart,1957-12-21,F,USA,California,Investment,5,Yes,Website,C0581,4,1029755.56,257438.89,801.065,3204.26,318.8186499683478,3,1,68,0,Lower-Value / Lower-Activity Buyers
C0582,Individual,Teresa,Pierce,1940-02-10,F,USA,Washington,Investment,3,Yes,Website,C0582,3,708559.1499999999,236186.3833333333,791.0400000000001,2373.1200000000003,293.6243581297054,2,1,85,0,Lower-Value / Lower-Activity Buyers
C0583,Individual,Kevin,Scott,1986-10-27,M,USA,California,Home,2,No,Agency,C0583,4,1237228.18,309307.045,996.7025,3986.81,310.8438240992058,4,0,39,0,Lower-Value / Lower-Activity Buyers
C0584,Individual,Janice,Taylor,1982-11-03,F,USA,California,Home,5,No,Website,C0584,3,1135691.62,378563.87333333335,1350.9733333333334,4052.92,282.8320435714983,3,0,43,1,Higher-Value Property Buyers
C0585,Individual,Anthony,Edwards,1961-02-07,M,USA,Colorado,Home,3,No,Agency,C0585,4,1003690.18,250922.545,886.4275,3545.71,282.62534764037093,3,1,64,0,Lower-Value / Lower-Activity Buyers
C0586,Individual,Noah,Morales,1977-06-14,M,USA,California,Home,2,Yes,Client,C0586,3,1226524.31,408841.4366666667,1286.4266666666667,3859.28,315.0602641455691,3,0,48,1,Higher-Value Property Buyers
C0587,Individual,Pamela,Richardson,1992-11-24,F,USA,New York,Home,4,No,Website,C0587,4,1093439.84,273359.96,911.785,3647.14,302.6221480306888,4,0,33,0,Lower-Value / Lower-Activity Buyers
C0588,Individual,Janice,White,1989-11-20,F,USA,Florida,Home,2,No,Website,C0588,4,1495976.14,373994.035,1271.345,5085.38,298.6021241850181,4,0,36,1,Higher-Value Property Buyers
C0589,Individual,Christopher,Williams,1946-09-21,M,USA,Texas,Investment,5,No,Client,C0589,4,1982246.22,495561.555,1699.3675,6797.47,290.5719251132292,3,1,79,1,Higher-Value Property Buyers
C0590,Individual,Arthur,Campbell,1966-09-16,M,UK,Scotland,Investment,2,No,Website,C0590,4,1105388.89,276347.22250000003,935.765,3743.06,298.5010955563988,4,0,59,0,Lower-Value / Lower-Activity Buyers
C0591,Individual,Dorothy,Long,1968-09-03,F,USA,Nevada,Home,1,No,Website,C0591,3,1336217.65,445405.8833333333,1460.493333333333,4381.48,305.7142070666491,3,0,57,1,Higher-Value Property Buyers
C0592,Individual,Roger,Moore,1972-03-06,M,USA,Arizona,Investment,2,No,Client,C0592,3,787516.58,262505.5266666667,851.4266666666667,2554.28,304.6017791521842,3,0,53,0,Lower-Value / Lower-Activity Buyers
C0593,Individual,Elizabeth,Carter,1952-08-08,F,USA,California,Home,2,Yes,Agency,C0593,4,2012063.38,503015.845,1575.1075,6300.43,319.55794554992394,4,0,73,1,Higher-Value Property Buyers
C0594,Individual,Diane,Patterson,1942-08-02,F,USA,Utah,Home,1,No,Agency,C0594,3,1137572.87,379190.9566666667,1221.6766666666665,3665.03,317.4840213600542,3,0,83,0,Lower-Value / Lower-Activity Buyers
C0595,Individual,Anna,Murray,1966-10-06,F,USA,Utah,Home,3,No,Agency,C0595,3,914304.97,304768.3233333333,934.4333333333334,2803.3,321.59200023053324,2,1,59,0,Lower-Value / Lower-Activity Buyers
C0596,Individual,Gerald,Phillips,1976-04-17,M,USA,Nevada,Home,4,No,Agency,C0596,4,1094771.49,273692.8725,1023.9675,4095.87,268.71346436583286,3,1,49,0,Lower-Value / Lower-Activity Buyers
C0597,Individual,Peter,King,1986-02-17,M,UK,Northern Ireland,Home,2,Yes,Website,C0597,3,976844.17,325614.7233333333,1033.62,3100.86,316.36629492109006,3,0,39,0,Lower-Value / Lower-Activity Buyers
C0598,Individual,Jacob,Gray,1949-06-24,M,USA,Colorado,Investment,4,No,Website,C0598,4,1398930.7000000002,349732.67500000005,1135.53,4542.12,307.99946387611016,4,0,76,1,Higher-Value Property Buyers
C0599,Individual,Jennifer,Turner,1998-03-19,F,Canada,Alberta,Home,2,No,Agency,C0599,3,1162815.78,387605.26,1354.0866666666668,4062.26,280.8622967539782,3,0,27,1,Higher-Value Property Buyers
C0600,Individual,Thomas,King,1984-03-17,M,USA,Oregon,Investment,1,No,Client,C0600,3,917709.61,305903.2033333333,1042.71,3128.13,299.5586767720553,3,0,41,0,Lower-Value / Lower-Activity Buyers
C0601,Individual,Lisa,Nelson,1972-10-16,F,USA,California,Home,4,No,Website,C0601,4,1700411.72,425102.93,1307.3,5229.2,324.4429542692236,4,0,53,1,Higher-Value Property Buyers
C0602,Individual,Albert,Hayes,1984-03-24,M,Germany,Bavaria,Home,4,No,Agency,C0602,4,905508.82,226377.205,748.33,2993.32,298.6892851449089,3,1,41,0,Lower-Value / Lower-Activity Buyers
C0603,Individual,Diane,Thompson,1994-01-07,F,USA,New York,Home,4,Yes,Agency,C0603,4,1218095.3,304523.825,1027.81,4111.24,296.2417955774921,4,0,31,0,Lower-Value / Lower-Activity Buyers
C0604,Individual,Danielle,Montgomery,1998-09-17,F,Belgium,Wallonia,Home,1,No,Agency,C0604,3,791133.03,263711.01,919.0466666666666,2757.14,288.5124058632202,2,1,27,0,Lower-Value / Lower-Activity Buyers
C0605,Individual,Nathan,Flores,1974-06-28,M,USA,Utah,Home,4,Yes,Agency,C0605,4,1407314.33,351828.5825,1267.07,5068.28,285.7231522180315,3,1,51,1,Higher-Value Property Buyers
C0606,Individual,Carolyn,Stone,1949-12-25,F,France,Ile-de-France,Investment,1,No,Website,C0606,3,1070969.53,356989.8433333333,1146.263333333333,3438.79,313.61713376150334,3,0,76,0,Lower-Value / Lower-Activity Buyers
C0607,Individual,Daniel,Edwards,1962-09-14,M,USA,California,Home,1,No,Agency,C0607,3,1125230.12,375076.7066666666,1371.6133333333337,4114.84,274.0389663617243,3,0,63,1,Higher-Value Property Buyers
C0608,Individual,Jerry,Adams,1956-06-14,M,USA,California,Home,4,No,Agency,C0608,4,1201411.56,300352.89,1018.5225,4074.09,295.4937894654722,3,1,69,0,Lower-Value / Lower-Activity Buyers
C0609,Individual,Julia,Richardson,1961-05-22,F,USA,Washington,Home,4,No,Agency,C0609,4,1307567.64,326891.91,1255.1325000000002,5020.530000000001,264.1895296634044,4,0,64,1,Higher-Value Property Buyers
C0610,Individual,Ann,Owens,1970-05-10,F,USA,California,Investment,4,No,Website,C0610,3,1178597.68,392865.8933333333,1339.73,4019.19,295.9214079433128,3,0,55,1,Higher-Value Property Buyers
C0611,Individual,Jacob,Price,1950-12-06,M,USA,California,Home,4,No,Agency,C0611,4,1142671.94,285667.985,997.415,3989.66,279.33976691581074,4,0,75,0,Lower-Value / Lower-Activity Buyers
C0612,Individual,Kevin,Wood,1960-01-26,M,USA,Florida,Home,4,No,Agency,C0612,4,1671846.3,417961.575,1389.15,5556.6,300.02147789360413,4,0,65,1,Higher-Value Property Buyers
C0613,Individual,Cynthia,Cox,1995-10-02,F,Australia,Victoria,Home,4,No,Agency,C0613,3,1186019.52,395339.84,1366.5633333333335,4099.6900000000005,295.46634451021083,3,0,30,1,Higher-Value Property Buyers
C0614,Individual,George,Bryant,1972-01-07,M,UK,Wales,Home,3,Yes,Website,C0614,4,1025958.38,256489.595,858.9825,3435.93,300.8272508329308,3,1,53,0,Lower-Value / Lower-Activity Buyers
C0615,Individual,Jordan,King,1957-01-12,M,USA,Utah,Home,2,Yes,Website,C0615,4,919002.01,229750.5025,748.33,2993.32,307.12716692512765,4,0,68,0,Lower-Value / Lower-Activity Buyers
C0616,Individual,Julie,Brooks,1963-04-17,F,USA,Virginia,Investment,1,Yes,Agency,C0616,3,1013364.3,337788.10000000003,1074.6233333333332,3223.87,309.8821293324002,2,1,62,0,Lower-Value / Lower-Activity Buyers
C0617,Individual,Carolyn,Evans,1986-10-07,F,USA,Ohio,Home,5,Yes,Website,C0617,3,766861.21,255620.4033333333,849.6366666666667,2548.91,295.92339334372826,3,0,39,0,Lower-Value / Lower-Activity Buyers
C0618,Individual,Austin,Taylor,1968-05-11,M,USA,Texas,Home,3,No,Agency,C0618,3,982803.0,327601.0,1113.29,3339.87,291.3172831425711,2,1,57,0,Lower-Value / Lower-Activity Buyers
C0619,Individual,Heather,Morales,1970-04-25,F,USA,Washington,Home,4,No,Website,C0619,3,1411977.41,470659.13666666666,1471.9,4415.7,318.27085849486457,1,2,55,1,Higher-Value Property Buyers
C0620,Individual,Sarah,Howard,1960-04-22,F,France,Brittany,Home,3,No,Website,C0620,3,1532429.29,510809.76333333337,1504.28,4512.84,338.3096253727112,2,1,65,1,Higher-Value Property Buyers
C0621,Individual,Jonathan,Turner,1982-02-13,M,Germany,Bavaria,Investment,3,Yes,Agency,C0621,3,791609.11,263869.7033333333,869.7866666666667,2609.36,305.3268357815998,3,0,43,0,Lower-Value / Lower-Activity Buyers
C0622,Individual,Katherine,Ward,1987-10-09,F,USA,Washington,Investment,2,No,Client,C0622,3,869334.73,289778.24333333335,980.87,2942.61,291.58061033183304,3,0,38,0,Lower-Value / Lower-Activity Buyers
C0623,Individual,Jonathan,Adams,1986-04-27,M,USA,Florida,Investment,3,Yes,Client,C0623,4,1410333.45,352583.3625,1146.02,4584.08,317.2382716730889,3,1,39,1,Higher-Value Property Buyers
C0624,Individual,Carl,Jordan,2000-09-02,M,USA,Nevada,Investment,3,No,Agency,C0624,3,1215611.54,405203.8466666667,1413.8666666666668,4241.6,287.28624779022016,3,0,25,1,Higher-Value Property Buyers
C0625,Individual,Deborah,Hayes,1983-07-08,F,Belgium,Flanders,Investment,2,Yes,Agency,C0625,4,1000166.88,250041.72,851.0225,3404.09,292.8195869575726,3,1,42,0,Lower-Value / Lower-Activity Buyers
C0626,Individual,Sara,Jones,1968-06-13,F,Germany,Hamburg,Investment,2,No,Website,C0626,3,1061694.13,353898.0433333334,1244.5566666666666,3733.67,285.1940313192774,3,0,57,0,Lower-Value / Lower-Activity Buyers
C0627,Individual,Katherine,Johnson,2000-11-07,F,USA,Arizona,Home,3,No,Agency,C0627,4,1870806.42,467701.605,1726.0575,6904.23,270.75016633382285,2,2,25,1,Higher-Value Property Buyers
C0628,Individual,Arthur,Campbell,1985-05-16,M,Canada,British Columbia,Home,3,Yes,Agency,C0628,4,1623109.63,405777.4075,1250.39,5001.56,321.3825798074768,3,1,40,1,Higher-Value Property Buyers
C0629,Individual,Maria,Richardson,1946-07-09,F,USA,California,Investment,2,No,Agency,C0629,3,961721.77,320573.92333333334,1129.1766666666665,3387.53,288.9653200365696,3,0,79,0,Lower-Value / Lower-Activity Buyers
C0630,Individual,Stephen,Roberts,1965-07-28,M,USA,California,Home,2,No,Website,C0630,4,1308077.61,327019.4025,1075.505,4302.02,299.3394123212475,3,1,60,0,Lower-Value / Lower-Activity Buyers
C0631,Individual,Dorothy,Flores,1966-12-11,F,USA,California,Home,5,No,Website,C0631,4,1534891.22,383722.805,1227.645,4910.58,322.72671846477,3,1,59,1,Higher-Value Property Buyers
C0632,Individual,Thomas,Nelson,1948-05-16,M,UK,Northern Ireland,Home,4,No,Website,C0632,4,1146845.98,286711.495,947.7475,3790.99,297.7150223108018,4,0,77,0,Lower-Value / Lower-Activity Buyers
C0633,Individual,Ann,Owens,1941-05-12,F,USA,Nevada,Home,3,No,Agency,C0633,4,1207516.26,301879.065,928.745,3714.98,326.25710067918743,4,0,84,0,Lower-Value / Lower-Activity Buyers
C0634,Individual,Justin,Ward,1980-11-17,M,USA,Washington,Investment,4,Yes,Website,C0634,3,1181693.63,393897.87666666665,1393.1066666666666,4179.32,281.64223622416745,2,1,45,1,Higher-Value Property Buyers
C0635,Individual,Kimberly,King,1960-06-14,F,UK,Scotland,Investment,5,No,Website,C0635,3,1375700.03,458566.6766666667,1460.493333333333,4381.48,313.2355479652279,1,2,65,1,Higher-Value Property Buyers
C0636,Individual,Kathleen,Rogers,1980-11-10,F,France,Brittany,Home,5,No,Website,C0636,4,981810.08,245452.52,827.3575000000001,3309.4300000000003,299.06553892659133,4,0,45,0,Lower-Value / Lower-Activity Buyers
C0637,Individual,Catherine,Stone,1967-08-14,F,USA,California,Home,2,No,Website,C0637,4,1602478.07,400619.5175,1296.5625,5186.25,309.58837207302247,4,0,58,1,Higher-Value Property Buyers
C0638,Individual,Jason,King,1975-02-04,M,USA,Ohio,Home,5,Yes,Website,C0638,4,1347045.42,336761.355,1204.4975,4817.99,287.15174224417376,3,1,50,1,Higher-Value Property Buyers
C0639,Individual,Mark,Campbell,1961-03-03,M,UK,Scotland,Home,3,Yes,Website,C0639,3,861670.72,287223.5733333333,1008.13,3024.3900000000003,290.6802798000895,3,0,64,0,Lower-Value / Lower-Activity Buyers
C0640,Individual,Emily,Thompson,1967-03-01,F,USA,Utah,Home,3,No,Agency,C0640,3,772950.1699999999,257650.05666666664,915.6366666666668,2746.91,282.3080842959894,3,0,58,0,Lower-Value / Lower-Activity Buyers
C0641,Company,Zynex,Co,1994-02-26,M,USA,Arizona,Home,2,No,Agency,C0641,3,1217213.26,405737.75333333336,1240.6066666666666,3721.82,328.4254236516344,3,0,31,1,Higher-Value Property Buyers
C0642,Individual,Julia,Reyes,1967-11-21,F,USA,California,Home,4,No,Website,C0642,3,1027140.61,342380.2033333333,1161.5433333333333,3484.63,297.80058191299514,3,0,58,0,Lower-Value / Lower-Activity Buyers
C0643,Individual,Samantha,Richardson,1974-05-05,F,USA,California,Home,5,No,Website,C0643,3,928645.01,309548.33666666667,1016.5033333333334,3049.51,315.9044427822436,3,0,51,0,Lower-Value / Lower-Activity Buyers
C0644,Individual,Teresa,Johnson,1956-08-25,F,USA,California,Home,4,Yes,Agency,C0644,3,1549624.23,516541.41,1630.1366666666663,4890.41,315.51472286719064,2,1,69,1,Higher-Value Property Buyers
C0645,Individual,Arthur,Cox,1988-07-18,M,USA,Nevada,Home,2,No,Client,C0645,3,731453.53,243817.8433333333,862.11,2586.33,282.906576050256,3,0,37,0,Lower-Value / Lower-Activity Buyers
C0646,Individual,Cynthia,Campbell,1995-07-21,F,USA,Arizona,Investment,5,No,Agency,C0646,3,1325311.83,441770.61,1464.0166666666669,4392.05,302.48359642072694,3,0,30,1,Higher-Value Property Buyers
C0647,Individual,Victoria,Green,1946-02-06,F,USA,California,Home,4,No,Agency,C0647,4,2115520.42,528880.105,1676.3825,6705.53,314.2885727793599,3,1,79,1,Higher-Value Property Buyers
C0648,Individual,Stephanie,Reed,1999-03-02,F,USA,California,Home,1,Yes,Website,C0648,4,1142985.38,285746.345,984.6475,3938.59,288.2363886872438,4,0,26,0,Lower-Value / Lower-Activity Buyers
C0649,Individual,Patricia,Mitchell,1995-03-01,F,USA,California,Home,4,No,Agency,C0649,4,1401448.51,350362.1275,1136.6925,4546.77,318.85950533977984,0,4,30,1,Higher-Value Property Buyers
C0650,Company,Polaris,Co,1976-02-19,M,France,Occitanie,Home,3,Yes,Client,C0650,3,799742.26,266580.75333333336,932.37,2797.11,288.066031861014,3,0,49,0,Lower-Value / Lower-Activity Buyers
C0651,Company,Horizon,Co,1993-01-14,M,USA,Washington,Home,1,No,Agency,C0651,4,1077094.73,269273.6825,948.7575,3795.03,291.0687670513722,4,0,32,0,Lower-Value / Lower-Activity Buyers
C0652,Individual,Heather,Johnson,1993-12-08,F,USA,Washington,Home,2,No,Website,C0652,3,904157.22,301385.74,985.5433333333334,2956.63,311.8558727516952,3,0,32,0,Lower-Value / Lower-Activity Buyers
C0653,Individual,Gerald,Adams,1970-07-22,M,USA,Ohio,Home,2,No,Client,C0653,4,1215543.15,303885.7875,1053.27,4213.08,294.7851332735887,3,1,55,0,Lower-Value / Lower-Activity Buyers
C0654,Individual,Eric,Griffin,1960-05-07,M,USA,New York,Home,2,Yes,Website,C0654,3,865293.89,288431.2966666667,1015.94,3047.82,291.6213068687354,2,1,65,0,Lower-Value / Lower-Activity Buyers
C0655,Individual,Patricia,King,1950-05-19,F,USA,Nevada,Home,1,Yes,Agency,C0655,3,1071763.22,357254.4066666667,1138.4233333333334,3415.27,320.80174643789627,3,0,75,0,Lower-Value / Lower-Activity Buyers
C0656,Individual,Amber,Allen,1977-02-08,F,USA,Colorado,Home,5,No,Client,C0656,4,1288383.38,322095.845,1190.4075,4761.63,272.5672092090604,3,1,48,1,Higher-Value Property Buyers
C0657,Individual,Alexander,Allen,1956-09-26,M,USA,California,Home,2,No,Agency,C0657,3,1258111.3199999998,419370.44,1338.1466666666668,4014.44,306.7882620263122,3,0,69,1,Higher-Value Property Buyers
C0658,Individual,Kelly,Green,1999-12-13,F,USA,Virginia,Home,3,Yes,Agency,C0658,3,1122021.28,374007.0933333333,1271.67,3815.01,301.4756979175042,2,1,26,1,Higher-Value Property Buyers
C0659,Individual,Sara,Foster,1988-10-06,F,USA,California,Home,4,Yes,Agency,C0659,4,1000550.86,250137.715,832.615,3330.46,305.31942802807214,3,1,37,0,Lower-Value / Lower-Activity Buyers
C0660,Individual,Charles,Kim,1991-08-10,M,USA,Arizona,Home,4,Yes,Client,C0660,3,1148308.35,382769.45,1337.0533333333333,4011.16,286.4432933590263,3,0,34,1,Higher-Value Property Buyers
C0661,Individual,Deborah,Williams,1961-06-25,F,Canada,Manitoba,Home,3,No,Website,C0661,4,1627713.0499999998,406928.2625,1299.3275,5197.31,310.47679115794534,4,0,64,1,Higher-Value Property Buyers
C0662,Individual,Stephanie,Kim,1957-08-25,F,USA,California,Investment,3,No,Website,C0662,4,1520239.97,380059.9925,1175.235,4700.94,323.65670495877663,4,0,68,1,Higher-Value Property Buyers
C0663,Individual,Anthony,Flores,1958-02-02,M,USA,California,Home,2,Yes,Agency,C0663,4,1544313.34,386078.335,1234.8075,4939.23,307.7467826563532,4,0,67,1,Higher-Value Property Buyers
C0664,Individual,Lawrence,Wood,1958-08-17,M,Canada,Alberta,Investment,5,Yes,Website,C0664,4,1063024.57,265756.1425,897.47,3589.88,297.5607529136849,3,1,67,0,Lower-Value / Lower-Activity Buyers
C0665,Individual,Robert,Adams,1959-08-27,M,USA,Colorado,Investment,1,No,Agency,C0665,3,704886.02,234962.00666666668,765.68,2297.04,307.8983581638773,3,0,66,0,Lower-Value / Lower-Activity Buyers
C0666,Individual,Maria,Davis,1948-10-09,F,USA,California,Investment,1,No,Website,C0666,4,1532074.27,383018.5675,1271.345,5085.38,306.4454018186857,2,2,77,1,Higher-Value Property Buyers
C0667,Individual,Anthony,Mitchell,1966-07-07,M,USA,Arizona,Investment,2,No,Agency,C0667,4,1486560.06,371640.015,1295.265,5181.06,292.5604496662045,4,0,59,1,Higher-Value Property Buyers
C0668,Individual,Margaret,Peterson,1978-11-15,F,France,Ile-de-France,Investment,4,Yes,Website,C0668,4,987175.01,246793.7525,824.2025,3296.81,302.2540028172113,4,0,47,0,Lower-Value / Lower-Activity Buyers
C0669,Individual,Cheryl,Bell,1958-03-18,F,Canada,British Columbia,Home,3,No,Agency,C0669,3,1366533.49,455511.1633333333,1599.3433333333332,4798.03,285.82087164617263,2,1,67,1,Higher-Value Property Buyers
C0670,Company,Altira,Co,1976-06-18,M,USA,Nevada,Investment,4,No,Website,C0670,3,1631973.5499999998,543991.1833333332,1800.45,5401.35,302.0008828167261,3,0,49,1,Higher-Value Property Buyers
C0671,Individual,Jerry,Pierce,1941-12-09,M,USA,Colorado,Home,4,Yes,Client,C0671,3,759678.12,253226.04,849.6366666666667,2548.91,304.75267792694325,3,0,84,0,Lower-Value / Lower-Activity Buyers
C0672,Individual,Amber,Williams,1967-03-10,F,USA,California,Home,2,No,Website,C0672,3,1301968.05,433989.35,1452.263333333333,4356.79,299.95897142075273,2,1,58,1,Higher-Value Property Buyers
C0673,Individual,Janice,Hayes,1965-10-19,F,USA,California,Home,4,No,Website,C0673,3,870503.9000000001,290167.96666666673,1012.96,3038.88,288.30634444005767,3,0,60,0,Lower-Value / Lower-Activity Buyers
C0674,Individual,Judy,Turner,1986-05-26,F,USA,California,Investment,4,No,Website,C0674,4,1733438.52,433359.63,1365.9450000000002,5463.780000000001,316.8275338092095,4,0,39,1,Higher-Value Property Buyers
C0675,Individual,Andrea,Wright,1969-12-23,F,USA,Texas,Home,5,No,Website,C0675,3,1117159.17,372386.39,1113.29,3339.87,342.7720336053362,2,1,56,0,Lower-Value / Lower-Activity Buyers
C0676,Individual,Lisa,Davis,1942-06-12,F,USA,Nevada,Home,2,No,Agency,C0676,3,1022396.03,340798.6766666667,989.0566666666668,2967.17,330.1513810807912,2,1,83,0,Lower-Value / Lower-Activity Buyers
C0677,Individual,Jerry,Miller,1981-09-02,M,USA,Arizona,Investment,2,No,Agency,C0677,4,1217015.11,304253.7775,1024.3375,4097.35,300.00249931528646,3,1,44,0,Lower-Value / Lower-Activity Buyers
C0678,Individual,Joseph,Watson,1972-10-19,M,USA,California,Home,4,Yes,Website,C0678,3,904050.87,301350.29,897.3100000000001,2691.9300000000003,331.3072323326288,1,2,53,0,Lower-Value / Lower-Activity Buyers
C0679,Individual,Lisa,Patterson,1964-12-02,F,USA,Nevada,Home,1,No,Agency,C0679,4,1945371.68,486342.92,1726.0575,6904.23,283.6692192666235,3,1,61,1,Higher-Value Property Buyers
C0680,Individual,Andrew,Griffin,1965-04-16,M,USA,Utah,Investment,2,No,Agency,C0680,4,1533727.71,383431.9275,1333.2775,5333.11,292.95481586924626,4,0,60,1,Higher-Value Property Buyers
C0681,Company,Helios,Co,1977-04-25,F,USA,California,Home,3,No,Agency,C0681,4,736696.97,184174.2425,658.8625,2635.45,274.9177092938877,4,0,48,0,Lower-Value / Lower-Activity Buyers
C0682,Individual,Donald,Bennett,1973-06-12,M,USA,California,Home,5,No,Website,C0682,4,1436006.22,359001.555,1214.5625,4858.25,297.37073543990766,4,0,52,1,Higher-Value Property Buyers
C0683,Individual,Patrick,Jordan,1948-08-20,M,USA,Colorado,Home,2,Yes,Agency,C0683,3,1216565.53,405521.8433333333,1463.22,4389.66,277.04186140861026,3,0,77,1,Higher-Value Property Buyers
C0684,Individual,Donald,Miller,1985-10-05,M,USA,California,Home,1,No,Agency,C0684,4,1402625.45,350656.3625,1120.62,4482.48,303.8373174363276,3,1,40,1,Higher-Value Property Buyers
C0685,Individual,Sharon,Hansen,1987-04-18,F,USA,Washington,Home,5,No,Agency,C0685,3,1129835.06,376611.6866666667,1228.503333333333,3685.51,289.31464355745044,2,1,38,0,Lower-Value / Lower-Activity Buyers
C0686,Individual,Michael,Howard,1963-11-17,M,USA,California,Home,1,Yes,Website,C0686,3,1250166.33,416722.11,1369.7300000000002,4109.1900000000005,303.1945308245193,3,0,62,1,Higher-Value Property Buyers
C0687,Individual,Susan,Long,1959-01-03,F,USA,Utah,Home,3,Yes,Website,C0687,4,1532604.0,383151.0,1210.7375000000002,4842.950000000001,301.80354172653267,3,1,66,1,Higher-Value Property Buyers
C0688,Individual,Kathleen,Howard,1968-12-04,F,USA,Colorado,Investment,5,Yes,Website,C0688,4,1093762.42,273440.605,868.5725,3474.29,306.5183230055185,3,1,57,0,Lower-Value / Lower-Activity Buyers
C0689,Individual,Ann,Williams,1998-04-17,F,USA,California,Home,4,No,Website,C0689,3,1051259.37,350419.79000000004,1186.05,3558.15,294.6877753003221,2,1,27,0,Lower-Value / Lower-Activity Buyers
C0690,Individual,Janet,Stewart,1985-09-09,F,USA,Oregon,Home,4,Yes,Agency,C0690,4,1402023.24,350505.81,1150.3275,4601.31,300.5961844038745,3,1,40,1,Higher-Value Property Buyers
C0691,Individual,Kenneth,Bell,1943-07-22,M,USA,California,Investment,4,No,Agency,C0691,4,948552.89,237138.2225,816.16,3264.64,290.56720726693106,4,0,82,0,Lower-Value / Lower-Activity Buyers
C0692,Individual,Adam,Roberts,1964-03-14,M,USA,Georgia,Investment,3,No,Agency,C0692,4,1206585.87,301646.4675,1011.5875,4046.35,299.5495073947391,4,0,61,0,Lower-Value / Lower-Activity Buyers
C0693,Individual,Jesse,Chavez,1957-04-28,M,USA,California,Investment,5,Yes,Agency,C0693,4,1831502.92,457875.73,1498.6825,5994.73,302.8076865038587,3,1,68,1,Higher-Value Property Buyers
C0694,Company,Sterling,Co,1989-07-13,M,UK,Scotland,Investment,2,No,Website,C0694,4,1287767.07,321941.7675,1063.04,4252.16,303.055509354016,3,1,36,0,Lower-Value / Lower-Activity Buyers
C0695,Individual,Timothy,Rogers,1947-03-24,M,USA,Washington,Home,4,No,Website,C0695,3,870451.65,290150.55,934.8733333333332,2804.62,323.0922596930234,2,1,78,0,Lower-Value / Lower-Activity Buyers
C0696,Individual,Carol,Green,1994-03-06,F,USA,Washington,Investment,5,Yes,Agency,C0696,4,1417025.49,354256.3725,1246.6175,4986.47,277.7675083347151,3,1,31,1,Higher-Value Property Buyers
C0697,Individual,Bryan,Mitchell,1986-11-01,M,USA,California,Investment,4,Yes,Agency,C0697,4,1203571.2,300892.8,1036.6525,4146.61,290.4335245028834,4,0,39,0,Lower-Value / Lower-Activity Buyers
C0698,Individual,Maria,Scott,1946-07-16,F,USA,California,Home,2,Yes,Website,C0698,4,1560635.51,390158.8775,1286.9575,5147.83,307.9603135534052,3,1,79,1,Higher-Value Property Buyers
C0699,Individual,Stephen,Bennett,1986-12-22,M,USA,Washington,Home,1,Yes,Agency,C0699,3,1292445.15,430815.05,1357.1933333333334,4071.58,318.6152453856261,3,0,39,1,Higher-Value Property Buyers
C0700,Individual,Christine,Sanders,1944-04-14,F,USA,Washington,Home,5,No,Website,C0700,3,724453.7,241484.56666666665,851.4266666666667,2554.28,282.93780353298,3,0,81,0,Lower-Value / Lower-Activity Buyers
C0701,Individual,Danielle,Peterson,1962-09-17,F,UK,England,Investment,1,No,Website,C0701,4,1318537.76,329634.44,1050.5725,4202.29,304.20595887478254,4,0,63,0,Lower-Value / Lower-Activity Buyers
C0702,Individual,Nicholas,Flores,1966-07-24,M,USA,Arizona,Home,5,No,Agency,C0702,3,1215022.0,405007.3333333333,1303.7766666666666,3911.33,311.0624599044384,3,0,59,1,Higher-Value Property Buyers
C0703,Company,Elara,Co,1984-05-15,M,USA,Colorado,Home,3,No,Website,C0703,3,938073.57,312691.19,1023.88,3071.6400000000003,308.2167615628062,3,0,41,0,Lower-Value / Lower-Activity Buyers
C0704,Individual,Nicole,Jordan,1942-01-23,F,USA,Georgia,Home,4,No,Agency,C0704,3,1130778.86,376926.2866666667,1194.9266666666665,3584.78,317.21408986323775,2,1,83,0,Lower-Value / Lower-Activity Buyers
C0705,Individual,Timothy,Murray,1940-12-18,M,USA,Nevada,Home,3,No,Website,C0705,3,1643383.67,547794.5566666666,1680.5266666666666,5041.58,324.0979609858608,3,0,85,1,Higher-Value Property Buyers
C0706,Individual,Kyle,Thomas,1984-06-23,M,UK,England,Investment,2,No,Client,C0706,3,1034954.84,344984.94666666666,1162.6166666666666,3487.85,298.731268274053,3,0,41,0,Lower-Value / Lower-Activity Buyers
C0707,Individual,Zachary,Richardson,1995-09-23,M,USA,Virginia,Home,5,Yes,Website,C0707,4,1171255.22,292813.805,956.935,3827.74,298.39548981596226,3,1,30,0,Lower-Value / Lower-Activity Buyers
C0708,Individual,Brian,Cook,1964-11-28,M,USA,California,Home,2,No,Client,C0708,3,1539340.87,513113.6233333333,1523.6933333333334,4571.08,325.468567530367,1,2,61,1,Higher-Value Property Buyers
C0709,Individual,Samantha,Price,1982-11-06,F,USA,Georgia,Home,2,Yes,Agency,C0709,4,1233960.52,308490.13,1009.23,4036.92,313.75996043349187,4,0,43,0,Lower-Value / Lower-Activity Buyers
C0710,Individual,Kyle,Bryant,1946-08-18,M,USA,Oregon,Home,2,Yes,Agency,C0710,4,1158001.36,289500.34,939.3575,3757.43,303.9456641085883,4,0,79,0,Lower-Value / Lower-Activity Buyers
C0711,Individual,Victoria,Hughes,1995-10-20,F,USA,California,Investment,3,No,Agency,C0711,4,1045658.54,261414.635,905.7525,3623.01,285.7926869742843,3,1,30,0,Lower-Value / Lower-Activity Buyers
C0712,Individual,Joseph,Scott,1991-01-21,M,USA,California,Home,1,No,Agency,C0712,3,701688.31,233896.10333333336,842.68,2528.04,280.63309631189395,2,1,34,0,Lower-Value / Lower-Activity Buyers
C0713,Individual,Debra,Thomas,1997-02-14,F,USA,California,Investment,3,No,Agency,C0713,3,946537.74,315512.58,1125.17,3375.51,279.1349726853608,3,0,28,0,Lower-Value / Lower-Activity Buyers
C0714,Individual,Kyle,Murray,1977-01-03,M,Russia,Saint Petersburg,Home,3,No,Website,C0714,3,1520218.18,506739.3933333333,1680.5266666666666,5041.58,300.4911044140184,1,2,48,1,Higher-Value Property Buyers
C0715,Individual,Janice,Wilson,1982-08-05,F,USA,Utah,Home,3,No,Website,C0715,3,1151372.75,383790.9166666667,1340.7666666666669,4022.3,294.07391084605104,2,1,43,1,Higher-Value Property Buyers
C0716,Individual,Jordan,Davis,1994-10-24,M,UK,Northern Ireland,Home,1,No,Client,C0716,3,1173245.74,391081.9133333333,1334.1,4002.3,297.53773398366985,2,1,31,1,Higher-Value Property Buyers
C0717,Individual,Virginia,Weaver,1946-06-09,F,USA,Arizona,Investment,3,Yes,Agency,C0717,3,1000529.67,333509.89,1156.5633333333333,3469.69,286.5515487238422,2,1,79,0,Lower-Value / Lower-Activity Buyers
C0718,Individual,Martha,Scott,1944-10-08,F,France,Ile-de-France,Home,2,Yes,Website,C0718,3,900157.9099999999,300052.63666666666,1123.8033333333333,3371.41,279.3999356441512,2,1,81,0,Lower-Value / Lower-Activity Buyers
C0719,Individual,Jason,Jordan,1974-07-02,M,USA,California,Investment,2,Yes,Agency,C0719,3,912916.77,304305.59,1023.88,3071.6400000000003,300.5135989331466,3,0,51,0,Lower-Value / Lower-Activity Buyers
C0720,Individual,Shirley,Wilson,1981-05-17,F,USA,California,Investment,1,Yes,Agency,C0720,4,844316.69,211079.1725,678.3725,2713.49,313.99370359722434,2,2,44,0,Lower-Value / Lower-Activity Buyers
C0721,Individual,Julia,Jordan,1999-03-07,F,USA,Florida,Home,4,No,Website,C0721,4,1167212.02,291803.005,939.4875,3757.95,308.3858719928015,3,1,26,0,Lower-Value / Lower-Activity Buyers
C0722,Individual,Carol,Sanders,1943-09-11,F,USA,Texas,Home,1,No,Website,C0722,3,936104.05,312034.68333333335,1033.4833333333331,3100.45,299.2843696477643,3,0,82,0,Lower-Value / Lower-Activity Buyers
C0723,Individual,Ann,Hansen,1999-04-19,F,Germany,North Rhine-Westphalia,Home,3,Yes,Website,C0723,3,1554043.79,518014.5966666667,1671.7666666666669,5015.3,308.29363445057703,3,0,26,1,Higher-Value Property Buyers
C0724,Individual,Samuel,Howard,1960-09-27,M,USA,Arizona,Investment,4,Yes,Agency,C0724,4,1564795.28,391198.82,1255.1325000000002,5020.530000000001,309.21208173968006,3,1,65,1,Higher-Value Property Buyers
C0725,Individual,Katherine,Jones,1983-07-03,F,USA,New York,Home,3,No,Website,C0725,3,1557779.53,519259.8433333333,1733.68,5201.04,300.00206956397875,3,0,42,1,Higher-Value Property Buyers
C0726,Individual,Melissa,Harris,1977-01-25,F,USA,Georgia,Home,4,No,Website,C0726,4,1055406.17,263851.5425,901.245,3604.98,293.6323652273104,3,1,48,0,Lower-Value / Lower-Activity Buyers
C0727,Individual,Ronald,Bell,1941-08-24,M,USA,California,Investment,3,Yes,Client,C0727,4,1924218.25,481054.5625,1425.7675,5703.07,329.50800332765834,4,0,84,1,Higher-Value Property Buyers
C0728,Individual,Jason,Jones,1971-07-23,M,USA,California,Home,3,Yes,Agency,C0728,3,896046.43,298682.14333333337,934.8733333333332,2804.62,327.9513725380009,2,1,54,0,Lower-Value / Lower-Activity Buyers
C0729,Individual,Raymond,Long,1944-01-04,M,USA,Washington,Investment,3,Yes,Agency,C0729,3,1100578.42,366859.4733333333,1280.28,3840.84,284.7991112426232,2,1,81,0,Lower-Value / Lower-Activity Buyers
C0730,Individual,Gregory,Baker,1988-05-09,M,USA,California,Investment,4,No,Website,C0730,3,1395460.54,465153.51333333337,1435.6633333333332,4306.99,323.57984485050025,3,0,37,1,Higher-Value Property Buyers
C0731,Individual,Larry,Harris,2000-10-18,M,USA,California,Home,5,No,Agency,C0731,4,2163873.35,540968.3375,1699.3675,6797.47,319.08224457379634,4,0,25,1,Higher-Value Property Buyers
C0732,Individual,Justin,Peterson,1985-03-03,M,USA,Oregon,Home,5,No,Website,C0732,4,1763602.47,440900.6175,1454.35,5817.4,306.8196266785186,4,0,40,1,Higher-Value Property Buyers
C0733,Individual,Susan,White,1976-01-03,F,USA,Nevada,Home,5,No,Agency,C0733,3,1610480.1,536826.7000000001,1609.0333333333335,4827.1,332.77373070273126,2,1,49,1,Higher-Value Property Buyers
C0734,Individual,Danielle,Ward,1981-06-27,F,USA,Virginia,Investment,5,Yes,Client,C0734,3,894573.22,298191.0733333333,1077.3333333333333,3232.0,279.9946002008845,1,2,44,0,Lower-Value / Lower-Activity Buyers
C0735,Individual,Matthew,Long,1994-08-10,M,Germany,Hesse,Investment,4,No,Website,C0735,3,1082670.51,360890.17,1129.1766666666665,3387.53,313.912537008794,1,2,31,0,Lower-Value / Lower-Activity Buyers
C0736,Individual,Jordan,Campbell,1942-06-13,M,USA,Utah,Investment,3,No,Agency,C0736,3,961660.45,320553.48333333334,1049.513333333333,3148.54,302.7660123278874,3,0,83,0,Lower-Value / Lower-Activity Buyers
C0737,Individual,Harold,Harris,1978-08-15,M,USA,California,Investment,3,No,Agency,C0737,3,1271295.42,423765.14,1435.6633333333332,4306.99,302.2276207568195,3,0,47,1,Higher-Value Property Buyers
C0738,Individual,Jose,White,1980-09-21,M,USA,Texas,Home,5,No,Website,C0738,4,1217179.49,304294.8725,955.7625,3823.05,315.6140508496973,4,0,45,0,Lower-Value / Lower-Activity Buyers
C0739,Individual,Albert,Turner,1965-03-16,M,USA,California,Home,2,No,Agency,C0739,4,1239915.48,309978.87,1096.12,4384.48,281.14767266299765,3,1,60,0,Lower-Value / Lower-Activity Buyers
C0740,Individual,Julia,Bell,1966-12-08,F,USA,Utah,Investment,1,No,Client,C0740,3,1150084.72,383361.5733333333,1176.236666666667,3528.71,321.463526838591,2,1,59,0,Lower-Value / Lower-Activity Buyers
C0741,Individual,Sandra,Stone,1962-08-11,F,USA,California,Home,2,No,Website,C0741,3,808100.3,269366.76666666666,952.0733333333334,2856.2200000000003,286.88279274715285,2,1,63,0,Lower-Value / Lower-Activity Buyers
C0742,Individual,Bryan,Howard,1980-08-21,M,UK,Wales,Home,1,Yes,Website,C0742,3,943082.42,314360.80666666664,1078.7866666666666,3236.36,291.4501152943838,2,1,45,0,Lower-Value / Lower-Activity Buyers
C0743,Individual,Joshua,Allen,1972-09-10,M,USA,Oregon,Investment,4,Yes,Website,C0743,3,973707.31,324569.10333333333,1145.4666666666665,3436.4,292.0776979749862,3,0,53,0,Lower-Value / Lower-Activity Buyers
C0744,Individual,Helen,Morales,1950-11-10,F,USA,Virginia,Home,1,No,Website,C0744,3,947393.7,315797.9,939.33,2817.99,335.23731425730807,2,1,75,0,Lower-Value / Lower-Activity Buyers
C0745,Individual,Emily,Collins,1997-06-18,F,USA,California,Investment,5,No,Website,C0745,4,1137226.12,284306.53,940.485,3761.94,295.1249931050721,4,0,28,0,Lower-Value / Lower-Activity Buyers
C0746,Individual,Gary,Reyes,1956-10-13,M,UK,Scotland,Home,4,No,Website,C0746,4,1485041.45,371260.3625,1120.62,4482.48,335.2338187013054,3,1,69,1,Higher-Value Property Buyers
C0747,Individual,George,Patterson,1992-04-18,M,USA,Florida,Home,4,Yes,Website,C0747,3,1321142.35,440380.7833333334,1435.6633333333332,4306.99,306.12850428188943,2,1,33,1,Higher-Value Property Buyers
C0748,Company,Vantage,Co,1974-03-05,F,USA,California,Home,1,Yes,Client,C0748,3,1188736.23,396245.41,1332.34,3997.02,297.65683317437384,2,1,51,1,Higher-Value Property Buyers
C0749,Individual,Dorothy,Anderson,1992-11-26,F,USA,New York,Home,5,No,Agency,C0749,3,1170883.93,390294.6433333333,1258.6899999999998,3776.07,309.49289457910066,3,0,33,1,Higher-Value Property Buyers
C0750,Individual,Janice,Price,1976-06-08,F,USA,Nevada,Investment,1,No,Agency,C0750,3,887696.78,295898.9266666667,964.2666666666664,2892.8,304.42393937761733,2,1,49,0,Lower-Value / Lower-Activity Buyers
C0751,Individual,Keith,Parker,1974-09-19,M,USA,California,Home,5,No,Client,C0751,4,1055948.97,263987.2425,967.0,3868.0,276.6983376080676,4,0,51,0,Lower-Value / Lower-Activity Buyers
C0752,Individual,Lisa,Young,1954-12-17,F,Belgium,Brussels,Investment,3,No,Agency,C0752,4,836214.24,209053.56,725.4225,2901.69,287.40661619517806,3,1,71,0,Lower-Value / Lower-Activity Buyers
C0753,Individual,Nicholas,Patterson,1960-12-22,M,Germany,Hamburg,Home,5,No,Website,C0753,4,1053102.32,263275.58,868.5725,3474.29,304.4982458800239,4,0,65,0,Lower-Value / Lower-Activity Buyers
C0754,Individual,Teresa,Johnson,1970-08-17,F,USA,Arizona,Investment,3,No,Website,C0754,4,1300009.56,325002.39,1037.4175,4149.67,316.5416206780071,3,1,55,0,Lower-Value / Lower-Activity Buyers
C0755,Company,Celera,Co,1967-12-23,F,USA,California,Home,5,No,Website,C0755,3,1040997.25,346999.0833333333,1286.4833333333331,3859.45,271.78757236163364,2,1,58,0,Lower-Value / Lower-Activity Buyers
C0756,Individual,Jessica,Patterson,1963-03-19,F,USA,Utah,Home,5,Yes,Website,C0756,3,785768.09,261922.69666666663,934.8733333333332,2804.62,282.2056558532571,3,0,62,0,Lower-Value / Lower-Activity Buyers
C0757,Individual,Keith,Taylor,1946-05-09,M,USA,Oregon,Home,3,Yes,Website,C0757,4,1392690.12,348172.53,1053.27,4213.08,332.7923361105536,3,1,79,1,Higher-Value Property Buyers
C0758,Individual,Joe,Allen,1958-08-12,M,USA,California,Investment,2,No,Website,C0758,4,1135189.16,283797.29,928.1775,3712.71,303.5984407446299,3,1,67,0,Lower-Value / Lower-Activity Buyers
C0759,Individual,Samuel,Anderson,1991-10-27,M,USA,Florida,Home,4,No,Website,C0759,3,1327801.32,442600.44,1451.5366666666666,4354.61,297.1099898291573,3,0,34,1,Higher-Value Property Buyers
C0760,Individual,Amanda,Adams,1964-12-27,F,USA,California,Investment,3,No,Website,C0760,4,1288008.21,322002.0525,1133.69,4534.76,291.964625621392,4,0,61,0,Lower-Value / Lower-Activity Buyers
C0761,Individual,Joyce,Patterson,1981-08-24,F,Belgium,Flanders,Home,2,No,Agency,C0761,4,1387948.07,346987.0175,1134.4225,4537.6900000000005,302.8354471660675,4,0,44,1,Higher-Value Property Buyers
C0762,Individual,Anna,Young,1967-07-01,F,USA,Ohio,Home,4,No,Website,C0762,4,1456185.33,364046.3325,1313.38,5253.52,282.2750534057651,4,0,58,1,Higher-Value Property Buyers
C0763,Company,Summit,Co,1971-07-18,F,USA,Georgia,Home,3,No,Agency,C0763,3,1036781.97,345593.99,1152.5966666666666,3457.79,298.85589436508616,3,0,54,0,Lower-Value / Lower-Activity Buyers
C0764,Individual,Debra,Parker,1983-02-09,F,UK,Northern Ireland,Investment,4,No,Client,C0764,4,1670624.74,417656.185,1441.655,5766.62,294.22177981658905,4,0,42,1,Higher-Value Property Buyers
C0765,Individual,Joe,Green,1967-06-22,M,France,Brittany,Home,3,No,Website,C0765,4,1516418.29,379104.5725,1260.0625,5040.25,294.4679305392661,3,1,58,1,Higher-Value Property Buyers
C0766,Individual,Robert,Bennett,1994-09-04,M,Germany,North Rhine-Westphalia,Home,3,Yes,Client,C0766,4,1601876.14,400469.035,1286.2725,5145.09,310.06511645723833,3,1,31,1,Higher-Value Property Buyers
C0767,Individual,David,Brown,1961-02-02,M,Canada,British Columbia,Investment,2,No,Agency,C0767,4,1403932.48,350983.12,1242.0825,4968.33,278.4370905908476,3,1,64,1,Higher-Value Property Buyers
C0768,Individual,Matthew,Weaver,1992-07-22,M,Denmark,Southern Denmark,Investment,5,Yes,Website,C0768,3,1048127.47,349375.8233333333,1163.8866666666663,3491.66,291.56041147346576,1,2,33,0,Lower-Value / Lower-Activity Buyers
C0769,Individual,Nicole,Long,1958-02-21,F,USA,Ohio,Home,4,No,Agency,C0769,3,675607.7899999999,225202.59666666665,753.3133333333334,2259.94,299.57432421913035,2,1,67,0,Lower-Value / Lower-Activity Buyers
C0770,Individual,Shirley,Hall,1951-02-09,F,Russia,Krasnodar Krai,Home,4,No,Website,C0770,3,984598.73,328199.57666666666,1104.51,3313.53,291.901889659072,3,0,74,0,Lower-Value / Lower-Activity Buyers
C0771,Company,Quasar,Co,1984-06-09,M,USA,California,Home,1,No,Website,C0771,4,1856997.08,464249.27,1408.3275,5633.31,323.3900312040827,3,1,41,1,Higher-Value Property Buyers
C0772,Individual,Ethan,White,1991-09-25,M,USA,California,Investment,1,No,Client,C0772,3,911164.52,303721.50666666665,1038.2,3114.6,295.45455963913673,1,2,34,0,Lower-Value / Lower-Activity Buyers
C0773,Individual,Christopher,Taylor,1964-12-09,M,Russia,Saint Petersburg,Home,1,No,Website,C0773,4,1451465.46,362866.365,1153.0825,4612.33,312.52027994764853,3,1,61,1,Higher-Value Property Buyers
C0774,Individual,David,Wood,1983-03-23,M,USA,Georgia,Home,5,Yes,Agency,C0774,3,999792.68,333264.2266666666,1144.8033333333333,3434.41,291.40765373674816,3,0,42,0,Lower-Value / Lower-Activity Buyers
C0775,Individual,Andrea,Reyes,1975-12-25,F,USA,Arizona,Home,1,No,Agency,C0775,4,1043608.37,260902.0925,900.39,3601.56,289.7113272946693,3,1,50,0,Lower-Value / Lower-Activity Buyers
C0776,Individual,Ashley,Morales,1966-06-11,F,Germany,Bavaria,Home,4,Yes,Agency,C0776,3,914465.33,304821.7766666667,980.87,2942.61,309.4641934486999,2,1,59,0,Lower-Value / Lower-Activity Buyers
C0777,Company,Meridian,Co,1982-05-15,M,USA,Arizona,Home,1,No,Client,C0777,3,1130759.41,376919.8033333334,1313.16,3939.48,295.5140003391789,3,0,43,1,Higher-Value Property Buyers
C0778,Individual,George,Pierce,1998-07-22,M,USA,California,Investment,4,Yes,Agency,C0778,4,1646921.92,411730.48,1334.8775,5339.51,306.9819897423825,3,1,27,1,Higher-Value Property Buyers
C0779,Individual,Lisa,Hughes,1953-04-05,F,USA,California,Home,5,Yes,Agency,C0779,3,1221957.12,407319.04,1325.0800000000002,3975.24,306.5356571105046,3,0,72,1,Higher-Value Property Buyers
C0780,Individual,Martha,Hansen,1947-08-01,F,USA,California,Home,3,No,Website,C0780,3,708761.6900000001,236253.8966666667,849.6366666666667,2548.91,284.784821535402,3,0,78,0,Lower-Value / Lower-Activity Buyers
C0781,Individual,Gerald,Sanders,1940-11-28,M,USA,California,Investment,5,Yes,Website,C0781,4,1181206.69,295301.6725,1030.635,4122.54,283.79927219273293,2,2,85,0,Lower-Value / Lower-Activity Buyers
C0782,Individual,Ethan,Williams,1970-10-02,M,USA,Utah,Investment,2,Yes,Website,C0782,4,1166638.16,291659.54000000004,905.0375,3620.15,322.14323161957884,3,1,55,0,Lower-Value / Lower-Activity Buyers
C0783,Individual,Betty,Sanders,1961-03-27,F,Canada,Alberta,Home,1,Yes,Agency,C0783,3,1031472.36,343824.12,1156.5633333333333,3469.69,294.2967160908652,3,0,64,0,Lower-Value / Lower-Activity Buyers
C0784,Individual,Charles,Baker,1973-06-26,M,Mexico,Baja California,Investment,4,No,Website,C0784,3,1172514.65,390838.2166666666,1356.746666666667,4070.24,299.6725501001209,3,0,52,1,Higher-Value Property Buyers
C0785,Company,Rexon,Co,1971-03-27,F,USA,California,Home,2,No,Website,C0785,4,1047112.48,261778.12,860.9325,3443.73,306.6167725571084,4,0,54,0,Lower-Value / Lower-Activity Buyers
C0786,Individual,Sarah,Martin,1983-03-25,F,USA,California,Investment,3,No,Website,C0786,3,663797.37,221265.79,724.0866666666667,2172.26,302.04140281052054,2,1,42,0,Lower-Value / Lower-Activity Buyers
C0787,Individual,Andrew,Jackson,1950-11-20,M,USA,Washington,Home,1,No,Website,C0787,3,1405947.66,468649.22,1527.8633333333337,4583.59,307.56853242895073,3,0,75,1,Higher-Value Property Buyers
C0788,Individual,Matthew,Stone,1944-05-14,M,France,Brittany,Investment,4,No,Website,C0788,4,1799447.01,449861.7525,1482.5875,5930.35,309.49639406078114,3,1,81,1,Higher-Value Property Buyers
C0789,Individual,Madison,Price,1974-04-06,F,Canada,Ontario,Investment,1,No,Website,C0789,3,1125271.6,375090.5333333334,1228.91,3686.73,303.2073959835769,1,2,51,0,Lower-Value / Lower-Activity Buyers
C0790,Individual,Brandon,Cooper,1974-01-18,M,USA,California,Home,5,Yes,Agency,C0790,4,1521440.86,380360.215,1227.17,4908.68,299.49803514694605,3,1,51,1,Higher-Value Property Buyers
C0791,Individual,Walter,Adams,1983-01-07,M,USA,Texas,Home,4,No,Website,C0791,4,1424465.81,356116.4525,1159.9675,4639.87,307.8408243147681,3,1,42,1,Higher-Value Property Buyers
C0792,Individual,Joseph,Richardson,1982-04-14,M,USA,California,Investment,4,Yes,Website,C0792,4,1559979.82,389994.955,1219.85,4879.4,318.8117893891475,4,0,43,1,Higher-Value Property Buyers
C0793,Individual,Kevin,Brown,1969-09-04,M,USA,New York,Home,4,No,Agency,C0793,4,1245234.35,311308.5875,1048.44,4193.76,294.2023761564657,4,0,56,0,Lower-Value / Lower-Activity Buyers
C0794,Individual,Gregory,Mitchell,1951-02-11,M,USA,California,Home,4,Yes,Website,C0794,3,1120488.77,373496.25666666665,1308.513333333333,3925.54,286.4643685389213,3,0,74,1,Higher-Value Property Buyers
C0795,Individual,Harold,Murray,1969-01-14,M,USA,California,Investment,4,Yes,Website,C0795,3,1170869.09,390289.6966666666,1169.0466666666669,3507.1400000000003,336.31716892648285,3,0,56,1,Higher-Value Property Buyers
C0796,Individual,Stephanie,Ward,1983-04-11,F,USA,California,Investment,5,Yes,Website,C0796,3,559596.54,186532.18,607.4466666666667,1822.34,308.84465686665186,3,0,42,0,Lower-Value / Lower-Activity Buyers
C0797,Individual,Joan,Gray,1990-06-08,F,USA,Oregon,Home,5,Yes,Agency,C0797,3,881179.3,293726.43333333335,851.8699999999999,2555.61,337.5376984044663,2,1,35,0,Lower-Value / Lower-Activity Buyers
C0798,Company,Novex,Co,1965-10-21,M,USA,Nevada,Home,4,Yes,Agency,C0798,4,987267.48,246816.87,840.8725,3363.49,304.81197894331945,4,0,60,0,Lower-Value / Lower-Activity Buyers
C0799,Individual,Pamela,Johnson,1954-07-24,F,USA,California,Home,4,No,Website,C0799,4,1108935.86,277233.965,972.245,3888.98,286.3094968391149,4,0,71,0,Lower-Value / Lower-Activity Buyers
C0800,Individual,Lawrence,Smith,1974-01-02,M,USA,Virginia,Investment,5,Yes,Website,C0800,3,983573.18,327857.7266666666,1151.5466666666666,3454.64,286.20672734492643,3,0,51,0,Lower-Value / Lower-Activity Buyers
C0801,Individual,Betty,Price,1969-04-03,F,USA,Washington,Home,4,Yes,Website,C0801,3,1361712.2999999998,453904.0999999999,1435.6633333333332,4306.99,320.8893256121283,3,0,56,1,Higher-Value Property Buyers
C0802,Individual,Matthew,Williams,1970-11-10,M,USA,Virginia,Home,5,No,Agency,C0802,3,1074480.81,358160.27,1217.58,3652.74,291.45859188697153,3,0,55,0,Lower-Value / Lower-Activity Buyers
C0803,Individual,Evelyn,Moore,1945-12-13,F,USA,Texas,Home,4,No,Agency,C0803,4,1542819.53,385704.8825,1329.5925,5318.37,283.6483693314935,4,0,80,1,Higher-Value Property Buyers
C0804,Individual,Tyler,Cook,1967-01-10,M,USA,Washington,Home,5,No,Agency,C0804,3,1223755.92,407918.64,1464.8466666666666,4394.54,276.8930741790998,1,2,58,1,Higher-Value Property Buyers
C0805,Individual,Albert,Cook,1953-01-17,M,Germany,Berlin,Home,1,Yes,Website,C0805,3,940964.73,313654.91,995.51,2986.53,313.41064823609526,3,0,72,0,Lower-Value / Lower-Activity Buyers
C0806,Individual,Jack,Richardson,1989-11-18,M,France,Ile-de-France,Home,5,No,Client,C0806,4,1485168.27,371292.0675,1220.42,4881.68,306.8939349761006,4,0,36,1,Higher-Value Property Buyers
C0807,Individual,Amy,Chavez,1993-11-16,F,Mexico,Mexico City,Investment,5,No,Website,C0807,4,1635419.92,408854.98,1412.375,5649.5,293.84755010430564,2,2,32,1,Higher-Value Property Buyers
C0808,Individual,Gregory,Ward,1943-05-17,M,Germany,Berlin,Home,3,Yes,Website,C0808,3,885158.15,295052.7166666667,1003.3133333333334,3009.94,305.3961014512122,3,0,82,0,Lower-Value / Lower-Activity Buyers
C0809,Individual,Hannah,Alexander,1967-02-16,F,France,Occitanie,Home,5,Yes,Agency,C0809,3,1386118.19,462039.39666666667,1464.8466666666666,4394.54,314.96733421611924,3,0,58,1,Higher-Value Property Buyers
C0810,Individual,Ronald,Sanders,1995-02-13,M,USA,California,Home,1,Yes,Website,C0810,3,922597.58,307532.5266666667,915.6366666666668,2746.91,333.01958487528333,3,0,30,0,Lower-Value / Lower-Activity Buyers
C0811,Individual,Carl,Allen,1945-04-17,M,UK,Wales,Home,3,No,Agency,C0811,3,1515201.05,505067.01666666666,1471.9,4415.7,345.91788927494,3,0,80,1,Higher-Value Property Buyers
C0812,Individual,Harold,Cooper,1974-08-24,M,UK,Northern Ireland,Home,3,Yes,Website,C0812,4,1443224.01,360806.0025,1248.58,4994.32,280.30434811212365,4,0,51,1,Higher-Value Property Buyers
C0813,Individual,Gerald,Cook,1974-10-11,M,UK,Scotland,Investment,3,No,Agency,C0813,4,1314024.52,328506.13,1099.4925,4397.97,307.6645181267488,1,3,51,0,Lower-Value / Lower-Activity Buyers
C0814,Individual,Joan,Stewart,1964-03-26,F,USA,California,Home,2,No,Website,C0814,3,674363.74,224787.91333333333,706.7266666666666,2120.18,318.0715726910921,3,0,61,0,Lower-Value / Lower-Activity Buyers
C0815,Company,Horizon,Co,1965-11-06,F,USA,Nevada,Home,4,Yes,Agency,C0815,3,962374.65,320791.55,1205.9633333333334,3617.89,265.93231886986047,3,0,60,0,Lower-Value / Lower-Activity Buyers
C0816,Individual,Deborah,Wright,1947-12-23,F,Germany,Hamburg,Home,2,Yes,Website,C0816,3,1003090.85,334363.6166666667,1151.5466666666666,3454.64,297.00118498780694,2,1,78,0,Lower-Value / Lower-Activity Buyers
C0817,Individual,Grace,Thompson,1972-05-12,F,USA,California,Investment,1,No,Website,C0817,3,1338281.0,446093.6666666667,1448.82,4346.46,308.75530204471136,2,1,53,1,Higher-Value Property Buyers
C0818,Company,Sterling,Co,1991-09-08,F,USA,Colorado,Home,2,No,Website,C0818,4,760443.3500000001,190110.8375,677.79,2711.16,284.7450186787868,3,1,34,0,Lower-Value / Lower-Activity Buyers
C0819,Individual,Jose,Bryant,1951-03-15,M,USA,California,Home,5,No,Website,C0819,3,1239378.27,413126.09,1313.16,3939.48,313.22158602229166,3,0,74,1,Higher-Value Property Buyers
C0820,Individual,Judith,Collins,1940-10-22,F,USA,Texas,Investment,4,No,Agency,C0820,3,920197.78,306732.5933333333,976.2833333333332,2928.85,314.7580262145545,3,0,85,0,Lower-Value / Lower-Activity Buyers
C0821,Individual,Elizabeth,Moore,1957-09-04,F,USA,California,Home,5,Yes,Agency,C0821,3,1371213.26,457071.0866666666,1467.89,4403.67,315.2939326387077,2,1,68,1,Higher-Value Property Buyers
C0822,Individual,Jessica,Weaver,1959-04-19,F,USA,California,Investment,3,Yes,Website,C0822,3,1407630.29,469210.0966666667,1563.9733333333334,4691.92,300.8023411785495,2,1,66,1,Higher-Value Property Buyers
C0823,Individual,Nancy,Hayes,1975-04-16,F,USA,Oregon,Investment,5,Yes,Agency,C0823,4,1722388.89,430597.2225,1338.9,5355.6,317.82677737346125,4,0,50,1,Higher-Value Property Buyers
C0824,Individual,Douglas,Cox,1976-06-01,M,USA,California,Home,3,No,Agency,C0824,3,1234378.85,411459.6166666667,1435.6633333333332,4306.99,292.08734182923376,2,1,49,1,Higher-Value Property Buyers
C0825,Individual,Ruth,Hughes,1982-03-26,F,Mexico,Nuevo Leon,Home,4,Yes,Agency,C0825,4,1246198.0,311549.5,1075.0475,4300.1900000000005,282.4811186408689,4,0,43,0,Lower-Value / Lower-Activity Buyers
C0826,Individual,Jason,Stewart,1970-09-11,M,USA,Ohio,Investment,4,Yes,Website,C0826,4,1255265.82,313816.455,996.1925,3984.77,311.0215374297446,3,1,55,0,Lower-Value / Lower-Activity Buyers
C0827,Individual,Ruth,Wright,1965-08-23,F,USA,Washington,Home,2,Yes,Website,C0827,4,1176467.77,294116.9425,1025.3225,4101.29,286.916035041445,3,1,60,0,Lower-Value / Lower-Activity Buyers
C0828,Individual,Elizabeth,Stewart,1947-10-10,F,USA,Arizona,Investment,4,Yes,Website,C0828,4,1313574.2,328393.55,1122.0925,4488.37,298.2755690674255,3,1,78,0,Lower-Value / Lower-Activity Buyers
C0829,Individual,Jonathan,Stewart,1960-11-16,M,USA,Utah,Investment,3,No,Website,C0829,4,1296844.19,324211.0475,1102.08,4408.32,300.1892912626639,4,0,65,0,Lower-Value / Lower-Activity Buyers
C0830,Individual,William,Martin,1952-05-16,M,USA,Oregon,Investment,3,No,Agency,C0830,4,1518798.69,379699.6725,1169.615,4678.46,323.4117006499843,4,0,73,1,Higher-Value Property Buyers
C0831,Individual,Judith,Martin,1977-09-24,F,USA,California,Home,2,No,Website,C0831,3,909532.47,303177.49,979.0866666666668,2937.26,311.663917045049,1,2,48,0,Lower-Value / Lower-Activity Buyers
C0832,Individual,Dorothy,Ward,1990-01-09,F,USA,Nevada,Investment,3,Yes,Website,C0832,3,1290741.99,430247.33,1336.61,4009.83,326.644087701286,2,1,35,1,Higher-Value Property Buyers
C0833,Individual,Roger,Green,1951-11-06,M,Denmark,Southern Denmark,Home,5,No,Website,C0833,3,1422486.61,474162.2033333333,1623.3,4869.9,292.9953788666901,2,1,74,1,Higher-Value Property Buyers
C0834,Individual,Helen,Parker,1957-12-23,F,USA,California,Home,5,No,Website,C0834,4,1384660.54,346165.135,1073.905,4295.62,328.1957278374988,4,0,68,1,Higher-Value Property Buyers
C0835,Individual,Maria,Foster,1974-06-06,F,USA,California,Home,5,Yes,Website,C0835,4,1159317.69,289829.4225,941.61,3766.44,301.6093932009608,3,1,51,0,Lower-Value / Lower-Activity Buyers
C0836,Individual,Adam,Sanders,1942-02-04,M,USA,Ohio,Home,4,No,Website,C0836,3,1280715.29,426905.0966666667,1493.243333333333,4479.73,289.3628185003332,2,1,83,1,Higher-Value Property Buyers
C0837,Individual,Peter,Montgomery,1967-06-06,M,France,Brittany,Home,1,No,Website,C0837,4,1415445.71,353861.4275,1253.3075,5013.23,288.46015272758075,4,0,58,1,Higher-Value Property Buyers
C0838,Individual,Jacob,Morris,1992-04-05,M,USA,Nevada,Investment,1,Yes,Website,C0838,3,837604.3,279201.43333333335,853.8133333333334,2561.44,326.0913930157176,3,0,33,0,Lower-Value / Lower-Activity Buyers
C0839,Individual,Elizabeth,Baker,1994-01-26,F,UK,England,Home,5,Yes,Agency,C0839,3,1123967.69,374655.89666666667,1308.513333333333,3925.54,281.6697649098812,2,1,31,1,Higher-Value Property Buyers
C0840,Individual,Elizabeth,Wilson,1981-11-01,F,Belgium,Brussels,Home,1,No,Website,C0840,4,1508352.25,377088.0625,1329.5925,5318.37,284.1936237390182,4,0,44,1,Higher-Value Property Buyers
C0841,Individual,Timothy,Cooper,1999-02-05,M,Belgium,Wallonia,Home,5,No,Website,C0841,4,1344816.1,336204.025,1167.105,4668.42,287.2720038635614,4,0,26,1,Higher-Value Property Buyers
C0842,Individual,Keith,Morales,1996-02-27,M,USA,Washington,Home,5,Yes,Client,C0842,4,1082477.8199999998,270619.455,928.745,3714.98,285.31847494849086,2,2,29,0,Lower-Value / Lower-Activity Buyers
C0843,Individual,Amanda,Hansen,2000-12-04,F,USA,Georgia,Home,4,No,Agency,C0843,3,1377127.37,459042.4566666667,1500.72,4502.16,310.2983466429507,3,0,25,1,Higher-Value Property Buyers
C0844,Individual,Margaret,Scott,1947-06-13,F,USA,California,Home,2,No,Website,C0844,4,1363201.96,340800.49,1187.8925000000002,4751.570000000001,286.6211440867866,3,1,78,1,Higher-Value Property Buyers
C0845,Individual,Ashley,Long,1993-09-05,F,USA,Washington,Home,3,No,Client,C0845,3,1355270.16,451756.72,1471.4466666666667,4414.34,305.8787293583351,3,0,32,1,Higher-Value Property Buyers
C0846,Individual,Martha,Harris,1976-05-15,F,Canada,Quebec,Investment,3,No,Agency,C0846,3,1069033.77,356344.59,1135.5233333333333,3406.57,304.2620936201817,3,0,49,0,Lower-Value / Lower-Activity Buyers
C0847,Individual,Nicole,James,1988-02-27,F,USA,Utah,Home,2,Yes,Agency,C0847,4,1258765.46,314691.365,1011.5875,4046.35,312.0693895088224,3,1,37,0,Lower-Value / Lower-Activity Buyers
C0848,Individual,Aaron,Hughes,1967-11-22,M,USA,California,Home,4,No,Agency,C0848,4,1366788.33,341697.0825,1184.9475000000002,4739.790000000001,294.8811577166271,4,0,58,1,Higher-Value Property Buyers
C0849,Individual,Brian,Wilson,1977-04-11,M,USA,Oregon,Home,1,Yes,Website,C0849,4,1262931.66,315732.915,995.0275,3980.11,307.7478715580654,4,0,48,0,Lower-Value / Lower-Activity Buyers
C0850,Individual,Judy,Stone,1983-11-13,F,USA,Colorado,Investment,5,No,Agency,C0850,3,528432.48,176144.16,610.62,1831.86,288.9416642920567,3,0,42,0,Lower-Value / Lower-Activity Buyers
C0851,Individual,Kyle,White,1993-05-16,M,USA,California,Investment,2,Yes,Website,C0851,4,1482957.88,370739.47,1259.95,5039.8,292.2363616861836,4,0,32,1,Higher-Value Property Buyers
C0852,Individual,Carl,Brown,1989-07-20,M,Germany,North Rhine-Westphalia,Home,2,No,Agency,C0852,4,1368458.37,342114.5925,1222.37,4889.48,283.3197424989349,4,0,36,1,Higher-Value Property Buyers
C0853,Individual,Gerald,Bryant,1950-08-07,M,USA,Utah,Home,4,No,Website,C0853,4,1293562.22,323390.555,1092.085,4368.34,298.5740248235053,2,2,75,0,Lower-Value / Lower-Activity Buyers
C0854,Individual,David,Reyes,1944-02-13,M,USA,California,Home,4,No,Website,C0854,3,1419031.61,473010.5366666666,1454.41,4363.23,322.881767706823,2,1,81,1,Higher-Value Property Buyers
C0855,Individual,Amanda,Foster,1973-03-10,F,Australia,Queensland,Home,4,No,Website,C0855,4,1198702.15,299675.5375,1114.2125,4456.85,277.9824082637193,4,0,52,0,Lower-Value / Lower-Activity Buyers
C0856,Individual,Janice,Chavez,1964-08-16,F,USA,Florida,Home,5,Yes,Website,C0856,4,1565508.99,391377.2475,1226.185,4904.74,321.04644506396664,4,0,61,1,Higher-Value Property Buyers
C0857,Individual,Danielle,Ward,1951-05-11,F,USA,California,Investment,1,Yes,Website,C0857,4,1431064.56,357766.14,1146.2825,4585.13,306.8611088854491,2,2,74,1,Higher-Value Property Buyers
C0858,Individual,Samuel,Howard,1994-07-12,M,USA,Nevada,Home,1,No,Website,C0858,3,972150.6,324050.2,1156.5633333333333,3469.69,281.73064080751226,2,1,31,0,Lower-Value / Lower-Activity Buyers
C0859,Individual,Megan,Anderson,1942-12-03,F,USA,California,Home,2,Yes,Agency,C0859,4,1440623.89,360155.97250000003,1154.105,4616.42,307.1237768260935,4,0,83,1,Higher-Value Property Buyers
C0860,Individual,Virginia,Morales,1968-07-09,F,USA,Utah,Home,5,Yes,Website,C0860,4,1362579.84,340644.96,1148.025,4592.1,295.07295295436273,4,0,57,1,Higher-Value Property Buyers
C0861,Individual,Christine,Peterson,1994-08-04,F,France,Brittany,Investment,2,No,Agency,C0861,3,1527460.57,509153.5233333334,1635.6233333333332,4906.87,314.6810068277168,2,1,31,1,Higher-Value Property Buyers
C0862,Individual,Amanda,Jordan,1981-06-14,F,USA,Colorado,Investment,1,No,Website,C0862,3,1354421.91,451473.97,1527.8633333333337,4583.59,292.7765275368804,3,0,44,1,Higher-Value Property Buyers
C0863,Individual,Brandon,Peterson,1975-04-20,M,Belgium,Wallonia,Home,5,Yes,Agency,C0863,4,1107744.96,276936.24,984.6475,3938.59,283.2830434701238,4,0,50,0,Lower-Value / Lower-Activity Buyers
C0864,Individual,Noah,Kim,1970-07-07,M,USA,Texas,Home,3,No,Website,C0864,3,1085548.02,361849.34,1156.5633333333333,3469.69,312.8404586706677,2,1,55,0,Lower-Value / Lower-Activity Buyers
C0865,Individual,Rebecca,Gray,1975-05-20,F,USA,Colorado,Investment,5,Yes,Website,C0865,4,1268059.13,317014.7825,1008.395,4033.58,313.6153784118969,3,1,50,0,Lower-Value / Lower-Activity Buyers
C0866,Individual,Lawrence,Bryant,1987-11-27,M,Belgium,Brussels,Home,3,No,Agency,C0866,4,1331713.08,332928.27,1148.025,4592.1,296.4052478325079,4,0,38,1,Higher-Value Property Buyers
C0867,Individual,Julia,Davis,1967-04-12,F,USA,California,Home,2,No,Agency,C0867,3,1028747.3,342915.76666666666,1146.263333333333,3438.79,298.8466364564212,3,0,58,0,Lower-Value / Lower-Activity Buyers
C0868,Individual,Victoria,Rogers,1945-02-21,F,USA,Florida,Home,3,Yes,Agency,C0868,3,987211.17,329070.39,1049.38,3148.14,316.49402175782353,2,1,80,0,Lower-Value / Lower-Activity Buyers
C0869,Individual,Jose,Roberts,1993-03-07,M,USA,California,Home,4,No,Agency,C0869,3,858807.13,286269.04333333333,1012.96,3038.88,283.4140659016659,3,0,32,0,Lower-Value / Lower-Activity Buyers
C0870,Company,Harmon,Co,1966-09-01,F,UK,Northern Ireland,Home,2,Yes,Website,C0870,4,1097902.26,274475.565,909.9825,3639.93,307.87495262882703,3,1,59,0,Lower-Value / Lower-Activity Buyers
C0871,Individual,Pamela,Pierce,1989-11-28,F,USA,Virginia,Home,1,Yes,Website,C0871,4,1939848.53,484962.1325,1524.2725,6097.09,315.86788660881155,3,1,36,1,Higher-Value Property Buyers
C0872,Individual,Sarah,Bennett,1943-06-22,F,UK,England,Home,4,No,Website,C0872,4,1462320.39,365580.0975,1326.2525,5305.01,274.3560649132103,4,0,82,1,Higher-Value Property Buyers
C0873,Individual,Gerald,Murray,1940-09-09,M,USA,New York,Home,2,No,Website,C0873,3,1325777.78,441925.9266666667,1463.22,4389.66,300.5462542501073,3,0,85,1,Higher-Value Property Buyers
C0874,Individual,Debra,Murray,1953-07-26,F,Belgium,Flanders,Investment,2,No,Website,C0874,4,1490289.11,372572.2775,1186.5225,4746.09,309.15725845550025,4,0,72,1,Higher-Value Property Buyers
C0875,Individual,Jeffrey,Evans,1972-07-09,M,Canada,Manitoba,Home,4,No,Website,C0875,3,1308981.48,436327.16,1370.5533333333333,4111.66,316.4380702448201,3,0,53,1,Higher-Value Property Buyers
C0876,Individual,Benjamin,Chavez,1973-08-22,M,USA,California,Home,3,No,Client,C0876,3,873771.52,291257.17333333334,971.19,2913.57,303.1453983035049,3,0,52,0,Lower-Value / Lower-Activity Buyers
C0877,Individual,Jennifer,Weaver,1998-12-22,F,USA,Utah,Investment,2,Yes,Agency,C0877,3,1407650.4,469216.8,1493.243333333333,4479.73,315.98094172226456,2,1,27,1,Higher-Value Property Buyers
C0878,Individual,Ashley,Hansen,1945-04-28,F,USA,Nevada,Home,4,Yes,Website,C0878,3,970670.15,323556.7166666666,1008.13,3024.39,316.25317851031645,3,0,80,0,Lower-Value / Lower-Activity Buyers
C0879,Individual,Brandon,Adams,1945-03-15,M,UK,Northern Ireland,Home,4,Yes,Website,C0879,3,1349121.32,449707.1066666667,1463.22,4389.66,305.1457789222248,3,0,80,1,Higher-Value Property Buyers
C0880,Individual,Judith,Bennett,1941-06-23,F,USA,New York,Home,2,No,Website,C0880,4,1390002.64,347500.66000000003,1151.37,4605.48,300.1519609034721,3,1,84,1,Higher-Value Property Buyers
C0881,Individual,Ruth,Weaver,1954-09-24,F,USA,Colorado,Investment,1,No,Website,C0881,4,1247321.2,311830.3,1136.6925,4546.77,271.62788758556525,3,1,71,0,Lower-Value / Lower-Activity Buyers
C0882,Individual,Peter,Moore,2000-07-07,M,UK,Wales,Home,3,No,Website,C0882,3,1142828.14,380942.7133333334,1435.6633333333332,4306.99,266.6154276396846,2,1,25,1,Higher-Value Property Buyers
C0883,Individual,Gerald,Thompson,1946-10-22,M,USA,Texas,Home,4,No,Client,C0883,4,1979258.27,494814.5675,1699.3675,6797.47,290.08114296056306,4,0,79,1,Higher-Value Property Buyers
C0884,Individual,Joe,Reed,1949-05-07,M,USA,Nevada,Home,2,No,Website,C0884,3,1021697.5,340565.8333333333,1209.64,3628.92,298.23058471031595,2,1,76,0,Lower-Value / Lower-Activity Buyers
C0885,Individual,Michael,Williams,1941-09-21,M,Canada,British Columbia,Investment,2,Yes,Agency,C0885,3,1540844.02,513614.6733333333,1671.7666666666669,5015.3,304.09561097849235,3,0,84,1,Higher-Value Property Buyers
C0886,Individual,Joseph,Brooks,1961-07-20,M,USA,California,Home,3,Yes,Agency,C0886,3,807556.47,269185.49,941.21,2823.63,284.7893224711529,3,0,64,0,Lower-Value / Lower-Activity Buyers
C0887,Individual,Joan,Bryant,1993-04-23,F,USA,California,Home,3,No,Agency,C0887,4,1247287.09,311821.7725,1012.5575,4050.23,314.98566455193463,3,1,32,0,Lower-Value / Lower-Activity Buyers
C0888,Individual,Sharon,Montgomery,1987-05-24,F,Germany,Berlin,Home,4,Yes,Website,C0888,4,1104713.19,276178.2975,933.355,3733.42,297.4721133150078,2,2,38,0,Lower-Value / Lower-Activity Buyers
C0889,Individual,Scott,Campbell,1985-10-15,M,USA,Nevada,Investment,4,Yes,Website,C0889,3,1339350.59,446450.1966666666,1451.253333333333,4353.76,313.4583729272578,3,0,40,1,Higher-Value Property Buyers
C0890,Individual,Julie,Nelson,1955-07-23,F,USA,Virginia,Investment,3,Yes,Website,C0890,4,1138394.29,284598.5725,922.66,3690.64,303.680705416924,4,0,70,0,Lower-Value / Lower-Activity Buyers
C0891,Individual,Raymond,Roberts,1970-06-20,M,Germany,North Rhine-Westphalia,Investment,1,Yes,Website,C0891,4,1340373.08,335093.27,1154.105,4616.42,288.6593686869396,3,1,55,1,Higher-Value Property Buyers
C0892,Individual,Helen,Watson,1958-06-05,F,USA,California,Investment,2,Yes,Website,C0892,3,984121.4,328040.4666666666,1167.24,3501.7200000000003,286.3662334017208,2,1,67,0,Lower-Value / Lower-Activity Buyers
C0893,Individual,Evelyn,Thompson,1995-06-23,F,USA,Colorado,Home,3,Yes,Website,C0893,4,1695839.47,423959.8675,1329.5925,5318.37,316.9860128802226,4,0,30,1,Higher-Value Property Buyers
C0894,Individual,Carl,Evans,1953-06-14,M,USA,Georgia,Home,5,No,Website,C0894,3,882067.47,294022.49,932.37,2797.11,317.68353154361245,3,0,72,0,Lower-Value / Lower-Activity Buyers
C0895,Individual,Amanda,Rogers,1953-08-25,F,USA,Arizona,Investment,4,Yes,Website,C0895,3,1127680.6,375893.5333333334,1280.28,3840.84,293.3534620750145,3,0,72,1,Higher-Value Property Buyers
C0896,Individual,Timothy,Jones,1970-05-06,M,France,Brittany,Home,4,Yes,Agency,C0896,4,1157933.44,289483.36,935.765,3743.06,310.5075374541726,3,1,55,0,Lower-Value / Lower-Activity Buyers
C0897,Individual,Ann,Foster,1971-08-04,F,Australia,Victoria,Home,1,No,Website,C0897,3,745691.65,248563.88333333333,801.46,2404.38,308.2402966100844,3,0,54,0,Lower-Value / Lower-Activity Buyers
C0898,Individual,Deborah,King,1953-09-27,F,USA,Arizona,Investment,5,Yes,Agency,C0898,4,836494.02,209123.505,706.0875,2824.35,294.90427703593605,3,1,72,0,Lower-Value / Lower-Activity Buyers
C0899,Company,Apex,Co,1988-06-26,F,USA,Washington,Investment,2,No,Website,C0899,3,1050407.63,350135.87666666665,1076.6899999999998,3230.07,321.01194762368965,3,0,37,0,Lower-Value / Lower-Activity Buyers
C0900,Individual,Betty,Cook,1999-05-22,F,Germany,North Rhine-Westphalia,Home,4,No,Agency,C0900,3,606058.22,202019.40666666665,753.3133333333334,2259.94,261.1778130081744,3,0,26,0,Lower-Value / Lower-Activity Buyers
C0901,Individual,Gregory,Allen,1999-02-15,M,France,Brittany,Investment,4,No,Agency,C0901,3,909138.84,303046.28,909.0566666666668,2727.17,323.6944912805544,3,0,26,0,Lower-Value / Lower-Activity Buyers
C0902,Company,Peerex,Co,1964-02-11,F,UK,Northern Ireland,Home,3,Yes,Agency,C0902,4,1281064.76,320266.19,1068.57,4274.28,300.9680189124511,4,0,61,0,Lower-Value / Lower-Activity Buyers
C0903,Individual,Christine,Morales,1992-04-28,F,USA,Texas,Investment,3,No,Website,C0903,3,1108147.61,369382.5366666666,1240.6066666666666,3721.82,299.6010403853574,3,0,33,0,Lower-Value / Lower-Activity Buyers
C0904,Individual,Nancy,Brooks,1984-03-08,F,Russia,Saint Petersburg,Home,1,Yes,Website,C0904,4,1050355.29,262588.8225,883.805,3535.22,290.04708482677603,3,1,41,0,Lower-Value / Lower-Activity Buyers
C0905,Individual,Emma,Allen,1993-05-16,F,USA,Virginia,Home,5,Yes,Website,C0905,3,877477.72,292492.5733333333,927.6066666666666,2782.82,309.22503185688345,3,0,32,0,Lower-Value / Lower-Activity Buyers
C0906,Individual,Jacqueline,Baker,1969-08-13,F,USA,California,Investment,5,No,Website,C0906,4,1757967.56,439491.89,1458.93,5835.72,300.62495699385056,3,1,56,1,Higher-Value Property Buyers
C0907,Individual,Danielle,Scott,1973-11-14,F,USA,California,Home,3,No,Agency,C0907,3,1375380.46,458460.1533333333,1459.1899999999998,4377.57,310.601097464294,3,0,52,1,Higher-Value Property Buyers
C0908,Individual,Carl,Kim,1960-11-17,M,USA,California,Home,4,Yes,Agency,C0908,4,1129941.35,282485.3375,825.1325,3300.53,347.65920286677624,3,1,65,0,Lower-Value / Lower-Activity Buyers
C0909,Individual,Brandon,Turner,1967-07-10,M,USA,California,Investment,1,Yes,Agency,C0909,4,1529455.73,382363.9325,1183.04,4732.16,325.2407114942365,2,2,58,1,Higher-Value Property Buyers
C0910,Individual,Victoria,Jackson,1971-11-24,F,USA,Texas,Home,3,Yes,Agency,C0910,3,1293598.48,431199.49333333335,1238.36,3715.08,342.79945374819334,2,1,54,1,Higher-Value Property Buyers
C0911,Individual,Donald,Long,1989-03-27,M,USA,California,Home,4,No,Website,C0911,4,1310405.32,327601.33,972.335,3889.34,337.0034363061051,4,0,36,0,Lower-Value / Lower-Activity Buyers
C0912,Individual,Christina,Freeman,1949-05-11,F,USA,California,Home,1,No,Agency,C0912,3,1322130.05,440710.01666666666,1351.4633333333334,4054.39,324.3756481756993,2,1,76,1,Higher-Value Property Buyers
C0913,Individual,Nathan,Hansen,1999-01-13,M,USA,California,Home,4,No,Agency,C0913,4,1935637.92,483909.48,1552.15,6208.6,313.36913444851484,3,1,26,1,Higher-Value Property Buyers
C0914,Individual,Helen,Freeman,1948-10-12,F,France,Provence,Investment,4,No,Website,C0914,4,1124290.78,281072.695,984.6475,3938.59,289.3480172051452,3,1,77,0,Lower-Value / Lower-Activity Buyers
C0915,Individual,Ronald,Harris,1948-01-23,M,USA,Florida,Home,2,No,Agency,C0915,3,1309768.71,436589.57,1283.46,3850.38,327.1811404036192,3,0,77,1,Higher-Value Property Buyers
C0916,Individual,Nathan,Hansen,1988-02-10,M,Russia,Moscow Oblast,Home,2,No,Website,C0916,4,1377591.46,344397.865,1114.105,4456.42,306.23787991648885,4,0,37,1,Higher-Value Property Buyers
C0917,Individual,Kenneth,Hughes,1969-08-01,M,USA,Arizona,Home,2,Yes,Agency,C0917,3,756785.49,252261.83,851.4266666666667,2554.28,297.57195253176656,3,0,56,0,Lower-Value / Lower-Activity Buyers
C0918,Individual,Susan,Cook,2000-02-21,F,Australia,Western Australia,Home,4,No,Client,C0918,3,1461361.87,487120.6233333333,1583.2166666666665,4749.65,309.795387697743,2,1,25,1,Higher-Value Property Buyers
C0919,Individual,Barbara,Foster,1975-08-17,F,Canada,Quebec,Investment,5,No,Agency,C0919,3,1059524.55,353174.85000000003,1179.5233333333333,3538.57,305.8908508316593,3,0,50,0,Lower-Value / Lower-Activity Buyers
C0920,Individual,Christian,Williams,1973-10-11,M,USA,California,Home,4,No,Website,C0920,3,878368.79,292789.5966666667,934.4333333333334,2803.3,321.2931144571189,3,0,52,0,Lower-Value / Lower-Activity Buyers
C0921,Individual,Christina,Reyes,1999-03-10,F,Australia,New South Wales,Home,4,No,Agency,C0921,3,802736.76,267578.92,900.46,2701.38,294.3762503755404,3,0,26,0,Lower-Value / Lower-Activity Buyers
C0922,Individual,Joe,Bell,1942-10-28,M,Australia,Victoria,Investment,4,Yes,Website,C0922,3,1105753.98,368584.66,1200.35,3601.05,308.73094161670343,3,0,83,0,Lower-Value / Lower-Activity Buyers
C0923,Individual,Ruth,Richardson,1950-08-26,F,USA,Oregon,Home,3,No,Client,C0923,4,1183422.85,295855.7125,1035.1925,4140.77,285.2070155991702,4,0,75,0,Lower-Value / Lower-Activity Buyers
C0924,Individual,Emily,Wright,1988-03-20,F,USA,California,Home,4,No,Website,C0924,4,1558670.83,389667.7075,1313.38,5253.52,299.7373006824945,3,1,37,1,Higher-Value Property Buyers
C0925,Individual,Michael,Ward,1944-05-12,M,Germany,Hamburg,Home,2,No,Website,C0925,3,1308035.02,436011.6733333333,1471.9,4415.7,295.3701328390946,2,1,81,1,Higher-Value Property Buyers
C0926,Individual,Lauren,Harris,1961-04-04,F,USA,California,Home,3,No,Website,C0926,3,1078841.73,359613.91,1207.6466666666668,3622.94,297.61005005296533,1,2,64,0,Lower-Value / Lower-Activity Buyers
C0927,Individual,Carol,Hayes,1962-11-04,F,France,Ile-de-France,Home,4,No,Client,C0927,3,933499.38,311166.46,952.2633333333332,2856.79,320.8203680770841,2,1,63,0,Lower-Value / Lower-Activity Buyers
C0928,Individual,Jordan,Jordan,1950-02-27,M,USA,California,Home,1,Yes,Agency,C0928,3,758070.13,252690.0433333333,883.7466666666666,2651.24,298.25383289313083,2,1,75,0,Lower-Value / Lower-Activity Buyers
C0929,Individual,Jack,Hall,1954-05-23,M,USA,Washington,Home,4,No,Website,C0929,3,1167841.72,389280.5733333333,1117.9399999999998,3353.82,349.4530842929988,3,0,71,0,Lower-Value / Lower-Activity Buyers
C0930,Individual,Debra,Moore,1993-04-15,F,USA,Washington,Investment,1,Yes,Agency,C0930,3,924305.53,308101.8433333333,1110.6233333333332,3331.87,289.4556742458752,3,0,32,0,Lower-Value / Lower-Activity Buyers
C0931,Individual,Daniel,Parker,1977-12-25,M,USA,Nevada,Investment,2,Yes,Client,C0931,3,997418.61,332472.87,1090.9466666666667,3272.84,304.2758060505078,3,0,48,0,Lower-Value / Lower-Activity Buyers
C0932,Individual,Kathleen,Moore,1949-07-14,F,USA,New York,Home,5,No,Website,C0932,4,1468310.66,367077.665,1196.9725,4787.889999999999,305.08055221862105,4,0,76,1,Higher-Value Property Buyers
C0933,Individual,Kimberly,Johnson,1955-09-03,F,USA,California,Home,4,No,Website,C0933,3,1077170.94,359056.98,1155.4633333333334,3466.39,311.75039494413755,2,1,70,0,Lower-Value / Lower-Activity Buyers
C0934,Individual,Barbara,Allen,1943-10-02,F,UK,Northern Ireland,Investment,5,Yes,Website,C0934,3,912489.59,304163.1966666667,1086.9833333333331,3260.95,291.740054900947,3,0,82,0,Lower-Value / Lower-Activity Buyers
C0935,Individual,Katherine,Cooper,2000-05-17,F,Canada,Manitoba,Home,4,No,Agency,C0935,3,1133032.49,377677.4966666666,1221.6766666666665,3665.03,320.71481879954456,2,1,25,1,Higher-Value Property Buyers
C0936,Individual,Carolyn,Brooks,1951-04-10,F,USA,California,Home,3,No,Client,C0936,3,782945.97,260981.99,879.3433333333332,2638.03,296.84915859488143,2,1,74,0,Lower-Value / Lower-Activity Buyers
C0937,Individual,Gerald,Chavez,1982-04-03,M,USA,Arizona,Home,5,No,Client,C0937,4,1370340.91,342585.22750000004,1127.3175,4509.27,307.37339672768826,4,0,43,1,Higher-Value Property Buyers
C0938,Individual,William,Chavez,1963-05-08,M,Russia,Krasnodar Krai,Home,4,No,Website,C0938,3,854217.7,284739.23333333334,851.87,2555.61,331.4848799607234,3,0,62,0,Lower-Value / Lower-Activity Buyers
C0939,Individual,Anna,Alexander,1978-02-02,F,Belgium,Brussels,Investment,1,No,Website,C0939,4,1190833.68,297708.42,996.3625,3985.45,299.3216776801628,4,0,47,0,Lower-Value / Lower-Activity Buyers
C0940,Individual,Kyle,Bell,1985-12-19,M,USA,Virginia,Investment,5,No,Website,C0940,4,1628937.85,407234.4625,1332.2825,5329.13,301.2069210723519,3,1,40,1,Higher-Value Property Buyers
C0941,Individual,Grace,Moore,1955-07-17,F,Mexico,Jalisco,Home,1,No,Agency,C0941,3,1028314.09,342771.36333333334,1089.46,3268.38,314.2699469183244,2,1,70,0,Lower-Value / Lower-Activity Buyers
C0942,Individual,Joan,Jackson,1991-12-14,F,USA,California,Home,1,No,Website,C0942,4,1402631.76,350657.94,1008.6625,4034.65,344.62482428868657,4,0,34,1,Higher-Value Property Buyers
C0943,Individual,Karen,Cox,1957-09-13,F,Canada,Manitoba,Investment,5,No,Website,C0943,3,975048.28,325016.0933333333,1129.1766666666665,3387.53,288.9682701005914,2,1,68,0,Lower-Value / Lower-Activity Buyers
C0944,Individual,Virginia,Hughes,1956-08-24,F,USA,Florida,Home,2,No,Website,C0944,3,1256722.03,418907.3433333333,1283.46,3850.38,316.41455277495,2,1,69,1,Higher-Value Property Buyers
C0945,Individual,Emily,Hayes,1945-09-04,F,France,Provence,Home,4,No,Website,C0945,3,973406.55,324468.85000000003,1102.8633333333337,3308.59,292.67881177084405,3,0,80,0,Lower-Value / Lower-Activity Buyers
C0946,Individual,Ashley,Weaver,1946-07-04,F,USA,Nevada,Investment,3,Yes,Agency,C0946,3,827605.63,275868.54333333333,897.3100000000001,2691.9300000000003,308.0848539378181,3,0,79,0,Lower-Value / Lower-Activity Buyers
C0947,Individual,Samantha,Cox,1981-05-16,F,USA,Texas,Home,2,No,Website,C0947,3,1096583.29,365527.76333333337,1190.3133333333333,3570.94,303.0773212797431,3,0,44,0,Lower-Value / Lower-Activity Buyers
C0948,Individual,Emma,Nelson,1989-12-16,F,USA,California,Investment,3,Yes,Website,C0948,4,1532000.51,383000.1275,1299.3675,5197.47,292.4294946291139,2,2,36,1,Higher-Value Property Buyers
C0949,Individual,Julia,Price,1943-06-26,F,USA,Colorado,Investment,5,Yes,Client,C0949,4,1397057.95,349264.4875,1102.2725,4409.09,304.96042569271594,3,1,82,1,Higher-Value Property Buyers
C0950,Individual,Christina,Price,1991-12-11,F,USA,Texas,Investment,5,No,Website,C0950,4,1418212.48,354553.12,1146.9925,4587.97,309.1729172561952,3,1,34,1,Higher-Value Property Buyers
C0951,Individual,Rachel,Chavez,1998-11-15,F,Mexico,Nuevo Leon,Home,1,Yes,Client,C0951,4,1658301.92,414575.48,1290.8,5163.2,318.9352119657447,4,0,27,1,Higher-Value Property Buyers
C0952,Individual,Ann,Martin,1959-09-03,F,USA,Oregon,Home,5,No,Website,C0952,4,1886501.93,471625.4825,1510.65,6042.6,311.13443814146524,3,1,66,1,Higher-Value Property Buyers
C0953,Company,Helios,Co,1995-10-22,M,USA,Washington,Home,5,Yes,Website,C0953,3,639815.0,213271.66666666663,839.1433333333334,2517.4300000000003,260.1807906814217,3,0,30,0,Lower-Value / Lower-Activity Buyers
C0954,Individual,Michael,Evans,1950-04-08,M,France,Brittany,Investment,4,Yes,Agency,C0954,4,1493788.0,373447.0,1204.4975,4817.99,316.54789585866547,3,1,75,1,Higher-Value Property Buyers
C0955,Individual,Megan,Garcia,1969-01-11,F,USA,California,Home,1,No,Website,C0955,3,1098111.78,366037.26,1205.9633333333334,3617.89,303.7837294950627,3,0,56,0,Lower-Value / Lower-Activity Buyers
C0956,Individual,Donald,Jackson,1966-03-10,M,USA,California,Home,1,Yes,Website,C0956,4,1647197.45,411799.3625,1294.645,5178.58,318.118525167396,3,1,59,1,Higher-Value Property Buyers
C0957,Company,Crestwood,Co,1961-05-21,M,USA,Oregon,Home,2,Yes,Client,C0957,4,1295242.02,323810.505,1072.5575,4290.23,309.9639640800107,4,0,64,0,Lower-Value / Lower-Activity Buyers
C0958,Individual,Betty,Rogers,1991-07-11,F,USA,Nevada,Home,1,Yes,Website,C0958,4,936091.45,234022.8625,834.6575,3338.63,281.68130459746465,4,0,34,0,Lower-Value / Lower-Activity Buyers
C0959,Individual,Carl,Hayes,1952-09-13,M,USA,California,Home,3,No,Agency,C0959,4,1840159.66,460039.915,1572.79,6291.16,290.2481504875404,4,0,73,1,Higher-Value Property Buyers
C0960,Individual,Linda,Bennett,1960-04-01,F,USA,Arizona,Investment,1,Yes,Client,C0960,4,1380084.58,345021.145,1148.2475,4592.99,302.4929876697332,3,1,65,1,Higher-Value Property Buyers
C0961,Individual,Brandon,Morales,1974-08-03,M,UK,Wales,Home,2,Yes,Website,C0961,4,1681311.67,420327.9175,1271.345,5085.38,322.9858897950755,4,0,51,1,Higher-Value Property Buyers
C0962,Individual,Nicholas,Hansen,1940-07-18,M,USA,California,Home,4,No,Website,C0962,4,1335726.82,333931.705,1114.2125,4456.85,300.90854803873805,4,0,85,1,Higher-Value Property Buyers
C0963,Individual,James,Davis,1941-08-09,M,Canada,Alberta,Home,4,No,Agency,C0963,3,598874.99,199624.99666666667,678.9699999999999,2036.91,294.37238795965703,2,1,84,0,Lower-Value / Lower-Activity Buyers
C0964,Individual,Elizabeth,Hall,1953-09-19,F,USA,California,Home,4,No,Website,C0964,3,1015121.69,338373.89666666667,1168.3833333333334,3505.15,287.7562530722898,3,0,72,0,Lower-Value / Lower-Activity Buyers
C0965,Individual,Lauren,Adams,1961-09-26,F,USA,New York,Investment,3,No,Website,C0965,3,840199.6100000001,280066.5366666667,862.1066666666666,2586.32,327.9994305582956,2,1,64,0,Lower-Value / Lower-Activity Buyers
C0966,Company,Corvus,Co,1995-10-11,M,USA,California,Investment,3,No,Website,C0966,4,1606785.0499999998,401696.2625,1510.34,6041.36,275.3910258640924,3,1,30,1,Higher-Value Property Buyers
C0967,Individual,Jennifer,Moore,1959-01-20,F,USA,California,Home,2,No,Agency,C0967,3,705599.66,235199.8866666667,879.3433333333332,2638.03,270.92870403576376,2,1,66,0,Lower-Value / Lower-Activity Buyers
C0968,Individual,Julie,Hansen,1995-11-21,F,USA,Arizona,Home,4,No,Website,C0968,3,1089074.71,363024.9033333333,1168.3833333333334,3505.15,306.8578888571016,2,1,30,0,Lower-Value / Lower-Activity Buyers
C0969,Individual,Amber,Ward,1976-03-27,F,Russia,Tatarstan,Investment,1,Yes,Agency,C0969,3,1118760.19,372920.0633333333,1186.4366666666667,3559.31,304.3414643174505,2,1,49,0,Lower-Value / Lower-Activity Buyers
C0970,Individual,Peter,Johnson,1986-12-01,M,Denmark,North Denmark,Home,3,Yes,Website,C0970,4,1596404.25,399101.0625,1313.38,5253.52,301.00245069306345,3,1,39,1,Higher-Value Property Buyers
C0971,Individual,Cynthia,Mitchell,1969-06-02,F,USA,Colorado,Investment,5,Yes,Website,C0971,4,1278450.05,319612.5125,1011.23,4044.92,313.85065589563084,4,0,56,0,Lower-Value / Lower-Activity Buyers
C0972,Individual,Sandra,Evans,1964-09-16,F,USA,Arizona,Home,5,No,Agency,C0972,4,1298009.03,324502.2575,1072.985,4291.94,299.198430638982,4,0,61,0,Lower-Value / Lower-Activity Buyers
C0973,Individual,Charles,Stone,1992-12-03,M,USA,California,Investment,2,No,Client,C0973,4,1595817.16,398954.29,1210.7375000000002,4842.950000000001,333.0310914890481,3,1,33,1,Higher-Value Property Buyers
C0974,Individual,Michael,Hansen,1961-05-22,M,USA,New York,Home,1,No,Agency,C0974,4,1210990.11,302747.5275,1008.395,4033.58,294.33650684938635,4,0,64,0,Lower-Value / Lower-Activity Buyers
C0975,Individual,Gregory,Reyes,1946-07-09,M,USA,Utah,Home,4,No,Website,C0975,3,941310.61,313770.2033333333,1050.08,3150.24,302.3541105653684,3,0,79,0,Lower-Value / Lower-Activity Buyers
C0976,Individual,Ryan,Miller,1983-07-18,M,USA,California,Home,4,Yes,Website,C0976,4,1206149.98,301537.495,947.7475,3790.99,315.51504086805863,3,1,42,0,Lower-Value / Lower-Activity Buyers
C0977,Individual,Ryan,James,1996-04-07,M,USA,California,Home,1,No,Agency,C0977,3,944672.95,314890.98333333334,1092.506666666667,3277.52,284.63107516012536,3,0,29,0,Lower-Value / Lower-Activity Buyers
C0978,Individual,Lauren,Brown,1963-11-11,F,USA,California,Home,4,Yes,Website,C0978,3,1449360.91,483120.3033333334,1526.9566666666667,4580.87,316.650344003343,3,0,62,1,Higher-Value Property Buyers
C0979,Individual,Madison,Roberts,1940-02-25,F,Canada,Quebec,Investment,4,No,Website,C0979,3,864661.4500000001,288220.48333333334,939.33,2817.99,307.1839583202157,3,0,85,0,Lower-Value / Lower-Activity Buyers
C0980,Individual,Daniel,Davis,1942-01-13,M,USA,New York,Investment,1,Yes,Website,C0980,3,1156326.64,385442.2133333334,1392.5566666666666,4177.67,288.11923914459976,2,1,83,1,Higher-Value Property Buyers
C0981,Individual,Jessica,Stewart,1961-11-14,F,USA,California,Investment,1,No,Website,C0981,4,2048324.19,512081.0475,1555.2975,6221.1900000000005,331.2073515732492,3,1,64,1,Higher-Value Property Buyers
C0982,Individual,Joyce,Jackson,1961-07-08,F,Canada,Manitoba,Investment,5,Yes,Agency,C0982,3,1443503.73,481167.91,1456.36,4369.08,342.41607823212286,3,0,64,1,Higher-Value Property Buyers
C0983,Individual,Brittany,Freeman,1994-06-21,F,Germany,North Rhine-Westphalia,Home,4,No,Website,C0983,3,803219.7,267739.9,899.62,2698.86,297.90910935589744,3,0,31,0,Lower-Value / Lower-Activity Buyers
C0984,Individual,Mark,Johnson,1962-12-03,M,Canada,British Columbia,Home,5,Yes,Agency,C0984,3,1206529.21,402176.4033333333,1337.1733333333334,4011.52,306.06036448231094,2,1,63,1,Higher-Value Property Buyers
C0985,Individual,Ruth,Griffin,1954-10-15,F,USA,California,Home,1,Yes,Website,C0985,3,886990.72,295663.5733333333,934.4333333333334,2803.3,318.71525327720883,2,1,71,0,Lower-Value / Lower-Activity Buyers
C0986,Individual,Jacqueline,Ward,1981-10-18,F,Russia,Saint Petersburg,Home,2,No,Website,C0986,3,1445226.07,481742.0233333334,1510.3766666666668,4531.13,314.022197887687,2,1,44,1,Higher-Value Property Buyers
C0987,Individual,Maria,Johnson,1967-10-22,F,Germany,North Rhine-Westphalia,Home,1,Yes,Agency,C0987,4,1086018.36,271504.59,984.12,3936.48,282.1152952097202,3,1,58,0,Lower-Value / Lower-Activity Buyers
C0988,Individual,Douglas,Cooper,1988-04-21,M,USA,Texas,Home,3,Yes,Agency,C0988,3,695033.8,231677.9333333333,724.0866666666667,2172.26,323.15023711577953,3,0,37,0,Lower-Value / Lower-Activity Buyers
C0989,Individual,Amber,Cook,1946-10-19,F,USA,Oregon,Home,4,No,Website,C0989,4,1129907.31,282476.8275,1035.1925,4140.77,275.65055280155553,3,1,79,0,Lower-Value / Lower-Activity Buyers
C0990,Individual,Carl,Carter,1942-01-21,M,USA,Utah,Home,4,No,Website,C0990,4,1588383.36,397095.84,1321.76,5287.04,298.8450324700167,4,0,83,1,Higher-Value Property Buyers
C0991,Individual,Heather,Adams,1975-03-27,F,USA,Nevada,Home,1,No,Website,C0991,3,1223116.15,407705.3833333333,1464.8466666666666,4394.54,281.16282453781065,3,0,50,1,Higher-Value Property Buyers
C0992,Individual,Scott,Hughes,1988-11-19,M,Denmark,Capital Region,Home,1,Yes,Website,C0992,4,1478482.61,369620.6525,1205.465,4821.86,308.4945964231183,4,0,37,1,Higher-Value Property Buyers
C0993,Individual,Ryan,Campbell,1954-03-11,M,USA,California,Home,2,Yes,Website,C0993,3,530494.44,176831.47999999998,610.62,1831.86,287.45408616535224,3,0,71,0,Lower-Value / Lower-Activity Buyers
C0994,Individual,Michael,Moore,1976-11-26,M,USA,California,Home,3,No,Website,C0994,4,1379902.87,344975.7175,1187.8925000000002,4751.570000000001,293.559264821312,4,0,49,1,Higher-Value Property Buyers
C0995,Individual,Amanda,Kim,1949-10-14,F,Australia,New South Wales,Home,1,Yes,Website,C0995,3,1004120.77,334706.92333333334,1037.11,3111.33,320.3535747659157,2,1,76,0,Lower-Value / Lower-Activity Buyers
C0996,Individual,Terry,Howard,1956-06-11,M,Canada,Manitoba,Home,2,Yes,Client,C0996,3,888968.0,296322.6666666667,941.21,2823.63,314.8072855839984,2,1,69,0,Lower-Value / Lower-Activity Buyers
C0997,Individual,Terry,Collins,1950-03-11,M,USA,California,Investment,3,Yes,Agency,C0997,3,1607877.07,535959.0233333333,1654.4733333333334,4963.42,327.1364224522813,2,1,75,1,Higher-Value Property Buyers
C0998,Company,Grandis,Co,1969-05-06,F,USA,Virginia,Home,4,No,Agency,C0998,4,1230552.15,307638.0375,1053.27,4213.08,290.3612311492981,3,1,56,0,Lower-Value / Lower-Activity Buyers
C0999,Individual,Jacqueline,Cox,1969-09-15,F,USA,California,Investment,3,No,Agency,C0999,3,661984.35,220661.45,753.3133333333334,2259.94,294.4571639699334,3,0,56,0,Lower-Value / Lower-Activity Buyers
C1000,Individual,Judith,Parker,1963-07-21,F,USA,Utah,Home,2,Yes,Website,C1000,4,1629372.23,407343.0575,1316.6550000000002,5266.620000000001,295.5081146814199,4,0,62,1,Higher-Value Property Buyers
C1001,Individual,Aaron,Nelson,1981-07-13,M,USA,California,Home,3,No,Website,C1001,4,1650296.94,412574.235,1326.3725,5305.49,310.16333452944724,4,0,44,1,Higher-Value Property Buyers
C1002,Individual,Scott,Hughes,1967-06-08,M,USA,California,Home,5,No,Website,C1002,3,1064050.72,354683.5733333333,1052.0866666666668,3156.26,324.7466875375312,2,1,58,0,Lower-Value / Lower-Activity Buyers
C1003,Individual,Lauren,Bennett,1977-08-11,F,USA,Nevada,Home,2,No,Website,C1003,3,1164909.23,388303.07666666666,1303.7766666666666,3911.33,293.62565256578495,2,1,48,1,Higher-Value Property Buyers
C1004,Individual,Alexander,Anderson,1982-09-17,M,USA,Oregon,Home,3,Yes,Website,C1004,4,1553467.66,388366.915,1254.045,5016.18,307.39957363177257,4,0,43,1,Higher-Value Property Buyers
C1005,Individual,Barbara,Chavez,1988-06-07,F,Germany,Hamburg,Home,3,No,Client,C1005,3,778101.6000000001,259367.20000000004,993.0033333333334,2979.01,271.0009824298048,2,1,37,0,Lower-Value / Lower-Activity Buyers
C1006,Individual,Stephanie,Weaver,1992-12-24,F,USA,Georgia,Home,1,No,Website,C1006,3,738938.8,246312.9333333333,828.39,2485.17,294.7771085435938,3,0,33,0,Lower-Value / Lower-Activity Buyers
C1007,Individual,Joyce,Brooks,1948-10-25,F,UK,England,Home,4,No,Agency,C1007,3,813104.68,271034.89333333337,847.0366666666667,2541.11,317.6790312619853,2,1,77,0,Lower-Value / Lower-Activity Buyers
C1008,Company,Sterling,Co,1987-10-02,M,USA,California,Home,2,No,Website,C1008,4,1018262.69,254565.6725,849.79,3399.16,303.07177350254955,4,0,38,0,Lower-Value / Lower-Activity Buyers
C1009,Individual,Evelyn,Bell,1950-02-11,F,USA,Nevada,Investment,4,Yes,Agency,C1009,3,741160.04,247053.34666666668,971.19,2913.57,257.5333442470797,3,0,75,0,Lower-Value / Lower-Activity Buyers
C1010,Individual,Dennis,Moore,1964-03-10,M,Mexico,Jalisco,Home,4,No,Website,C1010,4,1331479.73,332869.9325,1077.195,4308.78,301.60505964963625,3,1,61,0,Lower-Value / Lower-Activity Buyers
C1011,Individual,Virginia,Brooks,1952-12-18,F,USA,California,Investment,1,No,Website,C1011,4,1281389.39,320347.34750000003,1075.505,4302.02,305.9364376382235,4,0,73,0,Lower-Value / Lower-Activity Buyers
C1012,Individual,Raymond,Morales,1960-10-20,M,USA,New York,Home,4,Yes,Website,C1012,3,1690270.5,563423.5,1736.0333333333335,5208.1,325.46681833593675,2,1,65,1,Higher-Value Property Buyers
C1013,Individual,Stephanie,Patterson,1994-06-19,F,USA,Oregon,Home,1,Yes,Website,C1013,4,1627907.97,406976.9925,1298.145,5192.58,312.654772421993,3,1,31,1,Higher-Value Property Buyers
C1014,Individual,David,Weaver,1969-01-06,M,USA,California,Home,3,Yes,Website,C1014,3,1278106.36,426035.45333333337,1523.6933333333334,4571.08,292.9843221669268,3,0,56,1,Higher-Value Property Buyers
C1015,Individual,Kyle,Davis,1977-09-01,M,USA,California,Home,4,Yes,Website,C1015,3,884426.51,294808.83666666667,973.09,2919.27,300.2249321831583,3,0,48,0,Lower-Value / Lower-Activity Buyers
C1016,Individual,Andrea,Wilson,1976-04-05,F,USA,California,Home,4,Yes,Agency,C1016,4,1542774.61,385693.6525,1214.5625,4858.25,312.8043986665632,3,1,49,1,Higher-Value Property Buyers
C1017,Individual,Megan,Baker,1968-12-22,F,USA,California,Home,1,Yes,Agency,C1017,4,1116371.43,279092.8575,928.745,3714.98,305.23937087997666,3,1,57,0,Lower-Value / Lower-Activity Buyers
C1018,Individual,Tiffany,Turner,1967-06-19,F,USA,Colorado,Home,5,Yes,Client,C1018,3,845680.5700000001,281893.5233333334,1033.4833333333331,3100.45,273.2305004945338,3,0,58,0,Lower-Value / Lower-Activity Buyers
C1019,Individual,Carolyn,Stewart,1975-10-27,F,USA,Nevada,Home,2,No,Client,C1019,3,1167255.18,389085.06,1325.0800000000002,3975.24,298.1001304860728,3,0,50,1,Higher-Value Property Buyers
C1020,Individual,Deborah,Morales,1994-07-23,F,USA,California,Home,3,No,Agency,C1020,4,1248826.86,312206.715,994.0725,3976.29,306.5220996767232,3,1,31,0,Lower-Value / Lower-Activity Buyers
C1021,Individual,Jeffrey,Bryant,1974-09-04,M,USA,California,Investment,1,No,Client,C1021,4,1554739.9,388684.975,1340.7775,5363.110000000001,295.54079628802083,3,1,51,1,Higher-Value Property Buyers
C1022,Individual,Christina,King,1984-04-17,F,USA,Colorado,Home,1,No,Agency,C1022,4,1389709.13,347427.2825,1122.0925,4488.37,306.8867427595196,3,1,41,1,Higher-Value Property Buyers
C1023,Individual,Heather,Bell,1953-07-28,F,USA,Nevada,Home,1,Yes,Website,C1023,3,1336237.87,445412.62333333335,1599.3433333333332,4798.03,275.5785645289239,3,0,72,1,Higher-Value Property Buyers
C1024,Individual,Gregory,Long,1969-08-03,M,USA,Arizona,Investment,2,No,Agency,C1024,3,1351032.92,450344.3066666666,1510.3766666666668,4531.13,295.4987557332975,3,0,56,1,Higher-Value Property Buyers
C1025,Individual,Michelle,King,1947-01-20,F,USA,California,Home,1,No,Client,C1025,3,738424.1799999999,246141.3933333333,735.3566666666667,2206.07,335.6071778462603,2,1,78,0,Lower-Value / Lower-Activity Buyers
C1026,Individual,Robert,Parker,1991-08-12,M,USA,California,Investment,1,No,Agency,C1026,3,1440775.1,480258.3666666667,1452.263333333333,4356.79,334.1423474482069,3,0,34,1,Higher-Value Property Buyers
C1027,Individual,Gerald,White,1976-12-10,M,USA,California,Investment,1,Yes,Client,C1027,3,1554407.81,518135.9366666667,1649.26,4947.78,318.9668157987488,2,1,49,1,Higher-Value Property Buyers
C1028,Individual,Nicholas,Cox,1942-04-07,M,USA,California,Home,1,Yes,Website,C1028,4,1143826.71,285956.6775,984.12,3936.48,290.9076854075112,4,0,83,0,Lower-Value / Lower-Activity Buyers
C1029,Individual,Ryan,Jackson,1949-11-06,M,Australia,Victoria,Home,1,No,Agency,C1029,3,946560.97,315520.3233333333,1049.38,3148.14,299.1766034932709,3,0,76,0,Lower-Value / Lower-Activity Buyers
C1030,Individual,Christine,Owens,1960-04-20,F,USA,Ohio,Home,4,No,Website,C1030,4,1353543.06,338385.765,1070.475,4281.9,313.4285139672919,4,0,65,1,Higher-Value Property Buyers
C1031,Individual,Alexander,Reed,1989-01-13,M,UK,England,Home,1,No,Website,C1031,3,1011333.2,337111.06666666665,1088.5866666666668,3265.76,312.3940949609546,2,1,36,0,Lower-Value / Lower-Activity Buyers
C1032,Individual,Larry,Freeman,1977-01-03,M,USA,Nevada,Home,5,No,Website,C1032,4,1494289.73,373572.4325,1086.2275,4344.91,342.2080408780598,4,0,48,1,Higher-Value Property Buyers
C1033,Individual,Eric,Jackson,1962-06-21,M,France,Ile-de-France,Home,2,No,Website,C1033,4,1496120.51,374030.1275,1313.38,5253.52,290.56103891604687,3,1,63,1,Higher-Value Property Buyers
C1034,Individual,Andrea,Wilson,1979-01-20,F,USA,Colorado,Home,5,No,Client,C1034,4,1200049.6,300012.4,970.375,3881.5,310.75049022317035,3,1,46,0,Lower-Value / Lower-Activity Buyers
C1035,Individual,Jacob,Williams,1961-02-10,M,USA,Virginia,Home,2,No,Website,C1035,4,1528550.13,382137.5325,1227.17,4908.68,311.63793649156986,2,2,64,1,Higher-Value Property Buyers
C1036,Individual,Martha,Collins,1988-03-13,F,USA,Oregon,Home,2,No,Agency,C1036,3,1176436.08,392145.36,1350.493333333333,4051.48,289.98572327398165,3,0,37,1,Higher-Value Property Buyers
C1037,Company,Corvus,Co,1970-01-02,M,Mexico,Baja California,Home,2,Yes,Website,C1037,3,1115637.13,371879.0433333333,1190.3133333333333,3570.94,307.6473681977245,2,1,55,0,Lower-Value / Lower-Activity Buyers
C1038,Individual,Gerald,Gray,1959-05-25,M,USA,California,Investment,3,No,Website,C1038,3,907128.2,302376.0666666667,939.33,2817.99,320.6355734378572,3,0,66,0,Lower-Value / Lower-Activity Buyers
C1039,Individual,Nicholas,Carter,1962-07-17,M,USA,California,Home,1,Yes,Agency,C1039,4,1428452.94,357113.235,1210.7375000000002,4842.950000000001,290.18791818982925,4,0,63,1,Higher-Value Property Buyers
C1040,Individual,Joseph,Young,1940-04-05,M,USA,California,Investment,5,Yes,Website,C1040,3,901095.79,300365.26333333337,992.22,2976.66,302.49273184974817,3,0,85,0,Lower-Value / Lower-Activity Buyers
C1041,Individual,Evelyn,Morris,1990-12-07,F,USA,Nevada,Home,5,Yes,Website,C1041,3,1150040.79,383346.93,1303.7766666666666,3911.33,296.6726115199364,3,0,35,1,Higher-Value Property Buyers
C1042,Individual,Rebecca,Parker,1945-08-03,F,USA,Nevada,Home,2,No,Agency,C1042,4,1325783.46,331445.865,1122.0925,4488.37,300.32888890851893,4,0,80,1,Higher-Value Property Buyers
C1043,Individual,Carol,Griffin,1999-07-14,F,USA,Washington,Home,5,No,Website,C1043,3,1067911.86,355970.61999999994,1357.1933333333334,4071.58,262.4906999884452,3,0,26,1,Higher-Value Property Buyers
C1044,Individual,Eric,Howard,1971-05-15,M,USA,Nevada,Investment,5,No,Website,C1044,4,1368036.39,342009.09750000003,1145.535,4582.14,297.38934570167584,4,0,54,1,Higher-Value Property Buyers
C1045,Individual,Rebecca,Allen,1942-04-01,F,USA,New York,Home,3,No,Website,C1045,3,974840.03,324946.6766666667,1060.1133333333337,3180.34,304.33718511175783,1,2,83,0,Lower-Value / Lower-Activity Buyers
C1046,Individual,Maria,Wood,1969-05-21,F,Canada,Quebec,Home,4,Yes,Website,C1046,4,1301128.39,325282.0975,1049.6999999999998,4198.799999999999,306.37197607525377,4,0,56,0,Lower-Value / Lower-Activity Buyers
C1047,Individual,Ronald,Reyes,1984-12-12,M,USA,Virginia,Home,3,No,Website,C1047,3,1333737.83,444579.2766666667,1454.5733333333335,4363.72,305.3774365823991,3,0,41,1,Higher-Value Property Buyers
C1048,Individual,Angela,Turner,1970-01-27,F,USA,Oregon,Investment,1,No,Agency,C1048,3,1349339.41,449779.8033333333,1439.256666666667,4317.77,317.946504185774,2,1,55,1,Higher-Value Property Buyers
C1049,Individual,Tiffany,Sanders,1940-11-05,F,USA,California,Investment,5,No,Website,C1049,3,1214294.16,404764.72,1451.5366666666669,4354.610000000001,278.866775395034,3,0,85,1,Higher-Value Property Buyers
C1050,Individual,Tyler,Watson,1955-10-03,M,USA,Georgia,Home,4,Yes,Website,C1050,4,1274655.09,318663.7725,1192.72,4770.88,268.388272161904,4,0,70,1,Higher-Value Property Buyers
C1051,Individual,Cheryl,Hansen,1958-07-19,F,USA,Virginia,Home,1,Yes,Agency,C1051,3,894972.26,298324.08666666667,1016.7433333333332,3050.23,285.4355278770435,2,1,67,0,Lower-Value / Lower-Activity Buyers
C1052,Individual,Kimberly,Parker,1953-04-24,F,USA,Utah,Home,1,Yes,Agency,C1052,4,1008000.54,252000.135,836.9425,3347.77,306.12137055351894,4,0,72,0,Lower-Value / Lower-Activity Buyers
C1053,Individual,Adam,Kim,1974-11-10,M,Mexico,Nuevo Leon,Home,2,Yes,Website,C1053,3,1280976.9,426992.3,1336.61,4009.83,313.1594809077357,3,0,51,1,Higher-Value Property Buyers
C1054,Individual,Edward,Foster,1989-09-04,M,USA,Arizona,Home,2,Yes,Website,C1054,3,837920.5800000001,279306.86000000004,879.3433333333332,2638.03,318.5971653034283,2,1,36,0,Lower-Value / Lower-Activity Buyers
C1055,Individual,Jonathan,Bennett,1972-11-20,M,USA,New York,Investment,2,Yes,Website,C1055,3,811498.78,270499.5933333333,926.3966666666666,2779.19,287.2751317727363,2,1,53,0,Lower-Value / Lower-Activity Buyers
C1056,Individual,Larry,Wilson,1979-01-19,M,USA,Colorado,Home,1,Yes,Website,C1056,3,1436352.77,478784.25666666665,1754.9366666666667,5264.81,273.1451540331124,2,1,46,1,Higher-Value Property Buyers
C1057,Individual,Jesse,Garcia,1994-04-17,M,USA,Nevada,Investment,5,No,Website,C1057,4,1430593.53,357648.3825,1301.4,5205.6,284.0846420812627,4,0,31,1,Higher-Value Property Buyers
C1058,Individual,Rachel,Weaver,1973-06-12,F,Germany,Bavaria,Home,3,Yes,Website,C1058,4,1526007.8199999998,381501.955,1190.4075,4761.63,320.5533224872499,3,1,52,1,Higher-Value Property Buyers
C1059,Individual,Danielle,Davis,1978-06-26,F,USA,California,Home,4,No,Website,C1059,3,1266979.76,422326.5866666666,1422.97,4268.91,298.61536509265187,1,2,47,1,Higher-Value Property Buyers
C1060,Individual,Christian,Evans,1940-12-25,M,USA,Nevada,Home,5,No,Agency,C1060,3,1167625.18,389208.3933333333,1321.503333333333,3964.51,292.84046366411,3,0,85,1,Higher-Value Property Buyers
C1061,Individual,Stephanie,Smith,1960-06-01,F,UK,Scotland,Home,1,No,Website,C1061,4,1689767.29,422441.8225,1422.9925,5691.97,295.5438986749776,4,0,65,1,Higher-Value Property Buyers
C1062,Individual,Billy,Foster,1975-12-20,M,USA,California,Home,4,No,Agency,C1062,4,1766882.53,441720.6325,1406.6075,5626.43,310.5227475029277,4,0,50,1,Higher-Value Property Buyers
C1063,Individual,Nicole,Weaver,1988-12-05,F,USA,New York,Investment,5,Yes,Website,C1063,3,1315820.94,438606.98,1354.2933333333333,4062.88,331.43911501254087,2,1,37,1,Higher-Value Property Buyers
C1064,Individual,Brandon,Pierce,1945-08-06,M,USA,California,Home,5,Yes,Website,C1064,3,695434.77,231811.59,883.7466666666668,2651.24,280.86082373635776,2,1,80,0,Lower-Value / Lower-Activity Buyers
C1065,Individual,Mark,Reyes,1955-01-06,M,USA,Georgia,Home,3,Yes,Client,C1065,3,1107631.34,369210.4466666667,1263.5766666666666,3790.73,291.9173313852005,3,0,70,0,Lower-Value / Lower-Activity Buyers
C1066,Individual,Ashley,Moore,1941-09-21,F,Australia,Victoria,Home,1,No,Website,C1066,4,1208868.77,302217.1925,990.9875,3963.95,301.5513813972149,3,1,84,0,Lower-Value / Lower-Activity Buyers
C1067,Individual,Samuel,Howard,1942-12-24,M,Mexico,Jalisco,Investment,4,No,Agency,C1067,3,849001.36,283000.4533333333,904.0466666666669,2712.1400000000003,315.0468330999723,2,1,83,0,Lower-Value / Lower-Activity Buyers
C1068,Individual,Kathleen,Carter,1984-02-10,F,USA,California,Home,3,No,Agency,C1068,3,1403831.31,467943.77,1609.0333333333335,4827.1,289.7214368698945,2,1,41,1,Higher-Value Property Buyers
C1069,Individual,Lawrence,Cox,1992-06-13,M,USA,Virginia,Home,3,Yes,Agency,C1069,3,1323760.84,441253.6133333333,1413.0600000000002,4239.18,303.44639679224434,3,0,33,1,Higher-Value Property Buyers
C1070,Individual,Virginia,Rogers,1951-06-26,F,Germany,Bavaria,Home,5,No,Agency,C1070,3,1286265.14,428755.0466666667,1471.9,4415.7,291.8865314648721,3,0,74,1,Higher-Value Property Buyers
C1071,Individual,Aaron,Johnson,1966-08-11,M,USA,Texas,Home,2,No,Agency,C1071,4,1047375.62,261843.905,874.6275,3498.51,294.39774298838563,3,1,59,0,Lower-Value / Lower-Activity Buyers
C1072,Individual,Kimberly,Jones,1962-06-10,F,USA,Utah,Home,3,No,Agency,C1072,3,829884.93,276628.31,979.0866666666668,2937.26,288.5696389424168,3,0,63,0,Lower-Value / Lower-Activity Buyers
C1073,Individual,Carl,Collins,1955-07-02,M,USA,California,Investment,2,No,Website,C1073,4,1197808.83,299452.2075,952.0525,3808.21,315.7428127942344,4,0,70,0,Lower-Value / Lower-Activity Buyers
C1074,Individual,George,Foster,1954-07-10,M,UK,Northern Ireland,Home,1,No,Website,C1074,3,1004700.45,334900.15,1092.5400000000002,3277.6200000000003,306.02898987266514,2,1,71,0,Lower-Value / Lower-Activity Buyers
C1075,Individual,Carolyn,Watson,1975-02-17,F,Mexico,Baja California,Home,3,No,Website,C1075,4,1178400.08,294600.02,984.9525,3939.81,291.1346820030751,2,2,50,0,Lower-Value / Lower-Activity Buyers
C1076,Individual,Betty,Thompson,1980-10-28,F,USA,Florida,Investment,3,No,Agency,C1076,3,884169.44,294723.14666666667,976.8166666666666,2930.45,303.95564128129627,3,0,45,0,Lower-Value / Lower-Activity Buyers
C1077,Individual,Peter,Griffin,1982-03-07,M,USA,Texas,Investment,2,No,Agency,C1077,4,1467449.24,366862.31,1245.935,4983.74,300.2193199381815,3,1,43,1,Higher-Value Property Buyers
C1078,Individual,Joshua,Howard,1940-07-22,M,USA,Ohio,Home,1,No,Agency,C1078,3,1247337.58,415779.19333333336,1303.7766666666666,3911.33,317.9467904118692,3,0,85,1,Higher-Value Property Buyers
C1079,Individual,Steven,Hayes,1959-06-19,M,USA,California,Investment,4,Yes,Website,C1079,3,1151228.31,383742.77,1336.61,4009.83,285.64249887077904,3,0,66,1,Higher-Value Property Buyers
C1080,Individual,Hannah,Stewart,1956-10-06,F,UK,England,Investment,4,No,Agency,C1080,4,1594795.52,398698.88,1425.28,5701.12,282.1009486357786,4,0,69,1,Higher-Value Property Buyers
C1081,Company,Meridian,Co,1974-09-08,M,Russia,Novosibirsk,Home,4,Yes,Agency,C1081,3,1006584.7,335528.23333333334,1203.39,3610.17,279.70752797696326,3,0,51,0,Lower-Value / Lower-Activity Buyers
C1082,Individual,Patricia,Martin,1993-02-04,F,USA,Oregon,Investment,5,Yes,Website,C1082,3,829499.85,276499.95,953.1133333333332,2859.34,292.43153921750064,3,0,32,0,Lower-Value / Lower-Activity Buyers
C1083,Individual,Pamela,Jackson,1950-10-06,F,USA,Colorado,Investment,4,No,Agency,C1083,4,1145122.1,286280.525,939.4875,3757.95,299.9984868272559,3,1,75,0,Lower-Value / Lower-Activity Buyers
C1084,Individual,Sarah,Hansen,1989-07-27,F,France,Ile-de-France,Home,4,No,Agency,C1084,4,1357921.15,339480.2875,1136.6925,4546.77,303.3563463175702,3,1,36,1,Higher-Value Property Buyers
C1085,Individual,Sarah,Flores,1947-10-18,F,Australia,Queensland,Investment,1,No,Client,C1085,3,797675.03,265891.6766666667,994.8266666666668,2984.48,273.38861448511835,3,0,78,0,Lower-Value / Lower-Activity Buyers
C1086,Individual,Timothy,Montgomery,1956-03-01,M,USA,Colorado,Home,1,Yes,Website,C1086,4,1339827.27,334956.8175,1030.21,4120.84,332.96019753387134,3,1,69,0,Lower-Value / Lower-Activity Buyers
C1087,Individual,Matthew,Owens,1984-01-03,M,USA,Colorado,Home,3,No,Website,C1087,4,1878433.21,469608.3025,1575.1075,6300.43,297.17530966468473,4,0,41,1,Higher-Value Property Buyers
C1088,Individual,Nicholas,Stewart,1998-09-26,M,USA,Utah,Home,4,Yes,Agency,C1088,3,802271.19,267423.73,883.7466666666666,2651.24,298.33613271119646,3,0,27,0,Lower-Value / Lower-Activity Buyers
C1089,Individual,Madison,Ward,1962-09-17,F,USA,Utah,Home,1,Yes,Website,C1089,4,959344.08,239836.02,828.375,3313.5,293.8822158297252,3,1,63,0,Lower-Value / Lower-Activity Buyers
C1090,Individual,Laura,Moore,1962-09-07,F,Canada,Alberta,Home,3,Yes,Client,C1090,3,1217272.58,405757.5266666667,1396.0966666666666,4188.29,287.55351459580817,2,1,63,1,Higher-Value Property Buyers
C1091,Individual,Arthur,Phillips,1984-07-21,M,USA,Nevada,Home,1,Yes,Agency,C1091,3,741797.49,247265.83,853.6566666666668,2560.9700000000003,289.5807889521602,3,0,41,0,Lower-Value / Lower-Activity Buyers
C1092,Individual,Terry,Adams,1996-11-24,M,USA,Oregon,Investment,2,No,Website,C1092,3,1213248.05,404416.01666666666,1452.263333333333,4356.79,290.88400827499936,3,0,29,1,Higher-Value Property Buyers
C1093,Individual,Adam,Allen,1980-07-13,M,USA,Oregon,Home,1,Yes,Website,C1093,3,805402.8300000001,268467.61000000004,900.46,2701.38,297.64989318099333,2,1,45,0,Lower-Value / Lower-Activity Buyers
C1094,Individual,Sarah,Cook,1960-02-12,F,USA,Washington,Home,2,Yes,Website,C1094,4,1631407.56,407851.89,1273.5475,5094.1900000000005,321.910050441513,3,1,65,1,Higher-Value Property Buyers
C1095,Individual,Cynthia,Howard,1940-02-26,F,USA,California,Home,3,No,Agency,C1095,4,1454366.24,363591.56,1264.0125,5056.05,287.07973244706454,4,0,85,1,Higher-Value Property Buyers
C1096,Individual,Grace,Edwards,1965-05-20,F,USA,New York,Home,2,No,Client,C1096,4,1756661.91,439165.4775,1339.695,5358.78,324.96820599709486,4,0,60,1,Higher-Value Property Buyers
C1097,Individual,Teresa,Pierce,1962-07-16,F,Canada,Alberta,Home,3,Yes,Agency,C1097,3,1064342.81,354780.9366666667,1162.6166666666666,3487.85,318.3470635810819,3,0,63,0,Lower-Value / Lower-Activity Buyers
C1098,Individual,Paul,Young,1976-10-24,M,USA,California,Investment,3,No,Client,C1098,3,1187774.23,395924.74333333335,1290.0866666666668,3870.26,309.5473952289038,2,1,49,1,Higher-Value Property Buyers
C1099,Individual,Joan,Scott,1972-06-26,F,USA,Colorado,Home,3,No,Agency,C1099,4,1426501.12,356625.28,1153.0825,4612.33,309.2715698339898,3,1,53,1,Higher-Value Property Buyers
C1100,Individual,Frank,Thomas,1940-05-14,M,Russia,Novosibirsk,Home,1,No,Website,C1100,4,1314225.59,328556.3975,1042.1725,4168.6900000000005,310.0783216572116,4,0,85,0,Lower-Value / Lower-Activity Buyers
C1101,Individual,Matthew,King,1964-01-03,M,Belgium,Flanders,Home,5,No,Website,C1101,4,1037914.43,259478.6075,868.5725,3474.29,301.7278462138911,4,0,61,0,Lower-Value / Lower-Activity Buyers
C1102,Company,Harmon,Co,1960-05-06,M,Germany,Berlin,Home,2,No,Agency,C1102,4,1248456.03,312114.0075,993.0625,3972.25,317.67184899825617,4,0,65,0,Lower-Value / Lower-Activity Buyers
C1103,Individual,Jose,Johnson,1961-04-27,M,Belgium,Wallonia,Home,4,No,Agency,C1103,4,1206840.81,301710.2025,997.415,3989.66,305.2775463875523,3,1,64,0,Lower-Value / Lower-Activity Buyers
C1104,Individual,Christian,Weaver,1998-10-15,M,USA,Utah,Investment,5,Yes,Website,C1104,3,893996.19,297998.73,1025.013333333333,3075.04,291.7482554350695,3,0,27,0,Lower-Value / Lower-Activity Buyers
C1105,Individual,Roger,Ward,1940-01-14,M,USA,Nevada,Home,3,Yes,Website,C1105,4,1623510.31,405877.5775,1365.9450000000002,5463.780000000001,293.87506553912937,4,0,85,1,Higher-Value Property Buyers
C1106,Individual,Sean,Martin,1982-05-16,M,USA,California,Home,1,No,Agency,C1106,3,773499.85,257833.28333333333,842.68,2528.04,307.9397570403658,3,0,43,0,Lower-Value / Lower-Activity Buyers
C1107,Individual,Frank,Hayes,1948-01-15,M,Canada,British Columbia,Home,1,No,Website,C1107,3,1156527.59,385509.1966666667,1268.0466666666669,3804.14,301.14564940979614,3,0,77,1,Higher-Value Property Buyers
C1108,Individual,Helen,Ward,1994-01-12,F,Australia,South Australia,Home,4,No,Website,C1108,3,1069904.1,356634.7,1238.36,3715.08,294.7851453769064,3,0,31,0,Lower-Value / Lower-Activity Buyers
C1109,Individual,Rebecca,Anderson,1967-09-05,F,USA,California,Home,1,Yes,Client,C1109,4,1756965.37,439241.3425,1458.93,5835.72,301.4131185315214,3,1,58,1,Higher-Value Property Buyers
C1110,Individual,Harold,Watson,1977-05-12,M,USA,New York,Home,5,Yes,Website,C1110,4,1445458.33,361364.5825,1152.91,4611.639999999999,318.9166393822343,2,2,48,1,Higher-Value Property Buyers
C1111,Company,Corvus,Co,1967-01-23,M,USA,California,Home,4,Yes,Website,C1111,3,885146.14,295048.7133333333,897.3100000000001,2691.9300000000003,323.9129182993204,3,0,58,0,Lower-Value / Lower-Activity Buyers
C1112,Individual,Donald,Green,1982-01-05,M,USA,Nevada,Investment,3,Yes,Website,C1112,3,961599.42,320533.14,975.9433333333332,2927.83,326.2803977244216,2,1,43,0,Lower-Value / Lower-Activity Buyers
C1113,Individual,Brenda,Martin,1974-08-18,F,USA,Texas,Investment,2,No,Client,C1113,4,1162770.88,290692.72,942.035,3768.14,304.61097821969054,3,1,51,0,Lower-Value / Lower-Activity Buyers
C1114,Individual,Cheryl,Wood,1992-02-04,F,USA,California,Home,3,No,Website,C1114,3,872825.73,290941.91,1072.7266666666667,3218.1800000000003,268.4954114712071,3,0,33,0,Lower-Value / Lower-Activity Buyers
C1115,Individual,Joseph,Bell,1973-10-24,M,USA,Colorado,Home,3,Yes,Agency,C1115,3,1054599.19,351533.0633333333,1108.996666666667,3326.99,316.35871256065496,3,0,52,0,Lower-Value / Lower-Activity Buyers
C1116,Individual,Angela,Freeman,1991-12-17,F,USA,California,Home,1,Yes,Agency,C1116,3,766951.9500000001,255650.65,879.3433333333332,2638.03,291.23958841858274,2,1,34,0,Lower-Value / Lower-Activity Buyers
C1117,Individual,Rebecca,Patterson,1955-02-23,F,Mexico,Mexico City,Home,5,Yes,Website,C1117,4,1149629.49,287407.3725,1047.99,4191.96,280.3384349684571,3,1,70,0,Lower-Value / Lower-Activity Buyers
C1118,Company,Caldera,Co,1969-04-26,M,UK,Scotland,Investment,2,Yes,Website,C1118,3,859368.99,286456.33,983.3166666666666,2949.95,290.7041020975858,3,0,56,0,Lower-Value / Lower-Activity Buyers
C1119,Individual,Larry,Green,1941-03-14,M,USA,Oregon,Home,1,Yes,Website,C1119,3,938703.66,312901.22,949.9033333333332,2849.71,327.5590450489572,3,0,84,0,Lower-Value / Lower-Activity Buyers
C1120,Individual,Kathleen,Carter,1979-07-16,F,USA,Arizona,Home,1,No,Website,C1120,4,1371211.29,342802.8225,1123.6174999999998,4494.469999999999,312.88671385451624,4,0,46,1,Higher-Value Property Buyers
C1121,Individual,Carolyn,Gray,1985-06-02,F,USA,California,Home,1,No,Client,C1121,3,1014661.78,338220.5933333333,1124.5,3373.5,291.2511892427533,2,1,40,0,Lower-Value / Lower-Activity Buyers
C1122,Individual,Judith,Evans,1942-10-04,F,USA,California,Home,4,No,Website,C1122,4,1558949.2,389737.3,1208.8775,4835.51,318.8516883734127,4,0,83,1,Higher-Value Property Buyers
C1123,Individual,Robert,Pierce,1951-03-11,M,USA,Virginia,Home,5,No,Agency,C1123,3,1241771.44,413923.8133333333,1283.7066666666667,3851.12,323.27364041661014,3,0,74,1,Higher-Value Property Buyers
C1124,Individual,Sharon,Murray,1976-02-04,F,USA,Oregon,Investment,5,Yes,Website,C1124,4,1272190.01,318047.5025,1040.89,4163.56,306.10616888588527,4,0,49,0,Lower-Value / Lower-Activity Buyers
C1125,Individual,Ronald,Price,1941-02-03,M,USA,Oregon,Home,3,No,Agency,C1125,3,1186907.08,395635.69333333336,1332.34,3997.02,307.51701187478665,1,2,84,1,Higher-Value Property Buyers
C1126,Company,Elara,Co,1983-02-16,M,USA,Virginia,Home,1,Yes,Website,C1126,3,893488.2,297829.4,1015.94,3047.82,292.2085361059286,2,1,42,0,Lower-Value / Lower-Activity Buyers
C1127,Individual,Ann,Cooper,1943-06-15,F,UK,England,Investment,1,No,Website,C1127,3,838728.4,279576.13333333336,932.37,2797.11,300.49428607077675,2,1,82,0,Lower-Value / Lower-Activity Buyers
C1128,Individual,Brian,Montgomery,1983-12-05,M,USA,California,Investment,1,No,Website,C1128,3,1186634.53,395544.8433333333,1330.8533333333332,3992.56,296.58207301336256,3,0,42,1,Higher-Value Property Buyers
C1129,Individual,Martha,Hansen,1945-09-03,F,USA,Colorado,Investment,5,No,Agency,C1129,4,1463125.26,365781.315,1219.4375,4877.75,289.99242072016574,4,0,80,1,Higher-Value Property Buyers
C1130,Individual,Tiffany,Parker,1987-03-01,F,USA,Arizona,Home,5,No,Website,C1130,4,1326217.01,331554.2525,1009.23,4036.92,321.0255612779805,2,2,38,0,Lower-Value / Lower-Activity Buyers
C1131,Individual,Cheryl,Kim,1984-05-28,F,USA,California,Investment,3,No,Website,C1131,3,1210500.79,403500.26333333337,1317.7333333333331,3953.2,304.2277145031196,3,0,41,1,Higher-Value Property Buyers
C1132,Individual,Terry,Roberts,1982-01-21,M,USA,New York,Home,2,Yes,Website,C1132,3,1383901.27,461300.4233333333,1448.82,4346.46,316.1775561422482,3,0,43,1,Higher-Value Property Buyers
C1133,Individual,Jason,Hansen,1993-01-21,M,USA,Oregon,Investment,3,No,Website,C1133,4,1427019.92,356754.98,1210.7375000000002,4842.950000000001,300.5105741068888,4,0,32,1,Higher-Value Property Buyers
C1134,Individual,Dorothy,Bennett,1943-10-10,F,USA,California,Investment,1,No,Website,C1134,4,1088583.78,272145.945,905.0375,3620.15,305.8142695003933,2,2,82,0,Lower-Value / Lower-Activity Buyers
C1135,Individual,Melissa,Phillips,1999-09-22,F,Russia,Moscow Oblast,Investment,5,Yes,Client,C1135,3,1186082.75,395360.9166666667,1303.4733333333334,3910.42,310.18037672015083,3,0,26,1,Higher-Value Property Buyers
C1136,Individual,Shirley,Weaver,1965-04-27,F,USA,California,Home,3,Yes,Agency,C1136,3,1016844.64,338948.2133333333,1023.88,3071.6400000000003,333.70262237392313,2,1,60,0,Lower-Value / Lower-Activity Buyers
C1137,Individual,Carol,Price,1986-12-24,F,USA,Nevada,Home,4,Yes,Agency,C1137,3,1114902.43,371634.1433333333,1140.1733333333334,3420.52,324.2515926101251,3,0,39,0,Lower-Value / Lower-Activity Buyers
C1138,Individual,George,Green,1964-08-24,M,USA,Oregon,Home,1,No,Website,C1138,3,840602.9199999999,280200.9733333333,952.0733333333334,2856.2200000000003,295.5658414604464,3,0,61,0,Lower-Value / Lower-Activity Buyers
C1139,Individual,Tiffany,Green,1996-03-03,F,USA,California,Home,4,Yes,Client,C1139,3,1297382.59,432460.8633333333,1439.256666666667,4317.77,309.4276922307376,2,1,29,1,Higher-Value Property Buyers
C1140,Individual,Billy,Jackson,1976-07-01,M,USA,Florida,Home,1,Yes,Website,C1140,3,1275809.71,425269.9033333333,1277.2733333333333,3831.82,330.9722053529248,2,1,49,1,Higher-Value Property Buyers
C1141,Individual,Kimberly,Montgomery,2000-01-26,F,USA,Arizona,Investment,3,No,Website,C1141,3,990242.33,330080.7766666667,1101.55,3304.65,303.3971991818051,3,0,25,0,Lower-Value / Lower-Activity Buyers
C1142,Individual,Julia,Hughes,1948-03-10,F,USA,Colorado,Home,2,Yes,Agency,C1142,4,1492680.13,373170.0325,1222.37,4889.48,305.6875216980184,4,0,77,1,Higher-Value Property Buyers
C1143,Individual,Michael,Garcia,1994-09-10,M,USA,Arizona,Home,2,Yes,Website,C1143,3,1108329.67,369443.2233333333,1343.8166666666666,4031.45,279.2478375354422,2,1,31,1,Higher-Value Property Buyers
C1144,Individual,Diane,Young,1978-11-10,F,USA,Georgia,Investment,4,No,Client,C1144,4,1244666.12,311166.53,1027.0725,4108.29,302.4560159525921,4,0,47,0,Lower-Value / Lower-Activity Buyers
C1145,Individual,Ethan,King,1993-04-04,M,USA,Nevada,Home,5,No,Website,C1145,3,1118850.31,372950.1033333333,1267.4066666666668,3802.22,290.8141502077893,3,0,32,1,Higher-Value Property Buyers
C1146,Individual,Richard,Weaver,1991-03-14,M,USA,California,Investment,2,No,Website,C1146,3,1037824.43,345941.4766666667,1136.0866666666668,3408.26,301.5674926151485,2,1,34,0,Lower-Value / Lower-Activity Buyers
C1147,Individual,Brittany,Edwards,1978-02-09,F,USA,Utah,Home,3,No,Website,C1147,3,905314.84,301771.61333333334,1010.53,3031.59,283.68967137156125,3,0,47,0,Lower-Value / Lower-Activity Buyers
C1148,Individual,Joshua,Rogers,1991-07-15,M,Australia,New South Wales,Home,1,Yes,Agency,C1148,3,1083677.57,361225.8566666667,1221.3833333333334,3664.15,294.26408327270445,3,0,34,0,Lower-Value / Lower-Activity Buyers
C1149,Individual,Kimberly,Thomas,1980-03-06,F,Russia,Tatarstan,Home,3,No,Agency,C1149,4,1277449.99,319362.4975,1053.27,4213.08,304.88114561528886,4,0,45,0,Lower-Value / Lower-Activity Buyers
C1150,Individual,Tiffany,Cook,1992-11-08,F,USA,Nevada,Investment,4,No,Agency,C1150,3,1476970.3,492323.43333333335,1550.1266666666668,4650.38,318.31597010486763,3,0,33,1,Higher-Value Property Buyers
C1151,Individual,Tyler,Anderson,1963-12-14,M,USA,Arizona,Investment,2,No,Website,C1151,4,1760000.34,440000.085,1350.2175,5400.87,323.3665425556313,4,0,62,1,Higher-Value Property Buyers
C1152,Individual,Jason,Williams,1977-09-16,M,USA,Georgia,Home,1,No,Website,C1152,4,1654928.32,413732.08,1374.585,5498.34,305.277426135718,4,0,48,1,Higher-Value Property Buyers
C1153,Individual,Scott,Sanders,1991-09-14,M,USA,California,Home,1,No,Website,C1153,3,1007630.0,335876.6666666667,1170.3533333333332,3511.06,284.8708308993425,2,1,34,0,Lower-Value / Lower-Activity Buyers
C1154,Individual,Jerry,Brown,1956-07-12,M,USA,Utah,Home,5,Yes,Agency,C1154,4,1373889.96,343472.49,1135.325,4541.3,296.23350884925514,4,0,69,1,Higher-Value Property Buyers
C1155,Individual,William,Young,1977-03-03,M,USA,California,Home,5,No,Website,C1155,3,1577625.0,525875.0,1679.1066666666666,5037.32,314.40356525425926,2,1,48,1,Higher-Value Property Buyers
C1156,Individual,Dorothy,Kim,1956-05-16,F,USA,Virginia,Home,4,No,Agency,C1156,3,859956.66,286652.22000000003,1008.13,3024.39,287.8408123810682,3,0,69,0,Lower-Value / Lower-Activity Buyers
C1157,Individual,Kenneth,Davis,1944-11-02,M,Canada,Alberta,Investment,2,No,Website,C1157,4,894080.38,223520.095,716.4525,2865.81,310.20801691089594,4,0,81,0,Lower-Value / Lower-Activity Buyers
C1158,Individual,Joan,Pierce,1955-05-19,F,USA,California,Investment,2,No,Website,C1158,3,941360.29,313786.76333333337,972.0533333333332,2916.16,311.26917145987926,2,1,70,0,Lower-Value / Lower-Activity Buyers
C1159,Individual,Gerald,Howard,1940-03-24,M,USA,Nevada,Investment,1,Yes,Website,C1159,3,1170550.92,390183.64,1175.6833333333334,3527.05,334.37478955160805,2,1,85,0,Lower-Value / Lower-Activity Buyers
C1160,Individual,Walter,Griffin,1980-11-21,M,USA,Florida,Home,2,Yes,Website,C1160,4,1359425.86,339856.465,1101.9875,4407.95,319.87916910180417,3,1,45,1,Higher-Value Property Buyers
C1161,Individual,Stephen,White,1994-02-12,M,Canada,Alberta,Investment,3,Yes,Website,C1161,4,2022416.31,505604.0775,1486.3275,5945.31,337.438142645512,3,1,31,1,Higher-Value Property Buyers
C1162,Individual,Charles,Nelson,1962-01-25,M,USA,California,Investment,2,No,Website,C1162,4,1116223.63,279055.9075,872.6800000000001,3490.7200000000003,322.6787424380419,4,0,63,0,Lower-Value / Lower-Activity Buyers
C1163,Individual,Noah,Morales,1998-10-26,M,USA,California,Home,3,Yes,Website,C1163,4,1202709.18,300677.295,1059.8375,4239.35,274.5996436629596,2,2,27,0,Lower-Value / Lower-Activity Buyers
C1164,Individual,Emma,Watson,1968-04-11,F,Belgium,Wallonia,Home,3,Yes,Agency,C1164,4,1315287.03,328821.7575,1169.615,4678.46,279.92191536959746,2,2,57,0,Lower-Value / Lower-Activity Buyers
C1165,Individual,Victoria,Alexander,1994-09-26,F,Russia,Moscow Oblast,Home,1,No,Website,C1165,3,970705.4,323568.4666666666,1079.9266666666665,3239.78,302.49355231312893,3,0,31,0,Lower-Value / Lower-Activity Buyers
C1166,Individual,Scott,Hall,1991-11-15,M,USA,New York,Investment,1,No,Website,C1166,4,1163601.79,290900.4475,939.4875,3757.95,311.1239477513616,4,0,34,0,Lower-Value / Lower-Activity Buyers
C1167,Individual,Kevin,Alexander,1967-12-20,M,UK,Scotland,Home,3,No,Website,C1167,3,1163104.83,387701.61,1193.7733333333333,3581.32,322.9192026608696,2,1,58,1,Higher-Value Property Buyers
C1168,Individual,Brittany,Reyes,1998-12-25,F,Germany,Hamburg,Home,2,Yes,Agency,C1168,4,1081069.19,270267.2975,901.245,3604.98,303.7050205160196,4,0,27,0,Lower-Value / Lower-Activity Buyers
C1169,Individual,Noah,Bryant,1994-01-05,M,Russia,Saint Petersburg,Home,5,Yes,Agency,C1169,4,900300.22,225075.055,832.615,3330.46,272.46330534254247,3,1,31,0,Lower-Value / Lower-Activity Buyers
C1170,Individual,Amanda,Collins,1990-02-09,F,USA,Nevada,Home,1,Yes,Website,C1170,4,1165955.62,291488.905,1009.9325,4039.73,298.4031524399469,3,1,35,0,Lower-Value / Lower-Activity Buyers
C1171,Individual,Anna,Patterson,1984-08-21,F,USA,California,Investment,4,Yes,Website,C1171,4,1561809.25,390452.3125,1276.9875,5107.95,296.6143175015088,4,0,41,1,Higher-Value Property Buyers
C1172,Individual,Victoria,Freeman,1942-11-05,F,USA,Nevada,Home,5,No,Website,C1172,4,1240274.79,310068.6975,990.4475,3961.79,308.84872209858736,3,1,83,0,Lower-Value / Lower-Activity Buyers
C1173,Individual,Cheryl,Price,1984-11-02,F,Canada,Manitoba,Investment,1,No,Website,C1173,4,1261072.17,315268.0425,1014.9825,4059.93,308.0241842217684,4,0,41,0,Lower-Value / Lower-Activity Buyers
C1174,Individual,Kenneth,White,1982-07-06,M,USA,Nevada,Home,2,No,Agency,C1174,4,1414798.99,353699.7475,1244.8049999999998,4979.219999999999,284.4852213227559,3,1,43,1,Higher-Value Property Buyers
C1175,Individual,Evelyn,Long,1959-09-27,F,USA,California,Home,2,No,Website,C1175,4,1766232.62,441558.155,1449.3775,5797.51,298.5703920148524,4,0,66,1,Higher-Value Property Buyers
C1176,Individual,Lauren,Baker,1975-06-03,F,USA,California,Investment,4,Yes,Agency,C1176,3,1003328.89,334442.9633333333,1170.3533333333332,3511.06,293.1328929065208,1,2,50,0,Lower-Value / Lower-Activity Buyers
C1177,Individual,Larry,Sanders,1998-09-05,M,USA,California,Investment,2,No,Agency,C1177,4,1047224.27,261806.0675,816.1600000000001,3264.6400000000003,326.498763844369,2,2,27,0,Lower-Value / Lower-Activity Buyers
C1178,Individual,Jessica,Richardson,1950-07-16,F,USA,California,Home,1,No,Agency,C1178,3,744651.07,248217.0233333333,801.46,2404.38,303.42108571012227,3,0,75,0,Lower-Value / Lower-Activity Buyers
C1179,Individual,Melissa,Anderson,1991-02-09,F,USA,California,Home,4,No,Agency,C1179,3,848152.02,282717.34,1045.8666666666668,3137.6000000000004,279.8786312107401,3,0,34,0,Lower-Value / Lower-Activity Buyers
C1180,Individual,Deborah,Miller,1995-07-11,F,Belgium,Brussels,Home,2,Yes,Website,C1180,4,1111089.24,277772.31,1050.5725,4202.29,272.55931153295217,3,1,30,0,Lower-Value / Lower-Activity Buyers
C1181,Individual,Judith,Hansen,1956-03-23,F,USA,Nevada,Investment,5,No,Website,C1181,3,743723.3099999999,247907.77,939.33,2817.99,260.87602996615857,3,0,69,0,Lower-Value / Lower-Activity Buyers
C1182,Individual,Christopher,Murray,1961-03-11,M,Germany,Bavaria,Investment,3,Yes,Website,C1182,4,1522183.38,380545.845,1269.065,5076.26,298.7934167813669,4,0,64,1,Higher-Value Property Buyers
C1183,Individual,Carl,Rogers,1993-11-14,M,USA,Arizona,Investment,1,No,Website,C1183,4,1364593.88,341148.47,1088.3825,4353.53,309.3699818243346,4,0,32,1,Higher-Value Property Buyers
C1184,Individual,David,Nelson,1953-04-14,M,France,Ile-de-France,Home,2,No,Website,C1184,3,500255.63,166751.87666666668,624.2366666666667,1872.71,271.22767547077206,2,1,72,0,Lower-Value / Lower-Activity Buyers
C1185,Individual,Ronald,Peterson,2000-06-27,M,USA,California,Home,3,No,Website,C1185,4,1218570.99,304642.7475,1029.9125,4119.65,299.6790493624279,4,0,25,0,Lower-Value / Lower-Activity Buyers
C1186,Individual,Victoria,Bennett,1978-06-27,F,USA,Nevada,Home,3,Yes,Website,C1186,3,1141153.96,380384.6533333333,1221.6766666666665,3665.03,305.3714238326145,2,1,47,0,Lower-Value / Lower-Activity Buyers
C1187,Individual,Melissa,Pierce,1962-03-18,F,USA,Nevada,Home,4,No,Website,C1187,3,1097539.23,365846.41,1092.506666666667,3277.52,337.616288257039,3,0,63,0,Lower-Value / Lower-Activity Buyers
C1188,Individual,Matthew,White,1995-11-01,M,Canada,Alberta,Home,1,No,Client,C1188,4,1437535.25,359383.8125,1190.4075,4761.63,300.65439754483594,2,2,30,1,Higher-Value Property Buyers
C1189,Individual,Peter,Alexander,1963-01-22,M,USA,Florida,Home,2,Yes,Client,C1189,4,1180295.09,295073.7725,989.2175,3956.87,300.4820655775108,2,2,62,0,Lower-Value / Lower-Activity Buyers
C1190,Individual,Sandra,Baker,1946-08-04,F,USA,Texas,Home,4,No,Client,C1190,4,1358669.02,339667.255,1115.61,4462.44,305.30990759703985,4,0,79,1,Higher-Value Property Buyers
C1191,Individual,Mary,Cox,1950-04-17,F,USA,California,Investment,3,No,Website,C1191,3,1095538.81,365179.6033333333,1357.1933333333334,4071.58,273.7011135282778,2,1,75,1,Higher-Value Property Buyers
C1192,Individual,Adam,Jones,2000-01-05,M,USA,Florida,Home,5,No,Website,C1192,4,1111237.94,277809.485,941.135,3764.54,296.25843363984995,2,2,25,0,Lower-Value / Lower-Activity Buyers
C1193,Individual,Amy,Owens,1975-04-20,F,UK,England,Home,1,No,Website,C1193,4,946796.24,236699.06,716.4525,2865.81,323.97836460390846,2,2,50,0,Lower-Value / Lower-Activity Buyers
C1194,Individual,Melissa,Brooks,1943-06-17,F,USA,Colorado,Home,1,No,Website,C1194,3,1084957.53,361652.51,1263.8633333333337,3791.59,291.0273787399834,2,1,82,0,Lower-Value / Lower-Activity Buyers
C1195,Individual,Anna,Pierce,1990-06-07,F,USA,California,Home,4,Yes,Agency,C1195,4,1118238.91,279559.7275,910.925,3643.7,314.1322114815813,3,1,35,0,Lower-Value / Lower-Activity Buyers
C1196,Individual,William,Freeman,1955-09-03,M,USA,Nevada,Home,2,No,Agency,C1196,4,1731153.76,432788.44,1356.32,5425.28,318.69792285710173,4,0,70,1,Higher-Value Property Buyers
C1197,Individual,Deborah,Roberts,1959-04-10,F,USA,Arizona,Home,4,No,Website,C1197,3,1439595.57,479865.19,1471.4466666666667,4414.34,324.20515294107616,3,0,66,1,Higher-Value Property Buyers
C1198,Individual,Lisa,Young,1960-01-21,F,USA,New York,Home,1,No,Agency,C1198,3,1415391.59,471797.1966666666,1493.243333333333,4479.73,306.25621223553867,2,1,65,1,Higher-Value Property Buyers
C1199,Individual,Justin,Campbell,1943-03-03,M,USA,Colorado,Home,2,No,Website,C1199,4,1013002.89,253250.7225,910.2925,3641.17,278.0399550907613,3,1,82,0,Lower-Value / Lower-Activity Buyers
C1200,Individual,Henry,Taylor,1969-11-03,M,USA,Utah,Home,4,No,Agency,C1200,4,1789601.3299999998,447400.3325,1422.9925,5691.97,312.64281043058384,3,1,56,1,Higher-Value Property Buyers
C1201,Individual,Timothy,Stewart,2000-03-22,M,USA,Oregon,Investment,1,Yes,Website,C1201,4,1063833.91,265958.4775,896.2525,3585.01,302.40453661508013,4,0,25,0,Lower-Value / Lower-Activity Buyers
C1202,Company,Telnox,Co,1985-05-09,M,Canada,Quebec,Investment,5,Yes,Website,C1202,4,1527115.16,381778.79,1263.775,5055.1,300.663913665422,4,0,40,1,Higher-Value Property Buyers
C1203,Individual,Ashley,Green,1962-01-18,F,USA,Arizona,Home,2,Yes,Website,C1203,3,1083378.55,361126.18333333335,1329.57,3988.71,272.44314560657284,2,1,63,0,Lower-Value / Lower-Activity Buyers
C1204,Individual,William,Reed,1992-04-03,M,Mexico,Puebla,Investment,2,Yes,Website,C1204,3,1231356.24,410452.08,1280.28,3840.84,320.6968714694973,3,0,33,1,Higher-Value Property Buyers
C1205,Individual,Patrick,Pierce,1959-05-15,M,Belgium,Flanders,Home,4,No,Website,C1205,3,968123.38,322707.79333333333,1076.69,3230.07,298.8892332268788,3,0,66,0,Lower-Value / Lower-Activity Buyers
C1206,Individual,Melissa,Baker,1957-12-09,F,USA,California,Investment,5,No,Website,C1206,3,941726.19,313908.73,1140.4,3421.2,286.47864012438447,3,0,68,0,Lower-Value / Lower-Activity Buyers
C1207,Individual,Lauren,Price,1973-10-24,F,USA,Texas,Home,5,Yes,Agency,C1207,4,1084392.98,271098.245,1010.095,4040.38,271.7832969908455,3,1,52,0,Lower-Value / Lower-Activity Buyers
C1208,Individual,Noah,Ward,1977-11-27,M,USA,Colorado,Home,1,No,Website,C1208,3,1277019.82,425673.2733333334,1477.03,4431.09,287.0008175123508,2,1,48,1,Higher-Value Property Buyers
C1209,Individual,Tiffany,Kim,1978-07-01,F,USA,California,Home,4,Yes,Website,C1209,4,1201633.01,300408.2525,1123.3175,4493.27,280.065996537026,4,0,47,0,Lower-Value / Lower-Activity Buyers
C1210,Individual,Dennis,Cox,1991-06-04,M,USA,California,Investment,1,No,Website,C1210,4,1146800.83,286700.2075,897.47,3589.88,324.2114273058785,3,1,34,0,Lower-Value / Lower-Activity Buyers
C1211,Individual,Kathleen,Owens,1996-07-10,F,Canada,British Columbia,Home,5,Yes,Website,C1211,4,1447927.02,361981.755,1167.105,4668.42,312.4073486208948,4,0,29,1,Higher-Value Property Buyers
C1212,Individual,Lawrence,Gray,1957-07-11,M,USA,California,Home,1,No,Agency,C1212,4,1052290.76,263072.69,904.01,3616.04,290.03223699889367,4,0,68,0,Lower-Value / Lower-Activity Buyers
C1213,Individual,Ruth,Martin,1993-08-06,F,Canada,Manitoba,Home,5,No,Website,C1213,3,829461.56,276487.1866666667,899.9899999999999,2699.97,307.65103559137043,3,0,32,0,Lower-Value / Lower-Activity Buyers
C1214,Individual,Jennifer,Peterson,2000-08-10,F,USA,Florida,Home,1,No,Agency,C1214,4,1725018.41,431254.6025,1446.1125,5784.45,295.9589018647372,4,0,25,1,Higher-Value Property Buyers
C1215,Individual,Charles,Patterson,1994-07-24,M,USA,California,Home,3,No,Website,C1215,3,1140423.38,380141.1266666667,1104.51,3313.53,334.3162316066536,1,2,31,0,Lower-Value / Lower-Activity Buyers
C1216,Individual,Martha,Jordan,1997-07-10,F,France,Normandy,Home,4,No,Website,C1216,3,1191384.37,397128.12333333335,1464.8466666666666,4394.54,268.9488600879964,3,0,28,1,Higher-Value Property Buyers
C1217,Individual,William,Carter,1997-01-05,M,USA,California,Investment,4,Yes,Website,C1217,3,1007204.78,335734.9266666667,1186.4366666666667,3559.31,284.3015209635757,3,0,28,0,Lower-Value / Lower-Activity Buyers
C1218,Individual,Teresa,Smith,1941-12-28,F,USA,California,Home,1,Yes,Website,C1218,4,1308613.5699999998,327153.3925,1121.525,4486.1,294.14095893216097,4,0,84,0,Lower-Value / Lower-Activity Buyers
C1219,Individual,Danielle,Howard,1983-12-06,F,USA,Arizona,Home,1,Yes,Website,C1219,3,867409.27,289136.42333333334,1074.6233333333332,3223.87,272.8212370768839,3,0,42,0,Lower-Value / Lower-Activity Buyers
C1220,Individual,Christina,Martin,1967-09-08,F,USA,Colorado,Investment,4,Yes,Website,C1220,4,1471199.75,367799.9375,1254.045,5016.18,291.9967395985485,3,1,58,1,Higher-Value Property Buyers
C1221,Individual,Cynthia,Thomas,1984-05-23,F,USA,Nevada,Investment,2,No,Agency,C1221,3,1354868.93,451622.9766666666,1565.3233333333335,4695.97,289.2757491815252,3,0,41,1,Higher-Value Property Buyers
C1222,Individual,Christopher,Taylor,1969-01-07,M,USA,Utah,Home,4,No,Website,C1222,3,1319349.86,439783.2866666666,1362.3833333333334,4087.15,309.677366079583,3,0,56,1,Higher-Value Property Buyers
C1223,Individual,Sharon,Stone,1952-09-17,F,USA,Washington,Home,4,No,Website,C1223,3,1072582.78,357527.5933333333,1369.7300000000002,4109.1900000000005,262.54150288793767,3,0,73,1,Higher-Value Property Buyers
C1224,Individual,Paul,Carter,1942-06-13,M,USA,New York,Investment,5,Yes,Client,C1224,3,827238.27,275746.09,964.2666666666664,2892.8,295.6907716496717,3,0,83,0,Lower-Value / Lower-Activity Buyers
C1225,Individual,Larry,James,1990-11-10,M,USA,Oregon,Home,2,No,Website,C1225,3,1122587.7,374195.9,1168.3366666666668,3505.01,310.7464336420492,2,1,35,0,Lower-Value / Lower-Activity Buyers
C1226,Individual,Michael,Sanders,1989-05-01,M,USA,Utah,Home,4,No,Website,C1226,3,972596.13,324198.71,1082.8966666666668,3248.69,305.26025301274785,3,0,36,0,Lower-Value / Lower-Activity Buyers
C1227,Individual,Alexander,Reyes,1987-03-13,M,USA,Colorado,Home,3,Yes,Agency,C1227,4,2151534.73,537883.6825,1676.3825,6705.53,321.7925599318375,4,0,38,1,Higher-Value Property Buyers
C1228,Individual,Joseph,Howard,1954-07-07,M,USA,California,Home,2,No,Website,C1228,3,1058718.77,352906.25666666665,1124.5,3373.5,322.2225104865599,3,0,71,0,Lower-Value / Lower-Activity Buyers
C1229,Individual,Madison,Reyes,1994-11-02,F,UK,Scotland,Home,1,Yes,Website,C1229,3,1185126.78,395042.26,1303.4733333333334,3910.42,298.8370474176625,3,0,31,1,Higher-Value Property Buyers
C1230,Individual,Lawrence,Parker,1985-02-18,M,USA,California,Home,5,No,Client,C1230,3,759973.15,253324.38333333333,801.46,2404.38,322.5530137479957,1,2,40,0,Lower-Value / Lower-Activity Buyers
C1231,Individual,Betty,Carter,1954-12-09,F,USA,California,Home,2,No,Agency,C1231,3,859705.1699999999,286568.39,922.6666666666666,2768.0,305.7026506482377,1,2,71,0,Lower-Value / Lower-Activity Buyers
C1232,Individual,Mary,Jackson,1989-09-23,F,Canada,British Columbia,Home,3,No,Website,C1232,4,1527373.03,381843.2575,1173.8125,4695.25,326.2271674324686,4,0,36,1,Higher-Value Property Buyers
C1233,Individual,Brian,Scott,1979-08-05,M,USA,Utah,Home,4,No,Website,C1233,3,936287.8,312095.93333333335,1078.7866666666666,3236.36,289.2080400743226,3,0,46,0,Lower-Value / Lower-Activity Buyers
C1234,Individual,Karen,King,1957-01-20,F,USA,Colorado,Investment,1,No,Website,C1234,4,1463190.28,365797.57,1278.045,5112.18,290.0384746664327,4,0,68,1,Higher-Value Property Buyers
C1235,Individual,Michael,Morales,1957-05-27,M,USA,Arizona,Home,2,No,Website,C1235,4,1271344.11,317836.0275,1025.3225,4101.29,307.73330345087203,3,1,68,0,Lower-Value / Lower-Activity Buyers
C1236,Individual,Brandon,Cook,1972-08-24,M,USA,Arizona,Home,4,Yes,Website,C1236,4,1747766.02,436941.505,1415.4825,5661.93,312.92944946642984,4,0,53,1,Higher-Value Property Buyers
C1237,Individual,Helen,Cook,1943-09-25,F,UK,Wales,Investment,4,Yes,Website,C1237,3,688233.74,229411.24666666667,775.5666666666666,2326.7,288.7713371436331,2,1,82,0,Lower-Value / Lower-Activity Buyers
C1238,Individual,Joshua,Bennett,1946-04-22,M,USA,Nevada,Home,1,Yes,Agency,C1238,4,1648873.57,412218.3925,1343.6575,5374.63,311.8664599780692,4,0,79,1,Higher-Value Property Buyers
C1239,Individual,Catherine,Adams,1953-02-07,F,USA,Oregon,Home,3,No,Agency,C1239,4,1457041.08,364260.27,1114.2125,4456.85,323.4770957834436,4,0,72,1,Higher-Value Property Buyers
C1240,Individual,Gloria,Wright,1984-11-12,F,USA,Nevada,Investment,4,Yes,Website,C1240,3,1018594.44,339531.48000000004,1104.51,3313.53,303.2518202383132,2,1,41,0,Lower-Value / Lower-Activity Buyers
C1241,Individual,Danielle,Martin,1973-08-19,F,USA,California,Home,1,No,Agency,C1241,4,1157084.59,289271.1475,948.835,3795.34,307.65926372693644,4,0,52,0,Lower-Value / Lower-Activity Buyers
C1242,Individual,Gerald,Collins,1961-09-22,M,USA,California,Home,3,Yes,Website,C1242,3,1055842.78,351947.5933333333,1138.4233333333334,3415.27,310.2434888894541,3,0,64,0,Lower-Value / Lower-Activity Buyers
C1243,Individual,Jeffrey,Edwards,1948-10-04,M,USA,Colorado,Home,1,No,Website,C1243,4,1419502.04,354875.51,1246.6175,4986.47,283.8858539511572,4,0,77,1,Higher-Value Property Buyers
C1244,Individual,Joseph,Phillips,1992-06-10,M,USA,Utah,Investment,5,Yes,Website,C1244,3,1438309.93,479436.6433333333,1513.17,4539.51,319.29948078252545,1,2,33,1,Higher-Value Property Buyers
C1245,Individual,Edward,Reyes,1963-02-10,M,USA,California,Home,3,Yes,Agency,C1245,3,1422519.51,474173.17,1529.4633333333334,4588.39,312.9667282878813,3,0,62,1,Higher-Value Property Buyers
C1246,Individual,Joyce,Jackson,1943-05-10,F,Canada,Alberta,Home,2,No,Agency,C1246,3,859984.47,286661.49,980.87,2942.61,292.4466463907468,2,1,82,0,Lower-Value / Lower-Activity Buyers
C1247,Individual,Judy,Moore,1957-04-09,F,USA,Nevada,Investment,2,No,Website,C1247,4,1774416.3199999998,443604.08,1489.73,5958.92,300.7467525478454,4,0,68,1,Higher-Value Property Buyers
C1248,Individual,Sara,Scott,1976-07-04,F,USA,Arizona,Home,3,No,Agency,C1248,3,786895.89,262298.63,899.62,2698.86,292.3046935159251,3,0,49,0,Lower-Value / Lower-Activity Buyers
C1249,Individual,Janet,James,1971-07-14,F,USA,California,Investment,1,No,Website,C1249,4,1289938.64,322484.66000000003,1146.015,4584.06,292.20520145045657,2,2,54,0,Lower-Value / Lower-Activity Buyers
C1250,Individual,Jordan,Stewart,1950-04-19,M,USA,Nevada,Home,5,No,Agency,C1250,3,1582661.61,527553.87,1674.54,5023.62,318.0400190315169,2,1,75,1,Higher-Value Property Buyers
C1251,Individual,Aaron,Thompson,1975-11-01,M,USA,Texas,Investment,5,No,Website,C1251,4,1246714.37,311678.5925,967.0,3868.0,325.50986668573245,2,2,50,0,Lower-Value / Lower-Activity Buyers
C1252,Individual,Margaret,Cook,1962-02-27,F,USA,Arizona,Home,3,Yes,Website,C1252,3,1137673.55,379224.51666666666,1221.6766666666665,3665.03,314.4196861801559,3,0,63,1,Higher-Value Property Buyers
C1253,Individual,Jason,Flores,1991-09-24,M,USA,California,Home,2,No,Agency,C1253,3,767162.2200000001,255720.74,814.3533333333334,2443.06,305.13823588122506,2,1,34,0,Lower-Value / Lower-Activity Buyers
C1254,Individual,Ethan,Freeman,1956-04-04,M,USA,California,Home,5,Yes,Agency,C1254,4,1604050.88,401012.72,1279.9,5119.6,312.472453631792,4,0,69,1,Higher-Value Property Buyers
C1255,Individual,Mark,Patterson,1999-09-15,M,USA,California,Home,3,No,Agency,C1255,4,1105130.19,276282.5475,942.035,3768.14,298.30365394937,3,1,26,0,Lower-Value / Lower-Activity Buyers
C1256,Company,Triton,Co,1972-02-18,F,USA,California,Investment,4,No,Agency,C1256,3,1227293.02,409097.6733333333,1357.1933333333334,4071.58,305.6422156779153,2,1,53,1,Higher-Value Property Buyers
C1257,Individual,Michael,Scott,1991-12-22,M,USA,California,Home,5,Yes,Agency,C1257,3,850550.13,283516.71,893.3766666666667,2680.13,324.03085908912,3,0,34,0,Lower-Value / Lower-Activity Buyers
C1258,Individual,Betty,Stone,1969-06-22,F,USA,Nevada,Home,1,No,Website,C1258,4,1015636.19,253909.0475,821.355,3285.42,308.3410129428896,3,1,56,0,Lower-Value / Lower-Activity Buyers
C1259,Individual,William,Edwards,1971-02-19,M,USA,California,Investment,3,Yes,Agency,C1259,4,1256766.51,314191.6275,1004.1575,4016.63,313.1328719668483,3,1,54,0,Lower-Value / Lower-Activity Buyers
C1260,Individual,Elizabeth,Ward,1992-08-24,F,USA,California,Home,2,No,Agency,C1260,4,1633449.34,408362.335,1423.1725,5692.69,292.1552017186309,3,1,33,1,Higher-Value Property Buyers
C1261,Individual,Patrick,Kim,1976-09-03,M,USA,Utah,Home,3,No,Client,C1261,3,1491163.72,497054.5733333333,1504.28,4512.84,329.50647394430507,3,0,49,1,Higher-Value Property Buyers
C1262,Individual,Dorothy,Evans,1950-11-10,F,USA,California,Investment,4,No,Agency,C1262,3,961425.37,320475.1233333333,1077.3233333333335,3231.9700000000003,291.4970216024968,3,0,75,0,Lower-Value / Lower-Activity Buyers
C1263,Individual,Lawrence,Alexander,1951-11-17,M,USA,California,Investment,3,No,Agency,C1263,4,1975384.2,493846.0500000001,1602.67,6410.68,306.3805103003388,4,0,74,1,Higher-Value Property Buyers
C1264,Individual,Sarah,Garcia,1999-12-06,F,USA,California,Investment,1,No,Agency,C1264,3,1287173.46,429057.82,1452.263333333333,4356.79,305.40494135681024,2,1,26,1,Higher-Value Property Buyers
C1265,Individual,Gary,White,1943-03-24,M,USA,Washington,Home,1,Yes,Agency,C1265,3,1070432.96,356810.98666666663,1325.71,3977.13,269.3053599047053,3,0,82,0,Lower-Value / Lower-Activity Buyers
C1266,Individual,Christopher,Hughes,1952-06-20,M,UK,England,Home,2,No,Website,C1266,4,1204291.73,301072.9325,1101.9875,4407.95,273.05266723833233,4,0,73,0,Lower-Value / Lower-Activity Buyers
C1267,Individual,Dorothy,Peterson,1965-04-07,F,USA,Colorado,Home,3,Yes,Website,C1267,3,1399933.88,466644.6266666667,1529.4633333333334,4588.39,303.8631917164992,3,0,60,1,Higher-Value Property Buyers
C1268,Individual,Gloria,Green,1995-10-01,F,UK,Northern Ireland,Investment,1,Yes,Website,C1268,3,968928.25,322976.0833333333,1003.3133333333334,3009.94,324.3330013936697,3,0,30,0,Lower-Value / Lower-Activity Buyers
C1269,Individual,Jack,Bennett,1964-09-28,M,USA,California,Home,5,No,Website,C1269,3,1046535.0,348845.0,1169.0466666666669,3507.1400000000003,300.8931992785535,3,0,61,0,Lower-Value / Lower-Activity Buyers
C1270,Individual,Cheryl,Ward,1978-10-18,F,USA,Texas,Home,4,No,Agency,C1270,3,1310435.53,436811.8433333333,1465.92,4397.76,297.1370165750943,3,0,47,1,Higher-Value Property Buyers
C1271,Individual,Noah,Anderson,1992-09-10,M,USA,California,Home,2,Yes,Agency,C1271,4,1296911.85,324227.9625,1040.5175,4162.07,301.85823978883417,3,1,33,0,Lower-Value / Lower-Activity Buyers
C1272,Individual,Ryan,Collins,1941-05-13,M,France,Occitanie,Home,1,Yes,Website,C1272,3,778830.7999999999,259610.26666666663,899.62,2698.86,289.1932404531524,3,0,84,0,Lower-Value / Lower-Activity Buyers
C1273,Individual,Gerald,Jordan,1968-05-13,M,Canada,Alberta,Home,5,No,Website,C1273,3,1462080.32,487360.1066666667,1592.1233333333332,4776.37,303.63608223036954,3,0,57,1,Higher-Value Property Buyers
C1274,Individual,Linda,Jones,1979-07-09,F,USA,California,Investment,1,Yes,Website,C1274,3,1038831.85,346277.2833333334,1193.7733333333333,3581.32,299.1460353623706,3,0,46,0,Lower-Value / Lower-Activity Buyers
C1275,Individual,Jessica,Roberts,1969-02-26,F,USA,Georgia,Investment,1,No,Website,C1275,4,1737593.0,434398.25,1312.8225,5251.29,329.1616939102863,3,1,56,1,Higher-Value Property Buyers
C1276,Individual,Arthur,Griffin,1940-03-09,M,Australia,Victoria,Home,1,Yes,Agency,C1276,3,1635917.97,545305.99,1754.9366666666667,5264.81,310.85377441242235,1,2,85,1,Higher-Value Property Buyers
C1277,Individual,Lauren,Griffin,1981-04-01,F,USA,California,Investment,2,No,Agency,C1277,3,1270250.68,423416.8933333333,1267.4066666666668,3802.22,341.3806389579295,2,1,44,1,Higher-Value Property Buyers
C1278,Individual,Arthur,Griffin,1997-07-25,M,USA,Utah,Home,4,No,Website,C1278,3,685587.81,228529.27,791.0400000000001,2373.1200000000003,288.9679049333712,3,0,28,0,Lower-Value / Lower-Activity Buyers
C1279,Individual,Peter,Martin,1943-10-12,M,USA,California,Home,4,Yes,Website,C1279,3,1278123.59,426041.1966666667,1366.5633333333335,4099.6900000000005,313.1094319023571,3,0,82,1,Higher-Value Property Buyers
C1280,Individual,Jacob,Bennett,1953-09-19,M,USA,Texas,Home,2,Yes,Website,C1280,3,1295836.68,431945.56,1445.2933333333333,4335.88,305.86676104336146,3,0,72,1,Higher-Value Property Buyers
C1281,Individual,Deborah,Edwards,1998-06-12,F,Canada,Manitoba,Investment,2,Yes,Website,C1281,3,889312.14,296437.38,899.9899999999999,2699.97,318.30616978041,3,0,27,0,Lower-Value / Lower-Activity Buyers
C1282,Individual,Ashley,Taylor,1996-05-18,F,USA,Colorado,Investment,3,Yes,Agency,C1282,4,1302998.6,325749.65,1155.47,4621.88,289.6247087677826,4,0,29,1,Higher-Value Property Buyers
C1283,Individual,Janice,Collins,1945-11-08,F,USA,New York,Home,3,No,Agency,C1283,4,1479050.94,369762.735,1185.59,4742.36,301.009826635721,2,2,80,1,Higher-Value Property Buyers
C1284,Individual,Patrick,Bennett,1955-10-16,M,USA,California,Home,2,No,Website,C1284,4,1443865.51,360966.3775,1111.6475,4446.59,317.99538178504724,3,1,70,1,Higher-Value Property Buyers
C1285,Individual,Steven,Cox,1954-03-02,M,USA,Utah,Home,4,Yes,Website,C1285,3,1609592.58,536530.86,1680.5266666666666,5041.58,317.97700810134893,2,1,71,1,Higher-Value Property Buyers
C1286,Individual,Stephen,Evans,1963-07-10,M,USA,California,Home,5,No,Agency,C1286,3,1203306.91,401102.3033333333,1192.5933333333332,3577.78,332.2095544408267,3,0,62,1,Higher-Value Property Buyers
C1287,Individual,Diane,Hughes,1998-04-07,F,USA,California,Investment,4,No,Website,C1287,3,843581.37,281193.79,901.6266666666668,2704.88,308.4147183841683,1,2,27,0,Lower-Value / Lower-Activity Buyers
C1288,Individual,Sean,Cooper,1941-01-20,M,Belgium,Wallonia,Home,3,No,Agency,C1288,3,971136.69,323712.23000000004,1155.4633333333334,3466.39,277.8947408503251,3,0,84,0,Lower-Value / Lower-Activity Buyers
C1289,Individual,Samuel,Freeman,1973-07-26,M,Mexico,Jalisco,Investment,1,Yes,Agency,C1289,4,1076161.86,269040.465,854.58,3418.32,305.854787325517,4,0,52,0,Lower-Value / Lower-Activity Buyers
C1290,Individual,Teresa,Long,1973-10-24,F,USA,Washington,Home,3,Yes,Website,C1290,4,1332432.91,333108.22750000004,1195.1875,4780.75,270.47420585362784,4,0,52,1,Higher-Value Property Buyers
C1291,Individual,Paul,Johnson,1983-11-09,M,USA,California,Investment,5,Yes,Website,C1291,3,1123403.46,374467.82,1240.6066666666666,3721.82,299.60436198853193,3,0,42,1,Higher-Value Property Buyers
C1292,Individual,Jordan,Evans,1977-05-22,M,USA,Texas,Investment,5,Yes,Website,C1292,4,1099365.94,274841.485,1000.415,4001.66,274.3331774618041,3,1,48,0,Lower-Value / Lower-Activity Buyers
C1293,Individual,Anna,Wright,1972-08-01,F,USA,California,Home,1,No,Agency,C1293,4,1853570.08,463392.52,1552.15,6208.6,298.7271183873049,3,1,53,1,Higher-Value Property Buyers
C1294,Individual,Henry,Davis,1963-02-09,M,Canada,Ontario,Investment,3,Yes,Agency,C1294,3,1220533.28,406844.4266666667,1371.6133333333337,4114.84,297.3926954853702,3,0,62,1,Higher-Value Property Buyers
C1295,Individual,Anna,Bryant,1992-04-21,F,USA,California,Investment,1,Yes,Website,C1295,4,1478836.57,369709.1425,1202.265,4809.06,304.8354152752629,4,0,33,1,Higher-Value Property Buyers
C1296,Individual,Keith,Hughes,1963-06-02,M,USA,Virginia,Home,1,No,Website,C1296,3,1025127.71,341709.23666666663,1089.46,3268.38,311.53304235834355,2,1,62,0,Lower-Value / Lower-Activity Buyers
C1297,Company,Vertex,Co,1983-09-06,M,Germany,Berlin,Home,5,No,Website,C1297,3,1169866.19,389955.39666666667,1267.4066666666668,3802.22,309.0064273458236,2,1,42,1,Higher-Value Property Buyers
C1298,Individual,Margaret,Taylor,1968-08-04,F,USA,California,Home,2,No,Agency,C1298,4,1571360.11,392840.0275,1276.8225,5107.29,307.0306964319474,4,0,57,1,Higher-Value Property Buyers
C1299,Individual,Karen,James,1944-05-05,F,USA,California,Investment,3,No,Website,C1299,3,1296600.42,432200.14,1440.1933333333334,4320.58,300.4144260558383,3,0,81,1,Higher-Value Property Buyers
C1300,Individual,Judith,Collins,1961-01-06,F,USA,California,Home,2,No,Website,C1300,3,1428770.88,476256.96,1451.5366666666669,4354.610000000001,327.8824297941291,1,2,64,1,Higher-Value Property Buyers
C1301,Individual,Benjamin,Hayes,1955-12-17,M,USA,Virginia,Home,2,No,Agency,C1301,3,742139.88,247379.96,851.8699999999999,2555.61,293.7312978586513,2,1,70,0,Lower-Value / Lower-Activity Buyers
C1302,Individual,Jerry,Anderson,1996-04-19,M,USA,Arizona,Investment,5,No,Website,C1302,4,1709532.6,427383.15,1486.3275,5945.31,284.1023184671226,3,1,29,1,Higher-Value Property Buyers
C1303,Individual,Christian,Miller,1962-08-22,M,USA,Arizona,Home,3,Yes,Website,C1303,3,979418.98,326472.99333333335,1106.3533333333332,3319.06,299.57634677232915,3,0,63,0,Lower-Value / Lower-Activity Buyers
C1304,Individual,Angela,Cook,1985-06-08,F,USA,California,Investment,1,No,Website,C1304,3,965747.81,321915.9366666667,1049.38,3148.14,306.67764956984564,3,0,40,0,Lower-Value / Lower-Activity Buyers
C1305,Individual,Catherine,Anderson,1978-09-17,F,USA,Georgia,Home,4,No,Website,C1305,4,1034190.9,258547.725,853.07,3412.28,299.27468051423875,4,0,47,0,Lower-Value / Lower-Activity Buyers
C1306,Individual,Kathleen,Morales,1948-03-18,F,USA,Washington,Home,5,No,Website,C1306,3,967094.76,322364.92,1090.7733333333333,3272.32,290.93227144910253,2,1,77,0,Lower-Value / Lower-Activity Buyers
C1307,Individual,Rachel,Rogers,1993-02-14,F,USA,Colorado,Home,5,No,Agency,C1307,3,920439.02,306813.00666666665,1012.96,3038.88,304.6236470594258,3,0,32,0,Lower-Value / Lower-Activity Buyers
C1308,Individual,Timothy,Sanders,2000-03-04,M,USA,California,Investment,5,No,Agency,C1308,4,1363559.13,340889.7825,1042.1975,4168.79,319.931721150569,3,1,25,0,Lower-Value / Lower-Activity Buyers
C1309,Individual,David,Reyes,1999-12-06,M,USA,California,Home,5,No,Website,C1309,3,1460171.41,486723.8033333334,1674.54,5023.62,290.92731892630866,3,0,26,1,Higher-Value Property Buyers
C1310,Individual,Ann,Roberts,1955-05-04,F,USA,New York,Home,5,No,Agency,C1310,4,1244334.14,311083.53500000003,1077.195,4308.78,291.1520688348928,4,0,70,0,Lower-Value / Lower-Activity Buyers
C1311,Individual,Christopher,Ward,1940-08-14,M,UK,England,Home,4,Yes,Client,C1311,3,1352275.64,450758.5466666667,1330.2166666666667,3990.65,326.23548483949776,3,0,85,1,Higher-Value Property Buyers
C1312,Individual,Timothy,Stone,1942-09-03,M,USA,New York,Home,5,No,Website,C1312,3,786877.06,262292.35333333333,801.46,2404.38,329.9484675778557,3,0,83,0,Lower-Value / Lower-Activity Buyers
C1313,Individual,Heather,Reed,1972-03-17,F,Australia,Western Australia,Investment,3,No,Website,C1313,3,997579.61,332526.5366666667,1138.4233333333334,3415.27,289.73778648242074,3,0,53,0,Lower-Value / Lower-Activity Buyers
C1314,Individual,Rachel,Miller,1964-09-17,F,USA,Arizona,Home,3,No,Website,C1314,3,803329.23,267776.41,1037.11,3111.33,261.0676098183861,3,0,61,0,Lower-Value / Lower-Activity Buyers
C1315,Individual,Joshua,Garcia,1948-12-24,M,USA,Colorado,Home,3,No,Agency,C1315,3,1066308.48,355436.16,1136.21,3408.63,307.1590436536374,3,0,77,0,Lower-Value / Lower-Activity Buyers
C1316,Individual,Emma,King,1993-05-09,F,USA,Colorado,Home,2,Yes,Website,C1316,4,1238162.97,309540.7425,1052.8325,4211.33,300.45395318273955,4,0,32,0,Lower-Value / Lower-Activity Buyers
C1317,Company,Atlas,Co,1973-11-27,M,USA,Utah,Home,2,Yes,Website,C1317,3,1315200.12,438400.04,1460.493333333333,4381.48,296.2434578609861,3,0,52,1,Higher-Value Property Buyers
C1318,Individual,William,Montgomery,1943-01-18,M,USA,Texas,Home,1,No,Website,C1318,4,1423923.98,355980.995,1169.615,4678.46,300.3757528149411,3,1,82,1,Higher-Value Property Buyers
C1319,Individual,Grace,James,1954-08-17,F,USA,Florida,Home,3,Yes,Client,C1319,4,1424704.13,356176.0325,1227.645,4910.58,290.8809401794673,4,0,71,1,Higher-Value Property Buyers
C1320,Individual,Peter,Reyes,1969-05-03,M,USA,California,Investment,1,No,Website,C1320,3,1077693.04,359231.01333333337,1129.1766666666665,3387.53,323.8048741477655,3,0,56,0,Lower-Value / Lower-Activity Buyers
C1321,Individual,Christopher,Reed,1990-09-11,M,USA,Colorado,Investment,5,No,Client,C1321,3,787847.37,262615.79,853.8133333333334,2561.44,304.5698624703928,3,0,35,0,Lower-Value / Lower-Activity Buyers
C1322,Individual,Barbara,Reyes,1994-12-26,F,USA,California,Home,5,No,Agency,C1322,3,1094026.34,364675.4466666666,1255.12,3765.36,292.15441842982426,3,0,31,0,Lower-Value / Lower-Activity Buyers
C1323,Individual,Nicholas,Moore,1963-07-28,M,USA,Utah,Home,3,No,Website,C1323,4,1180654.6,295163.65,975.4225,3901.69,298.6410425683013,4,0,62,0,Lower-Value / Lower-Activity Buyers
C1324,Individual,Carl,Edwards,1992-04-21,M,USA,Arizona,Investment,2,Yes,Agency,C1324,3,1323306.51,441102.17,1471.62,4414.860000000001,300.30225741864166,3,0,33,1,Higher-Value Property Buyers
C1325,Individual,George,Jones,1974-12-09,M,Canada,Alberta,Home,5,Yes,Agency,C1325,4,1380292.56,345073.14,1098.1675,4392.67,320.3033579820976,4,0,51,1,Higher-Value Property Buyers
C1326,Individual,Brandon,Mitchell,1944-05-22,M,USA,Colorado,Investment,4,No,Website,C1326,4,1489578.01,372394.5025,1239.145,4956.58,300.06743547413544,3,1,81,1,Higher-Value Property Buyers
C1327,Individual,Betty,Carter,1993-05-14,F,USA,California,Home,4,Yes,Website,C1327,3,664017.81,221339.27,775.5666666666666,2326.7,292.82933553308914,3,0,32,0,Lower-Value / Lower-Activity Buyers
C1328,Individual,Sandra,Cooper,1956-07-23,F,USA,Washington,Home,4,No,Website,C1328,4,1337283.29,334320.8225,1173.8125,4695.25,284.79646614467947,4,0,69,1,Higher-Value Property Buyers
C1329,Individual,Scott,Parker,1968-04-28,M,USA,California,Investment,3,Yes,Agency,C1329,3,1041797.56,347265.85333333333,1127.15,3381.45,301.08908711795453,3,0,57,0,Lower-Value / Lower-Activity Buyers
C1330,Individual,Kelly,James,1975-05-02,F,USA,Colorado,Investment,2,No,Agency,C1330,4,835096.87,208774.2175,699.545,2798.18,299.70040435410067,3,1,50,0,Lower-Value / Lower-Activity Buyers
C1331,Individual,Christina,Bennett,1986-10-06,F,USA,California,Investment,1,No,Agency,C1331,3,1047958.11,349319.37,1113.29,3339.87,314.860411129258,0,3,39,0,Lower-Value / Lower-Activity Buyers
C1332,Individual,Michael,Howard,1995-12-11,M,USA,Washington,Investment,5,Yes,Agency,C1332,3,1227353.63,409117.87666666665,1350.493333333333,4051.48,305.320634007784,3,0,30,1,Higher-Value Property Buyers
C1333,Individual,Jack,Hansen,1988-03-27,M,USA,Nevada,Investment,2,Yes,Website,C1333,4,1364310.45,341077.6125,1146.9925,4587.97,293.0187295010716,3,1,37,1,Higher-Value Property Buyers
C1334,Individual,Victoria,Nelson,1965-12-08,F,USA,California,Home,5,Yes,Agency,C1334,4,1906641.78,476660.445,1552.15,6208.6,306.4526823583849,3,1,60,1,Higher-Value Property Buyers
C1335,Individual,Elizabeth,Hall,1982-05-01,F,USA,Oregon,Investment,2,Yes,Website,C1335,3,1001510.58,333836.86000000004,1070.1933333333334,3210.58,306.6020443465909,3,0,43,0,Lower-Value / Lower-Activity Buyers
C1336,Individual,Joyce,Thompson,1948-12-09,F,USA,California,Home,5,No,Client,C1336,4,1371591.4,342897.85,1182.3725,4729.49,294.8303500368349,3,1,77,1,Higher-Value Property Buyers
C1337,Individual,Jennifer,Johnson,1953-09-20,F,USA,California,Investment,5,No,Website,C1337,4,1310989.71,327747.4275,1073.905,4295.62,303.425307452761,3,1,72,0,Lower-Value / Lower-Activity Buyers
C1338,Individual,Christine,James,1968-12-01,F,USA,California,Home,2,Yes,Website,C1338,3,1096818.64,365606.2133333333,1169.0466666666669,3507.1400000000003,307.751875840346,3,0,57,0,Lower-Value / Lower-Activity Buyers
C1339,Company,Rexon,Co,1961-02-24,M,USA,Nevada,Home,4,Yes,Website,C1339,4,1532340.63,383085.1575,1338.9,5355.6,290.9089417657924,3,1,64,1,Higher-Value Property Buyers
C1340,Company,Forsyte,Co,1988-12-05,M,USA,Colorado,Home,5,No,Website,C1340,4,1746049.93,436512.4825,1421.465,5685.860000000001,306.7401245691841,3,1,37,1,Higher-Value Property Buyers
C1341,Individual,Julie,Cox,1952-09-23,F,USA,Colorado,Home,5,Yes,Website,C1341,3,756694.8300000001,252231.61,952.2633333333332,2856.79,270.53927769192296,3,0,73,0,Lower-Value / Lower-Activity Buyers
C1342,Individual,Maria,Griffin,1964-02-21,F,USA,California,Home,1,Yes,Agency,C1342,3,922722.19,307574.0633333333,1003.3133333333334,3009.94,307.87871084804675,3,0,61,0,Lower-Value / Lower-Activity Buyers
C1343,Individual,Megan,Turner,1995-03-13,F,Canada,Ontario,Home,5,No,Agency,C1343,3,1005148.64,335049.54666666663,1161.5433333333333,3484.63,289.85841278382395,3,0,30,0,Lower-Value / Lower-Activity Buyers
C1344,Individual,Carl,Phillips,1974-05-24,M,USA,Florida,Home,1,No,Agency,C1344,4,1319490.92,329872.73,1139.4675,4557.87,289.83749201743683,4,0,51,1,Higher-Value Property Buyers
C1345,Individual,Mary,Parker,1956-04-25,F,USA,Texas,Home,5,No,Website,C1345,3,942467.41,314155.80333333334,1049.3066666666666,3147.92,295.62836927054275,2,1,69,0,Lower-Value / Lower-Activity Buyers
C1346,Company,Triton,Co,1987-03-18,F,USA,Colorado,Investment,4,No,Agency,C1346,3,1037623.39,345874.4633333334,1088.5866666666668,3265.76,320.6485349916175,1,2,38,0,Lower-Value / Lower-Activity Buyers
C1347,Individual,Mark,James,1956-02-13,M,USA,Washington,Home,2,No,Client,C1347,3,1001705.48,333901.82666666666,1090.9466666666667,3272.84,309.31487016254704,3,0,69,0,Lower-Value / Lower-Activity Buyers
C1348,Individual,Peter,Harris,1998-07-16,M,USA,Oregon,Home,4,Yes,Client,C1348,3,1021309.93,340436.6433333333,1186.05,3558.15,287.7346955860514,3,0,27,0,Lower-Value / Lower-Activity Buyers
C1349,Individual,Joyce,Johnson,1982-02-14,F,USA,Virginia,Investment,3,No,Website,C1349,3,773186.34,257728.78,952.0733333333334,2856.2200000000003,273.63708542091894,2,1,43,0,Lower-Value / Lower-Activity Buyers
C1350,Individual,Julia,King,1991-05-17,F,Germany,Hamburg,Home,5,No,Website,C1350,4,743296.88,185824.22,632.215,2528.86,294.8533286176711,4,0,34,0,Lower-Value / Lower-Activity Buyers
C1351,Individual,Judith,Long,1987-06-24,F,Australia,South Australia,Home,2,No,Client,C1351,4,1400457.41,350114.3525,1234.8075,4939.2300000000005,288.6164119503805,4,0,38,1,Higher-Value Property Buyers
C1352,Individual,Benjamin,Gray,1989-03-16,M,USA,California,Home,2,Yes,Agency,C1352,3,1535963.18,511987.7266666666,1635.6233333333332,4906.87,311.06421416171185,2,1,36,1,Higher-Value Property Buyers
C1353,Individual,Debra,Jackson,1997-10-15,F,Canada,Alberta,Home,1,No,Agency,C1353,3,532598.24,177532.74666666667,564.01,1692.03,308.89892717930564,3,0,28,0,Lower-Value / Lower-Activity Buyers
C1354,Individual,Patrick,Johnson,1941-04-09,M,USA,Florida,Home,5,No,Website,C1354,3,1545799.94,515266.64666666667,1685.2766666666666,5055.83,301.367849241984,2,1,84,1,Higher-Value Property Buyers
C1355,Individual,Shirley,Owens,1966-11-22,F,USA,California,Investment,2,Yes,Client,C1355,3,1245446.7799999998,415148.9266666666,1523.6933333333334,4571.08,277.206870923407,2,1,59,1,Higher-Value Property Buyers
C1356,Individual,Jonathan,Morales,1994-03-26,M,USA,Oregon,Investment,4,No,Agency,C1356,3,1490237.62,496745.87333333335,1648.5966666666666,4945.79,300.76576021619985,3,0,31,1,Higher-Value Property Buyers
C1357,Individual,Danielle,Patterson,1987-03-01,F,USA,California,Home,5,Yes,Website,C1357,3,1077383.54,359127.8466666667,1104.51,3313.53,320.9627754281345,3,0,38,0,Lower-Value / Lower-Activity Buyers
C1358,Individual,Gregory,Taylor,1943-01-05,M,USA,Texas,Home,4,No,Agency,C1358,3,965180.83,321726.9433333333,1078.7866666666666,3236.36,295.3570386561734,2,1,82,0,Lower-Value / Lower-Activity Buyers
C1359,Individual,Gary,Owens,1975-07-25,M,USA,Virginia,Home,3,No,Agency,C1359,4,1381335.3,345333.825,1093.05,4372.2,310.61690685222595,4,0,50,1,Higher-Value Property Buyers
C1360,Individual,Billy,Nelson,1990-11-27,M,USA,Virginia,Home,4,No,Agency,C1360,3,1001006.54,333668.8466666667,1111.2966666666666,3333.89,299.83423564259164,3,0,35,0,Lower-Value / Lower-Activity Buyers
C1361,Individual,Ashley,Owens,1943-07-21,F,USA,California,Home,3,No,Client,C1361,4,1529260.3,382315.075,1296.5625,5186.25,298.7281182763245,3,1,82,1,Higher-Value Property Buyers
C1362,Individual,Laura,Jordan,1965-04-13,F,USA,California,Investment,1,Yes,Agency,C1362,4,993131.84,248282.96,894.905,3579.62,288.1338062523594,4,0,60,0,Lower-Value / Lower-Activity Buyers
C1363,Individual,James,Stone,1981-06-04,M,USA,Georgia,Home,5,Yes,Agency,C1363,4,1109919.36,277479.84,942.035,3768.14,298.65794388005617,3,1,44,0,Lower-Value / Lower-Activity Buyers
C1364,Individual,Andrea,Watson,1998-12-23,F,USA,California,Investment,1,No,Website,C1364,4,1201578.93,300394.7325,1120.62,4482.48,267.8716477111817,4,0,27,0,Lower-Value / Lower-Activity Buyers
C1365,Individual,Tiffany,Sanders,1969-03-16,F,Belgium,Brussels,Investment,5,Yes,Website,C1365,4,1443894.02,360973.505,1260.0625,5040.25,288.78153177318814,4,0,56,1,Higher-Value Property Buyers
C1366,Individual,George,Thompson,1995-07-27,M,USA,California,Home,1,No,Website,C1366,3,1488525.13,496175.0433333333,1678.6133333333337,5035.84,295.09422620894026,3,0,30,1,Higher-Value Property Buyers
C1367,Individual,Stephanie,Jordan,1953-01-11,F,Germany,Berlin,Home,2,No,Client,C1367,3,1035889.5,345296.5,1124.5,3373.5,313.19543331816163,2,1,72,0,Lower-Value / Lower-Activity Buyers
C1368,Individual,Jose,Gray,1947-11-22,M,USA,California,Home,5,Yes,Client,C1368,4,1378979.49,344744.8725,1042.6625,4170.65,324.2868164439972,2,2,78,0,Lower-Value / Lower-Activity Buyers
C1369,Individual,Peter,Garcia,1983-10-07,M,France,Brittany,Home,4,Yes,Agency,C1369,4,1615394.12,403848.53,1338.9,5355.6,303.1426698017808,4,0,42,1,Higher-Value Property Buyers
C1370,Individual,Frank,Evans,1965-06-04,M,USA,Colorado,Investment,1,No,Agency,C1370,4,834659.23,208664.8075,700.7825,2803.13,296.83280519668,4,0,60,0,Lower-Value / Lower-Activity Buyers
C1371,Individual,Timothy,Thomas,1989-06-19,M,UK,England,Home,2,Yes,Website,C1371,4,1036681.19,259170.2975,948.835,3795.34,283.828197605474,4,0,36,0,Lower-Value / Lower-Activity Buyers
C1372,Individual,Lisa,Turner,1981-11-21,F,USA,Washington,Investment,2,No,Website,C1372,3,874872.8,291624.26666666666,1049.3066666666666,3147.92,283.43809920276067,3,0,44,0,Lower-Value / Lower-Activity Buyers
C1373,Individual,Melissa,Evans,1992-10-11,F,USA,California,Home,3,Yes,Website,C1373,3,1275663.27,425221.09,1221.6766666666665,3665.03,347.7696713686618,3,0,33,1,Higher-Value Property Buyers
C1374,Company,Quasar,Co,1990-01-25,M,France,Ile-de-France,Home,3,Yes,Agency,C1374,3,1230590.28,410196.76,1321.5233333333333,3964.57,311.0989886774999,2,1,35,1,Higher-Value Property Buyers
C1375,Individual,Carolyn,Flores,1972-11-22,F,USA,California,Investment,4,Yes,Agency,C1375,4,1097182.39,274295.59750000003,987.505,3950.02,278.3924761574727,3,1,53,0,Lower-Value / Lower-Activity Buyers
C1376,Individual,Carolyn,Edwards,1987-06-23,F,USA,Arizona,Investment,3,Yes,Agency,C1376,3,1272387.2999999998,424129.0999999999,1493.243333333333,4479.73,283.3309734301966,2,1,38,1,Higher-Value Property Buyers
C1377,Individual,Laura,Long,1984-01-04,F,USA,Utah,Investment,2,No,Website,C1377,3,828441.4099999999,276147.13666666666,862.1066666666666,2586.32,323.406319351847,3,0,41,0,Lower-Value / Lower-Activity Buyers
C1378,Individual,Maria,Morales,1976-11-19,F,USA,California,Investment,1,No,Website,C1378,3,1399739.87,466579.9566666667,1464.8466666666666,4394.54,314.37888073539654,3,0,49,1,Higher-Value Property Buyers
C1379,Individual,Kevin,Gray,1970-06-11,M,UK,Scotland,Home,2,No,Website,C1379,3,827767.69,275922.5633333333,1077.3233333333335,3231.9700000000003,253.9385363632223,3,0,55,0,Lower-Value / Lower-Activity Buyers
C1380,Individual,Michael,Hughes,1949-10-15,M,Canada,Alberta,Investment,4,No,Website,C1380,3,1012542.18,337514.06,1052.4533333333334,3157.36,321.70851505298106,2,1,76,0,Lower-Value / Lower-Activity Buyers
C1381,Individual,Eric,Cox,1962-06-16,M,Germany,Hesse,Home,3,Yes,Website,C1381,3,1082639.91,360879.97,1131.0966666666666,3393.29,323.4200440739846,3,0,63,0,Lower-Value / Lower-Activity Buyers
C1382,Individual,Adam,James,1951-05-19,M,USA,Oregon,Home,2,No,Website,C1382,4,1176910.13,294227.5325,1024.3375,4097.35,289.6867868165497,4,0,74,0,Lower-Value / Lower-Activity Buyers
C1383,Individual,Noah,Moore,1992-11-11,M,USA,California,Home,2,No,Agency,C1383,3,864768.8300000001,288256.2766666667,899.9899999999999,2699.97,319.1447580090689,2,1,33,0,Lower-Value / Lower-Activity Buyers
C1384,Individual,Mary,Young,1988-03-10,F,USA,California,Home,2,Yes,Agency,C1384,3,905480.04,301826.68,1016.7633333333332,3050.29,300.22268174276223,3,0,37,0,Lower-Value / Lower-Activity Buyers
C1385,Individual,Kenneth,Owens,1946-06-01,M,USA,California,Home,1,No,Agency,C1385,3,1182983.03,394327.6766666667,1186.4366666666667,3559.31,315.5606573875795,2,1,79,0,Lower-Value / Lower-Activity Buyers
C1386,Individual,Harold,Howard,1947-08-23,M,USA,Washington,Home,4,Yes,Website,C1386,3,1284366.78,428122.26,1431.79,4295.37,297.0928843357579,2,1,78,1,Higher-Value Property Buyers
C1387,Individual,Jose,Reed,1943-05-27,M,Germany,Hamburg,Investment,4,No,Website,C1387,3,804550.47,268183.49,901.6266666666668,2704.88,294.2920370958322,3,0,82,0,Lower-Value / Lower-Activity Buyers
C1388,Individual,Hannah,Stone,1999-04-20,F,USA,Washington,Home,3,No,Website,C1388,3,1183031.06,394343.6866666667,1283.46,3850.38,295.9077826970037,3,0,26,1,Higher-Value Property Buyers
C1389,Individual,Jordan,Montgomery,1952-07-03,M,UK,Scotland,Home,2,No,Website,C1389,4,1742522.83,435630.7075,1282.79,5131.16,332.82889280812594,3,1,73,1,Higher-Value Property Buyers
C1390,Individual,Lauren,Thomas,1979-07-21,F,USA,Nevada,Home,3,No,Website,C1390,3,906492.19,302164.0633333333,971.19,2913.57,312.16237881778284,2,1,46,0,Lower-Value / Lower-Activity Buyers
C1391,Individual,Barbara,Campbell,1974-03-06,F,USA,Utah,Home,1,No,Website,C1391,4,1579627.98,394906.995,1343.6575,5374.63,293.221415458873,4,0,51,1,Higher-Value Property Buyers
C1392,Individual,Jose,Johnson,1990-06-05,M,USA,Colorado,Home,4,Yes,Agency,C1392,4,1434978.2000000002,358744.55000000005,1125.515,4502.06,316.3477678989435,3,1,35,1,Higher-Value Property Buyers
C1393,Individual,Virginia,Miller,1981-07-09,F,Mexico,Baja California,Investment,1,No,Agency,C1393,4,1187799.99,296949.9975,1027.325,4109.3,300.9699791342987,4,0,44,0,Lower-Value / Lower-Activity Buyers
C1394,Individual,Debra,Hansen,1977-02-26,F,USA,Nevada,Home,4,No,Website,C1394,4,1325404.6,331351.15,967.0,3868.0,338.24849420095643,4,0,48,0,Lower-Value / Lower-Activity Buyers
C1395,Individual,Megan,Campbell,1988-09-27,F,Canada,Alberta,Investment,4,No,Website,C1395,4,1497964.92,374491.23,1278.045,5112.18,298.330563007414,3,1,37,1,Higher-Value Property Buyers
C1396,Individual,Steven,Foster,1971-06-02,M,Canada,Manitoba,Investment,3,Yes,Website,C1396,3,977070.12,325690.04,1075.8333333333333,3227.5,299.10393131276413,3,0,54,0,Lower-Value / Lower-Activity Buyers
C1397,Individual,Linda,Chavez,1983-03-10,F,USA,Nevada,Home,4,No,Website,C1397,4,1551369.83,387842.4575,1175.235,4700.94,322.77712929203545,4,0,42,1,Higher-Value Property Buyers
C1398,Individual,Alexander,Jones,1966-12-13,M,USA,California,Home,5,Yes,Website,C1398,3,926545.71,308848.57,1182.08,3546.24,266.04769183145544,3,0,59,0,Lower-Value / Lower-Activity Buyers
C1399,Individual,Lauren,Evans,1978-08-23,F,Canada,British Columbia,Home,5,No,Agency,C1399,4,1259614.96,314903.74,1061.1325,4244.53,294.4519351741127,4,0,47,0,Lower-Value / Lower-Activity Buyers
C1400,Individual,Maria,Jones,1991-10-24,F,UK,Northern Ireland,Home,4,No,Client,C1400,4,1146194.54,286548.635,939.4875,3757.95,305.0892113884579,4,0,34,0,Lower-Value / Lower-Activity Buyers
C1401,Individual,Virginia,Brooks,1999-03-24,F,USA,Virginia,Investment,1,No,Website,C1401,4,1223523.71,305880.9275,1005.5625,4022.25,304.87269128671323,2,2,26,0,Lower-Value / Lower-Activity Buyers
C1402,Individual,Helen,Jordan,1968-09-28,F,USA,Utah,Home,3,No,Agency,C1402,4,1394159.93,348539.9825,1132.7375,4530.95,308.3155927686012,4,0,57,1,Higher-Value Property Buyers
C1403,Individual,Pamela,Scott,1983-09-22,F,USA,Oregon,Home,2,No,Website,C1403,4,1463350.69,365837.6725,1210.7375000000002,4842.950000000001,298.7750490661728,4,0,42,1,Higher-Value Property Buyers
C1404,Individual,Sharon,Williams,1950-07-22,F,USA,California,Home,4,No,Agency,C1404,4,1193678.04,298419.51,1024.3375,4097.35,293.38581779206373,4,0,75,0,Lower-Value / Lower-Activity Buyers
C1405,Individual,Ryan,Williams,1955-06-08,M,USA,Oregon,Home,5,No,Agency,C1405,3,1306722.36,435574.12,1438.2933333333333,4314.88,300.1765985835861,2,1,70,1,Higher-Value Property Buyers
C1406,Individual,Sara,Wood,1970-09-01,F,USA,California,Home,3,No,Website,C1406,4,1364413.45,341103.3625,1151.61,4606.4400000000005,292.83609949320567,3,1,55,1,Higher-Value Property Buyers
C1407,Individual,Sharon,Hansen,1956-03-22,F,USA,California,Home,1,No,Agency,C1407,4,1429717.09,357429.2725,1123.3175,4493.27,321.81110918967147,2,2,69,1,Higher-Value Property Buyers
C1408,Company,Grandis,Co,1963-11-13,F,USA,California,Home,2,No,Agency,C1408,4,1345035.74,336258.935,1103.3025,4413.21,300.25852632419776,4,0,62,1,Higher-Value Property Buyers
C1409,Individual,Katherine,Price,1957-08-01,F,USA,Oregon,Investment,2,No,Website,C1409,3,1072801.12,357600.3733333333,1117.9399999999998,3353.82,319.5915234974012,2,1,68,0,Lower-Value / Lower-Activity Buyers
C1410,Individual,Jennifer,Edwards,1965-12-16,F,USA,Nevada,Home,2,No,Agency,C1410,4,1439196.49,359799.1225,1164.015,4656.06,307.80838722111224,4,0,60,1,Higher-Value Property Buyers
C1411,Individual,Anthony,Watson,1987-04-04,M,USA,California,Home,2,No,Client,C1411,4,1318823.16,329705.79000000004,1099.4925,4397.97,305.1111929428628,3,1,38,0,Lower-Value / Lower-Activity Buyers
C1412,Company,Optima,Co,1985-06-28,F,USA,Nevada,Home,2,No,Agency,C1412,4,1498125.2,374531.3,1158.7275,4634.91,319.1782560511938,3,1,40,1,Higher-Value Property Buyers
C1413,Individual,Margaret,Rogers,1968-09-18,F,USA,California,Home,4,No,Agency,C1413,4,1489065.16,372266.29,1425.7675,5703.07,263.8251331821692,4,0,57,1,Higher-Value Property Buyers
C1414,Individual,Michelle,Wright,1975-05-01,F,USA,Florida,Home,4,No,Website,C1414,4,1188718.7,297179.675,972.335,3889.34,321.3830908549594,2,2,50,0,Lower-Value / Lower-Activity Buyers
C1415,Individual,Tyler,Murray,1959-07-14,M,USA,California,Investment,1,No,Website,C1415,3,748797.26,249599.08666666667,879.3433333333332,2638.03,280.4393855022754,2,1,66,0,Lower-Value / Lower-Activity Buyers
C1416,Individual,Bryan,Peterson,1954-07-01,M,USA,Oregon,Home,2,No,Agency,C1416,3,1418066.39,472688.7966666667,1452.263333333333,4356.79,323.14009613968216,3,0,71,1,Higher-Value Property Buyers
C1417,Individual,Dennis,Williams,1953-10-26,M,UK,Scotland,Home,5,No,Website,C1417,3,1023021.48,341007.16,1066.59,3199.77,304.16747497947966,3,0,72,0,Lower-Value / Lower-Activity Buyers
C1418,Individual,Kyle,Cox,1954-04-06,M,USA,Ohio,Investment,2,No,Website,C1418,3,1443234.89,481078.2966666667,1529.4633333333334,4588.39,312.2167070521368,3,0,71,1,Higher-Value Property Buyers
C1419,Individual,Jason,Peterson,1971-08-08,M,Germany,Hamburg,Investment,4,Yes,Website,C1419,4,1143605.72,285901.43,928.745,3714.98,316.9954617876365,2,2,54,0,Lower-Value / Lower-Activity Buyers
C1420,Company,Terova,Co,1981-10-20,M,UK,Wales,Home,5,No,Website,C1420,4,1196856.69,299214.1725,929.6975,3718.79,314.74054100358313,1,3,44,0,Lower-Value / Lower-Activity Buyers
C1421,Individual,James,Jones,1957-11-14,M,USA,Colorado,Home,1,No,Website,C1421,3,938557.19,312852.39666666667,1098.0666666666666,3294.2,285.13158002401656,3,0,68,0,Lower-Value / Lower-Activity Buyers
C1422,Individual,Billy,Hansen,1955-01-15,M,USA,Florida,Investment,1,Yes,Website,C1422,4,2032565.11,508141.2775,1555.2975,6221.1900000000005,325.12661754679567,4,0,70,1,Higher-Value Property Buyers
C1423,Individual,Jack,Brooks,1955-09-21,M,UK,Northern Ireland,Home,4,Yes,Website,C1423,4,1822778.36,455694.59,1504.0975,6016.389999999999,304.2981101320444,3,1,70,1,Higher-Value Property Buyers
C1424,Individual,Judy,Harris,1954-03-12,F,USA,Utah,Home,2,Yes,Agency,C1424,3,1382756.57,460918.8566666667,1465.1466666666663,4395.44,311.0601813697586,3,0,71,1,Higher-Value Property Buyers
C1425,Individual,Raymond,Taylor,1971-12-16,M,Belgium,Flanders,Home,3,No,Website,C1425,3,1449563.3199999998,483187.77333333326,1521.64,4564.92,314.2388366836658,2,1,54,1,Higher-Value Property Buyers
C1426,Individual,Christina,Campbell,1964-05-20,F,USA,Washington,Home,2,No,Website,C1426,4,1709098.18,427274.545,1510.65,6042.6,281.3329516342789,4,0,61,1,Higher-Value Property Buyers
C1427,Individual,Julia,Richardson,1955-05-10,F,Australia,Victoria,Home,5,No,Website,C1427,4,1378636.21,344659.0525,1184.9475,4739.79,304.2647367234449,3,1,70,1,Higher-Value Property Buyers
C1428,Individual,Nicole,Allen,1953-12-05,F,USA,Oregon,Home,4,Yes,Agency,C1428,4,1136052.54,284013.135,946.6525,3786.61,303.1437065301845,3,1,72,0,Lower-Value / Lower-Activity Buyers
C1429,Individual,Jesse,Stewart,1991-10-01,M,USA,Nevada,Investment,5,No,Agency,C1429,4,1697550.01,424387.5025,1421.465,5685.860000000001,296.0390082148649,2,2,34,1,Higher-Value Property Buyers
C1430,Individual,Patrick,Allen,1963-09-11,M,USA,Nevada,Home,4,No,Website,C1430,3,928463.2,309487.73333333334,1022.67,3068.01,302.30540532128686,3,0,62,0,Lower-Value / Lower-Activity Buyers
C1431,Individual,Melissa,Griffin,1943-07-01,F,Germany,Hesse,Home,3,Yes,Website,C1431,4,1620159.73,405039.9325,1365.9450000000002,5463.780000000001,294.3109262203604,3,1,82,1,Higher-Value Property Buyers
C1432,Individual,Larry,Weaver,1951-12-26,M,USA,Utah,Home,3,No,Agency,C1432,3,863383.74,287794.58,1033.62,3100.86,280.5723045676737,2,1,74,0,Lower-Value / Lower-Activity Buyers
C1433,Individual,Christian,Mitchell,1953-04-12,M,Germany,Hamburg,Home,4,No,Website,C1433,3,1358111.0699999998,452703.69,1493.243333333333,4479.73,301.8286471674962,3,0,72,1,Higher-Value Property Buyers
C1434,Company,Terova,Co,1985-06-25,F,USA,California,Investment,5,No,Agency,C1434,4,1038640.05,259660.0125,894.905,3579.62,280.66256486581585,4,0,40,0,Lower-Value / Lower-Activity Buyers
C1435,Individual,Zachary,Morales,1967-04-08,M,USA,Texas,Investment,2,No,Agency,C1435,3,903765.87,301255.29,945.65,2836.95,306.85415306784034,2,1,58,0,Lower-Value / Lower-Activity Buyers
C1436,Individual,Kyle,Wright,1998-10-09,M,USA,California,Home,2,No,Website,C1436,3,969917.19,323305.73,992.22,2976.66,328.2224337089137,2,1,27,0,Lower-Value / Lower-Activity Buyers
C1437,Individual,Gerald,Stewart,1997-04-08,M,USA,Arizona,Investment,5,No,Agency,C1437,4,1668948.58,417237.145,1332.2825,5329.13,316.56522818730286,3,1,28,1,Higher-Value Property Buyers
C1438,Individual,Benjamin,Taylor,1988-08-04,M,USA,California,Home,2,Yes,Agency,C1438,3,1255115.0,418371.6666666667,1321.503333333333,3964.51,311.81769669548936,2,1,37,1,Higher-Value Property Buyers
C1439,Individual,Helen,Morales,2000-10-14,F,USA,Virginia,Home,2,No,Agency,C1439,3,1040682.81,346894.27,1138.4233333333334,3415.27,299.2165849851361,3,0,25,0,Lower-Value / Lower-Activity Buyers
C1440,Individual,Mary,Phillips,1952-07-20,F,USA,Colorado,Investment,2,No,Agency,C1440,3,901013.42,300337.80666666664,1010.53,3031.59,312.59193529757385,2,1,73,0,Lower-Value / Lower-Activity Buyers
C1441,Individual,Helen,Campbell,1945-09-08,F,USA,California,Investment,5,No,Website,C1441,3,1201777.78,400592.5933333333,1334.84,4004.52,299.7777747390172,3,0,80,1,Higher-Value Property Buyers
C1442,Individual,Timothy,Foster,2000-06-17,M,USA,Colorado,Home,2,Yes,Client,C1442,3,1007348.75,335782.9166666667,1110.6233333333332,3331.87,297.3387751031688,3,0,25,0,Lower-Value / Lower-Activity Buyers
C1443,Individual,Betty,Hughes,1979-11-22,F,USA,Florida,Home,2,No,Website,C1443,3,1045348.11,348449.37000000005,1072.4833333333331,3217.45,312.6904479895455,3,0,46,0,Lower-Value / Lower-Activity Buyers
C1444,Individual,Frank,Alexander,1981-06-25,M,USA,Colorado,Home,3,No,Website,C1444,3,1089631.7,363210.56666666665,1186.05,3558.15,309.89794039598473,3,0,44,0,Lower-Value / Lower-Activity Buyers
C1445,Individual,Gregory,Hall,1988-07-26,M,USA,Florida,Home,5,No,Website,C1445,4,1249138.91,312284.7275,976.9675,3907.87,311.85896251718844,4,0,37,0,Lower-Value / Lower-Activity Buyers
C1446,Individual,Amber,Gray,1951-12-09,F,USA,Ohio,Home,4,No,Website,C1446,4,1550820.49,387705.1225,1385.6475,5542.59,282.12305197898206,4,0,74,1,Higher-Value Property Buyers
C1447,Individual,Janet,Rogers,1972-05-14,F,USA,Nevada,Investment,4,Yes,Client,C1447,4,1372408.9,343102.225,1151.37,4605.48,300.8786455506568,4,0,53,1,Higher-Value Property Buyers
C1448,Individual,Henry,Ward,1959-03-15,M,Russia,Tatarstan,Home,1,No,Website,C1448,4,1221304.62,305326.155,984.9525,3939.81,310.0261833663882,3,1,66,0,Lower-Value / Lower-Activity Buyers
C1449,Individual,Nicole,Cox,1999-06-14,F,USA,California,Investment,5,No,Website,C1449,3,1110557.49,370185.83,1221.6766666666665,3665.03,300.0280962802356,3,0,26,0,Lower-Value / Lower-Activity Buyers
C1450,Individual,Pamela,White,1996-04-06,F,USA,Virginia,Home,5,No,Website,C1450,3,1028509.6,342836.5333333333,1037.5833333333333,3112.75,330.50035181845584,3,0,29,0,Lower-Value / Lower-Activity Buyers
C1451,Individual,Hannah,Turner,1983-10-19,F,USA,California,Home,1,No,Website,C1451,4,1529673.3199999998,382418.33,1259.875,5039.5,308.9886930825248,4,0,42,1,Higher-Value Property Buyers
C1452,Individual,Kelly,Edwards,1993-08-05,F,Belgium,Wallonia,Home,3,No,Client,C1452,3,1320005.77,440001.9233333333,1487.66,4462.98,295.65286266710586,3,0,32,1,Higher-Value Property Buyers
C1453,Individual,Kenneth,Stone,1981-10-07,M,USA,California,Home,2,No,Agency,C1453,3,1145044.9,381681.6333333333,1243.8233333333333,3731.47,302.5763924117034,3,0,44,1,Higher-Value Property Buyers
C1454,Individual,Ann,Kim,1948-05-23,F,USA,California,Investment,1,No,Client,C1454,3,1188825.44,396275.14666666667,1321.503333333333,3964.51,302.1319212510687,3,0,77,1,Higher-Value Property Buyers
C1455,Individual,Christina,Nelson,1989-06-15,F,USA,Colorado,Home,3,Yes,Agency,C1455,3,985992.43,328664.1433333333,983.4266666666668,2950.28,328.95864543315975,2,1,36,0,Lower-Value / Lower-Activity Buyers
C1456,Company,Quasar,Co,1992-06-26,F,USA,Oregon,Investment,1,Yes,Website,C1456,4,1598853.55,399713.3875,1313.38,5253.52,306.4595679787559,4,0,33,1,Higher-Value Property Buyers
C1457,Individual,Julie,Foster,1949-01-27,F,USA,California,Home,3,Yes,Agency,C1457,4,1537205.06,384301.265,1227.17,4908.68,322.5246216007684,2,2,76,1,Higher-Value Property Buyers
C1458,Individual,Keith,Reed,1950-09-16,M,USA,Arizona,Home,1,No,Website,C1458,3,917921.54,305973.8466666667,979.0866666666668,2937.26,323.36335122868644,2,1,75,0,Lower-Value / Lower-Activity Buyers
C1459,Individual,Terry,Hall,1949-09-28,M,USA,Arizona,Home,5,No,Website,C1459,4,1556253.48,389063.37,1385.6475,5542.59,281.76842860276616,4,0,76,1,Higher-Value Property Buyers
C1460,Individual,Pamela,Long,1972-12-05,F,UK,England,Home,1,Yes,Agency,C1460,4,1569390.69,392347.6725,1294.645,5178.58,301.2160297680804,4,0,53,1,Higher-Value Property Buyers
C1461,Individual,Gloria,Reyes,1944-01-13,F,USA,California,Home,5,No,Website,C1461,4,1507966.87,376991.7175,1294.645,5178.58,294.65289273709425,4,0,81,1,Higher-Value Property Buyers
C1462,Individual,Virginia,Allen,1984-04-19,F,Germany,Hamburg,Investment,3,No,Agency,C1462,4,1220331.12,305082.78,956.6725,3826.69,309.07038935922253,2,2,41,0,Lower-Value / Lower-Activity Buyers
C1463,Individual,Lawrence,Ward,1943-12-28,M,USA,California,Home,2,Yes,Website,C1463,4,1639044.0,409761.0,1386.5875,5546.35,302.06418749892663,4,0,82,1,Higher-Value Property Buyers
C1464,Individual,Terry,Weaver,1940-01-25,M,USA,Arizona,Home,1,No,Website,C1464,3,1094818.68,364939.56,1086.24,3258.7200000000003,330.4418595121292,3,0,85,0,Lower-Value / Lower-Activity Buyers
C1465,Individual,Edward,Stewart,1990-07-09,M,USA,Ohio,Home,3,Yes,Website,C1465,3,1312191.47,437397.1566666667,1457.8333333333333,4373.5,300.5316615488964,3,0,35,1,Higher-Value Property Buyers
C1466,Individual,Ashley,Howard,1999-08-28,F,Belgium,Flanders,Investment,2,No,Website,C1466,4,1387827.15,346956.7875,1053.27,4213.08,328.1210552680937,4,0,26,1,Higher-Value Property Buyers
C1467,Individual,Rebecca,Adams,1951-07-19,F,USA,California,Home,5,No,Client,C1467,3,761353.26,253784.42,849.6366666666667,2548.91,302.2165301319923,3,0,74,0,Lower-Value / Lower-Activity Buyers
C1468,Individual,Jason,Martin,1940-08-24,M,Canada,Manitoba,Home,3,No,Website,C1468,3,1072452.07,357484.0233333334,1185.3533333333332,3556.06,294.75098457522006,1,2,85,0,Lower-Value / Lower-Activity Buyers
C1469,Individual,Keith,Richardson,1970-05-17,M,USA,Colorado,Home,1,No,Website,C1469,3,1512121.64,504040.5466666667,1538.7766666666666,4616.33,327.2079411120867,3,0,55,1,Higher-Value Property Buyers
C1470,Individual,Alexander,Richardson,1940-05-27,M,USA,Colorado,Investment,3,Yes,Agency,C1470,3,1440682.21,480227.4033333333,1590.8633333333337,4772.59,304.4043350910646,3,0,85,1,Higher-Value Property Buyers
C1471,Individual,Judith,Williams,1940-05-24,F,UK,Northern Ireland,Home,1,Yes,Website,C1471,4,1048588.76,262147.19,801.0649999999999,3204.26,331.0608088131045,3,1,85,0,Lower-Value / Lower-Activity Buyers
C1472,Individual,Paul,Flores,1991-03-23,M,USA,Washington,Home,1,No,Website,C1472,4,1610320.87,402580.2175,1237.1025,4948.41,322.59002526256074,4,0,34,1,Higher-Value Property Buyers
C1473,Individual,Maria,Freeman,1974-03-14,F,USA,California,Home,2,No,Agency,C1473,4,1415300.74,353825.185,1009.23,4036.92,336.1945799047344,4,0,51,1,Higher-Value Property Buyers
C1474,Individual,Kevin,Brown,1969-04-10,M,USA,Oregon,Home,3,No,Website,C1474,4,1563434.47,390858.6175,1307.3,5229.2,297.3561221157097,4,0,56,1,Higher-Value Property Buyers
C1475,Individual,Raymond,Brown,1944-08-02,M,Mexico,Jalisco,Home,4,Yes,Agency,C1475,4,1579186.25,394796.5625,1287.055,5148.22,296.4368907369637,4,0,81,1,Higher-Value Property Buyers
C1476,Individual,Kevin,Jackson,2000-06-08,M,USA,Nevada,Home,1,No,Agency,C1476,4,1505369.42,376342.355,1141.225,4564.9,322.5105874998143,3,1,25,1,Higher-Value Property Buyers
C1477,Company,Zynex,Co,1968-04-10,F,USA,California,Investment,1,No,Agency,C1477,4,1051466.92,262866.73,920.7075,3682.83,281.8186828524417,3,1,57,0,Lower-Value / Lower-Activity Buyers
C1478,Individual,Emily,Reed,1958-09-12,F,Canada,British Columbia,Investment,1,No,Agency,C1478,3,965772.74,321924.24666666664,1082.8966666666668,3248.69,306.9857194616921,3,0,67,0,Lower-Value / Lower-Activity Buyers
C1479,Individual,Paul,Carter,1968-03-26,M,USA,California,Investment,1,No,Website,C1479,4,1275455.51,318863.8775,1018.5225,4074.09,309.7212538833377,4,0,57,0,Lower-Value / Lower-Activity Buyers
C1480,Individual,Danielle,White,1985-04-09,F,USA,Virginia,Investment,3,No,Client,C1480,4,1466467.79,366616.9475,1220.42,4881.68,303.07216392304974,3,1,40,1,Higher-Value Property Buyers
C1481,Company,Caldera,Co,1984-12-04,F,USA,Arizona,Investment,3,No,Website,C1481,4,1059700.88,264925.22000000003,901.245,3604.98,302.0945395261979,1,3,41,0,Lower-Value / Lower-Activity Buyers
C1482,Individual,Kimberly,Murray,1953-01-24,F,USA,Oregon,Home,2,Yes,Website,C1482,4,1665015.1700000002,416253.7925,1312.8225,5251.29,317.8228762167945,3,1,72,1,Higher-Value Property Buyers
C1483,Individual,Gary,Hall,1975-06-01,M,USA,Colorado,Home,3,Yes,Agency,C1483,4,1831769.62,457942.405,1486.3275,5945.31,305.1133886249056,4,0,50,1,Higher-Value Property Buyers
C1484,Individual,Christina,Nelson,1971-10-09,F,USA,Colorado,Home,3,No,Client,C1484,4,1117191.81,279297.9525,995.0275,3980.11,279.1613172418742,4,0,54,0,Lower-Value / Lower-Activity Buyers
C1485,Individual,Rachel,Scott,1984-06-26,F,USA,Washington,Investment,4,No,Website,C1485,4,1604885.52,401221.38,1350.2175,5400.87,292.9816807748882,3,1,41,1,Higher-Value Property Buyers
C1486,Individual,Madison,Campbell,1996-06-14,F,UK,Wales,Home,5,Yes,Website,C1486,3,1019385.69,339795.23,1156.5633333333333,3469.69,292.8673703039761,2,1,29,0,Lower-Value / Lower-Activity Buyers
C1487,Individual,Sandra,Martin,1965-12-10,F,USA,New York,Home,3,No,Agency,C1487,4,1553533.51,388383.3775,1294.645,5178.58,297.7811731198733,4,0,60,1,Higher-Value Property Buyers
C1488,Individual,Keith,Scott,1975-09-07,M,USA,Florida,Investment,2,No,Website,C1488,3,1029238.79,343079.5966666667,1140.1866666666667,3420.5600000000004,289.4914294540913,3,0,50,0,Lower-Value / Lower-Activity Buyers
C1489,Individual,Gloria,Montgomery,1951-03-19,F,USA,Arizona,Home,5,No,Agency,C1489,3,1056549.47,352183.1566666667,1240.6066666666666,3721.82,289.0081924125951,2,1,74,0,Lower-Value / Lower-Activity Buyers
C1490,Individual,Dennis,Hall,1994-11-06,M,UK,Wales,Investment,5,Yes,Client,C1490,3,861119.76,287039.92,939.33,2817.99,310.25731616493863,3,0,31,0,Lower-Value / Lower-Activity Buyers
C1491,Individual,Rebecca,Evans,1997-07-10,F,USA,Georgia,Home,4,No,Agency,C1491,4,1056750.03,264187.5075,901.245,3604.98,293.3993073211121,4,0,28,0,Lower-Value / Lower-Activity Buyers
C1492,Individual,Mary,Taylor,1984-12-18,F,Germany,Bavaria,Home,2,No,Agency,C1492,3,1309655.49,436551.83,1579.3133333333335,4737.9400000000005,276.4736214807618,3,0,41,1,Higher-Value Property Buyers
C1493,Individual,Thomas,Bennett,1992-03-16,M,USA,Washington,Home,4,Yes,Agency,C1493,3,864605.61,288201.87,1037.11,3111.33,289.6202277618615,3,0,33,0,Lower-Value / Lower-Activity Buyers
C1494,Individual,Nicholas,Cooper,1996-04-09,M,USA,New York,Home,1,No,Client,C1494,3,913338.07,304446.0233333333,934.8733333333332,2804.62,328.08146284347066,3,0,29,0,Lower-Value / Lower-Activity Buyers
C1495,Individual,Jason,Hughes,1991-11-09,M,Denmark,Capital Region,Home,1,No,Website,C1495,4,2059292.68,514823.17,1591.4725,6365.889999999999,318.4907225562597,3,1,34,1,Higher-Value Property Buyers
C1496,Individual,Bryan,Patterson,1986-11-15,M,USA,Florida,Home,5,No,Agency,C1496,3,1119013.61,373004.5366666666,1151.5466666666669,3454.6400000000003,325.3276497292432,2,1,39,0,Lower-Value / Lower-Activity Buyers
C1497,Individual,Samuel,Parker,1940-01-13,M,USA,California,Investment,4,No,Agency,C1497,3,794765.34,264921.78,880.66,2641.98,300.49342243566065,2,1,85,0,Lower-Value / Lower-Activity Buyers
C1498,Individual,Nicole,Carter,1967-02-03,F,Mexico,Puebla,Investment,5,No,Website,C1498,4,1142631.83,285657.9575,889.8725000000001,3559.49,319.26796185885496,4,0,58,0,Lower-Value / Lower-Activity Buyers
C1499,Individual,Lauren,Gray,1997-11-04,F,Russia,Saint Petersburg,Home,3,Yes,Agency,C1499,3,1321905.54,440635.18,1523.6933333333334,4571.08,288.32959612880296,3,0,28,1,Higher-Value Property Buyers
C1500,Individual,Shirley,Ward,1995-01-04,F,Australia,Victoria,Home,2,No,Agency,C1500,4,1020299.92,255074.98,841.385,3365.54,301.55758255718763,4,0,30,0,Lower-Value / Lower-Activity Buyers
C1501,Individual,Brenda,White,1951-12-16,F,USA,Oregon,Investment,4,No,Agency,C1501,3,761279.08,253759.69333333333,851.4266666666667,2554.28,293.9057419832944,1,2,74,0,Lower-Value / Lower-Activity Buyers
C1502,Individual,Elizabeth,Weaver,1994-10-27,F,UK,Wales,Home,5,Yes,Website,C1502,4,1045772.34,261443.085,911.0425,3644.17,291.9126467750839,4,0,31,0,Lower-Value / Lower-Activity Buyers
C1503,Company,Triton,Co,1986-08-21,M,USA,Arizona,Investment,5,No,Website,C1503,4,1299971.48,324992.87,1050.5725,4202.29,305.76986301876855,2,2,39,0,Lower-Value / Lower-Activity Buyers
C1504,Individual,Patrick,Hughes,1946-08-19,M,USA,California,Home,4,No,Website,C1504,3,871805.96,290601.98666666663,979.0866666666668,2937.26,298.2924969011381,3,0,79,0,Lower-Value / Lower-Activity Buyers
C1505,Individual,William,Cook,1994-05-14,M,USA,Virginia,Home,3,No,Agency,C1505,4,1012922.06,253230.515,799.9225,3199.69,309.21948095717687,2,2,31,0,Lower-Value / Lower-Activity Buyers
C1506,Individual,Larry,Price,1950-01-11,M,USA,Utah,Investment,3,No,Website,C1506,3,1010109.4,336703.13333333336,1155.4633333333334,3466.39,293.17701824535834,2,1,75,0,Lower-Value / Lower-Activity Buyers
C1507,Individual,Joyce,Cooper,1951-03-28,F,USA,Florida,Home,3,No,Agency,C1507,4,1499666.44,374916.61,1220.915,4883.66,296.105598799069,4,0,74,1,Higher-Value Property Buyers
C1508,Individual,Benjamin,Morris,1994-12-03,M,UK,Scotland,Home,3,No,Agency,C1508,4,965283.79,241320.9475,783.64,3134.56,307.13049447062,3,1,31,0,Lower-Value / Lower-Activity Buyers
C1509,Individual,Rebecca,Campbell,1946-12-16,F,USA,California,Home,3,No,Website,C1509,4,1821912.87,455478.2175,1482.5875,5930.35,310.98598398910434,4,0,79,1,Higher-Value Property Buyers
C1510,Company,Altira,Co,1962-12-01,M,USA,California,Home,5,No,Agency,C1510,3,804243.22,268081.0733333333,842.68,2528.04,313.11786986632654,3,0,63,0,Lower-Value / Lower-Activity Buyers
C1511,Individual,Ann,Hansen,1989-07-20,F,France,Provence,Home,2,Yes,Website,C1511,3,1093080.86,364360.2866666666,1152.6466666666668,3457.94,313.13782522532307,2,1,36,0,Lower-Value / Lower-Activity Buyers
C1512,Individual,Anna,Young,1955-06-18,F,USA,Nevada,Home,4,Yes,Client,C1512,4,1209056.95,302264.2375,1046.42,4185.68,295.78788460472964,3,1,70,0,Lower-Value / Lower-Activity Buyers
C1513,Individual,Danielle,Morales,1995-06-08,F,USA,Florida,Home,2,No,Website,C1513,3,1452266.37,484088.79,1538.7766666666666,4616.33,314.5164445926964,3,0,30,1,Higher-Value Property Buyers
C1514,Individual,Linda,Bryant,1986-12-08,F,USA,New York,Home,4,No,Website,C1514,3,1211908.53,403969.51,1386.32,4158.96,292.4424153622393,2,1,39,1,Higher-Value Property Buyers
C1515,Individual,Angela,Williams,1946-10-16,F,USA,Nevada,Investment,5,No,Website,C1515,4,1433703.52,358425.88,1227.17,4908.68,300.017466666214,3,1,79,1,Higher-Value Property Buyers
C1516,Individual,Grace,Wood,1953-05-23,F,USA,Texas,Home,4,No,Website,C1516,3,690456.91,230152.3033333333,801.46,2404.38,282.5805427279085,2,1,72,0,Lower-Value / Lower-Activity Buyers
C1517,Individual,Benjamin,Chavez,1978-02-23,M,USA,California,Investment,2,No,Agency,C1517,4,1328693.42,332173.355,1076.59,4306.36,314.3224112026111,3,1,47,0,Lower-Value / Lower-Activity Buyers
C1518,Individual,Teresa,Rogers,1994-10-08,F,Australia,Victoria,Home,5,Yes,Agency,C1518,4,961942.88,240485.72,886.4275,3545.71,271.8180164903408,4,0,31,0,Lower-Value / Lower-Activity Buyers
C1519,Individual,Kyle,Freeman,1972-08-19,M,USA,California,Home,1,No,Agency,C1519,4,1366990.13,341747.53250000003,1072.985,4291.9400000000005,314.78140946293524,4,0,53,1,Higher-Value Property Buyers
C1520,Individual,Patrick,Griffin,1945-12-05,M,USA,Utah,Home,1,No,Website,C1520,4,1425469.02,356367.255,1187.8925,4751.57,298.05669935056414,4,0,80,1,Higher-Value Property Buyers
C1521,Individual,Bryan,Foster,1973-12-25,M,USA,Nevada,Home,4,No,Agency,C1521,3,913579.41,304526.47,1032.28,3096.84,296.9488921952655,3,0,52,0,Lower-Value / Lower-Activity Buyers
C1522,Individual,Debra,Mitchell,1964-09-14,F,USA,Washington,Home,5,No,Website,C1522,4,1598304.98,399576.245,1378.985,5515.94,291.99700032189105,3,1,61,1,Higher-Value Property Buyers
C1523,Company,Horizon,Co,1981-07-22,M,Australia,Victoria,Investment,3,No,Website,C1523,4,1652083.92,413020.98,1334.8775,5339.51,308.4287730196221,4,0,44,1,Higher-Value Property Buyers
C1524,Individual,Jordan,Wilson,1967-07-24,M,USA,Virginia,Home,2,No,Client,C1524,4,1434208.3,358552.075,1164.015,4656.06,310.18224336622586,2,2,58,1,Higher-Value Property Buyers
C1525,Individual,Timothy,Brown,1959-08-24,M,USA,California,Home,1,No,Agency,C1525,3,1336757.18,445585.7266666666,1511.63,4534.89,290.9902327776977,3,0,66,1,Higher-Value Property Buyers
C1526,Individual,Victoria,Howard,1956-08-05,F,USA,California,Home,3,No,Website,C1526,3,1429330.15,476443.3833333333,1600.9133333333332,4802.74,298.8037586643884,3,0,69,1,Higher-Value Property Buyers
C1527,Individual,Martha,Thomas,1989-05-13,F,USA,California,Home,1,No,Agency,C1527,3,993447.06,331149.02,1200.35,3601.05,276.3289525019986,3,0,36,0,Lower-Value / Lower-Activity Buyers
C1528,Individual,Jennifer,Weaver,1997-09-02,F,Germany,Hamburg,Home,1,Yes,Website,C1528,3,1058452.68,352817.56,1125.17,3375.51,305.66475837574933,2,1,28,0,Lower-Value / Lower-Activity Buyers
C1529,Company,Helios,Co,1989-04-19,M,USA,California,Home,4,No,Website,C1529,4,1614522.9,403630.725,1350.98,5403.92,300.44911294307315,4,0,36,1,Higher-Value Property Buyers
C1530,Individual,Sarah,Wright,1988-11-20,F,USA,California,Home,2,No,Website,C1530,3,1011087.75,337029.25,1107.81,3323.43,308.5928380611333,3,0,37,0,Lower-Value / Lower-Activity Buyers
C1531,Individual,Bryan,Cox,1964-03-15,M,France,Brittany,Investment,2,No,Website,C1531,4,1272471.05,318117.7625,1065.415,4261.66,297.9391163758428,2,2,61,0,Lower-Value / Lower-Activity Buyers
C1532,Individual,Linda,Freeman,1998-09-26,F,USA,Texas,Home,3,Yes,Website,C1532,4,1446462.79,361615.6975,1164.015,4656.06,309.902778608621,4,0,27,1,Higher-Value Property Buyers
C1533,Individual,Anthony,Bryant,1988-10-05,M,Canada,British Columbia,Home,4,No,Agency,C1533,4,1019127.09,254781.7725,727.265,2909.06,344.0324786280804,2,2,37,0,Lower-Value / Lower-Activity Buyers
C1534,Individual,Sandra,Pierce,1996-06-08,F,USA,California,Home,4,Yes,Website,C1534,3,1195359.88,398453.2933333333,1303.4733333333334,3910.42,303.7760930844024,3,0,29,1,Higher-Value Property Buyers
C1535,Individual,Jeremy,Stone,1994-09-03,M,UK,England,Investment,3,No,Agency,C1535,4,1967005.46,491751.365,1591.4725,6365.889999999999,311.3057429808408,4,0,31,1,Higher-Value Property Buyers
C1536,Individual,Sara,Baker,1982-06-05,F,USA,Washington,Home,3,No,Website,C1536,3,1076884.84,358961.61333333334,1050.6433333333332,3151.93,326.4196675634502,2,1,43,0,Lower-Value / Lower-Activity Buyers
C1537,Individual,Lisa,Foster,1999-08-04,F,USA,Arizona,Home,5,No,Website,C1537,3,1637300.41,545766.8033333333,1579.3133333333335,4737.9400000000005,345.4049857254848,2,1,26,1,Higher-Value Property Buyers
C1538,Individual,Jessica,Kim,1947-01-07,F,USA,California,Investment,5,No,Website,C1538,3,775544.78,258514.92666666667,941.38,2824.14,285.75111611160736,2,1,78,0,Lower-Value / Lower-Activity Buyers
C1539,Individual,Terry,Brown,1997-05-13,M,USA,Nevada,Home,1,No,Agency,C1539,3,811448.36,270482.7866666667,995.51,2986.53,272.5672214691155,3,0,28,0,Lower-Value / Lower-Activity Buyers
C1540,Individual,Roger,Cox,1957-12-02,M,USA,California,Home,2,Yes,Client,C1540,3,842510.7,280836.9,908.2333333333332,2724.7,315.45532732347186,3,0,68,0,Lower-Value / Lower-Activity Buyers
C1541,Individual,Carl,Adams,1964-11-20,M,USA,California,Home,2,No,Website,C1541,4,1173616.46,293404.115,995.0275,3980.11,304.45242557540735,3,1,61,0,Lower-Value / Lower-Activity Buyers
C1542,Individual,Gary,Cook,1989-07-27,M,USA,Nevada,Home,1,Yes,Website,C1542,3,1261648.92,420549.64,1356.746666666667,4070.24,310.20797336558843,3,0,36,1,Higher-Value Property Buyers
C1543,Individual,Virginia,Peterson,1955-11-10,F,USA,New York,Investment,3,No,Agency,C1543,3,1199490.31,399830.1033333333,1267.4066666666668,3802.22,308.065002319388,2,1,70,1,Higher-Value Property Buyers
C1544,Individual,Heather,Evans,1947-04-27,F,Russia,Tatarstan,Home,3,No,Website,C1544,3,1551623.3,517207.76666666666,1679.1066666666666,5037.32,305.8955791098728,3,0,78,1,Higher-Value Property Buyers
C1545,Individual,Elizabeth,Price,1992-11-23,F,USA,California,Investment,1,Yes,Website,C1545,3,1101811.15,367270.3833333333,1254.503333333333,3763.51,292.4366170207845,3,0,33,0,Lower-Value / Lower-Activity Buyers
C1546,Individual,Sarah,Scott,1966-06-06,F,Mexico,Puebla,Home,4,Yes,Agency,C1546,4,1161022.51,290255.6275,874.9925000000001,3499.9700000000003,330.28443786484144,3,1,59,0,Lower-Value / Lower-Activity Buyers
C1547,Individual,Margaret,Martin,1975-04-03,F,USA,Florida,Home,2,Yes,Agency,C1547,4,1199337.46,299834.365,997.415,3989.66,312.4852459330545,3,1,50,0,Lower-Value / Lower-Activity Buyers
C1548,Company,Telnox,Co,1967-12-26,M,USA,California,Home,2,Yes,Website,C1548,3,615223.03,205074.3433333333,678.9699999999999,2036.91,303.2522718940264,3,0,58,0,Lower-Value / Lower-Activity Buyers
C1549,Individual,Gary,Reyes,1961-06-15,M,Mexico,Nuevo Leon,Home,4,No,Client,C1549,3,837044.35,279014.7833333333,983.4266666666668,2950.28,287.3216267134631,3,0,64,0,Lower-Value / Lower-Activity Buyers
C1550,Individual,Jason,Rogers,1998-10-01,M,USA,California,Home,2,No,Agency,C1550,4,1368767.79,342191.9475,1164.015,4656.06,287.565972329854,4,0,27,1,Higher-Value Property Buyers
C1551,Individual,Aaron,Howard,1991-05-17,M,USA,California,Home,2,No,Agency,C1551,3,1252240.69,417413.5633333333,1438.2933333333333,4314.88,290.61329911843484,2,1,34,1,Higher-Value Property Buyers
C1552,Individual,Peter,Wilson,1947-04-20,M,USA,California,Investment,2,Yes,Agency,C1552,4,1356450.7000000002,339112.67500000005,1074.0525,4296.21,305.497304095097,3,1,78,0,Lower-Value / Lower-Activity Buyers
C1553,Company,Horizon,Co,1990-03-27,M,USA,Utah,Home,4,No,Agency,C1553,3,979536.36,326512.12,1038.7166666666667,3116.15,307.509144213996,3,0,35,0,Lower-Value / Lower-Activity Buyers
C1554,Individual,Gregory,Cox,1998-03-04,M,Germany,Bavaria,Home,1,No,Website,C1554,3,742034.24,247344.74666666667,678.9699999999999,2036.91,362.2549695266313,3,0,27,0,Lower-Value / Lower-Activity Buyers
C1555,Individual,Julia,Martin,1946-04-25,F,UK,England,Home,5,No,Website,C1555,4,1233852.38,308463.095,1012.5575,4050.23,310.779300285579,4,0,79,0,Lower-Value / Lower-Activity Buyers
C1556,Individual,Grace,Wood,1982-11-20,F,USA,Colorado,Investment,2,No,Agency,C1556,4,1215734.71,303933.6775,1020.3875,4081.55,299.72891706328323,4,0,43,0,Lower-Value / Lower-Activity Buyers
C1557,Individual,Joan,Griffin,1942-03-15,F,USA,New York,Home,2,Yes,Website,C1557,3,955054.18,318351.3933333333,1072.4833333333331,3217.45,294.1136841749192,3,0,83,0,Lower-Value / Lower-Activity Buyers
C1558,Individual,Tyler,Phillips,1944-03-12,M,Mexico,Baja California,Home,4,No,Website,C1558,3,1482069.56,494023.1866666667,1680.5266666666666,5041.58,299.1675367344344,1,2,81,1,Higher-Value Property Buyers
C1559,Individual,Sara,Mitchell,1975-03-27,F,UK,England,Home,2,No,Website,C1559,3,1345808.87,448602.9566666667,1445.2933333333333,4335.88,315.20816215083465,3,0,50,1,Higher-Value Property Buyers
C1560,Individual,Christina,Hughes,1940-07-15,F,USA,California,Home,4,Yes,Client,C1560,3,1052677.5699999998,350892.52333333326,1148.0433333333333,3444.13,307.1745356188394,2,1,85,0,Lower-Value / Lower-Activity Buyers
C1561,Individual,Jeffrey,Green,1964-04-28,M,Mexico,Nuevo Leon,Investment,5,No,Agency,C1561,3,1135294.51,378431.50333333336,1193.7733333333333,3581.32,299.7772032381946,3,0,61,0,Lower-Value / Lower-Activity Buyers
C1562,Individual,Maria,Morris,1987-07-05,F,USA,California,Home,4,No,Client,C1562,3,1179775.32,393258.44,1268.0466666666669,3804.14,309.6229604953476,3,0,38,1,Higher-Value Property Buyers
C1563,Individual,Susan,Baker,1987-06-18,F,USA,Utah,Home,5,No,Website,C1563,3,979729.05,326576.35000000003,1090.7733333333333,3272.32,300.0323390816546,2,1,38,0,Lower-Value / Lower-Activity Buyers
C1564,Individual,Jason,Wood,1964-11-06,M,USA,Washington,Investment,5,No,Website,C1564,3,1595925.43,531975.1433333333,1635.6233333333332,4906.87,325.39871252771144,3,0,61,1,Higher-Value Property Buyers
C1565,Individual,Kenneth,Bennett,1980-08-08,M,Mexico,Jalisco,Home,4,No,Agency,C1565,4,1140899.22,285224.805,994.0725,3976.29,289.9594939432932,3,1,45,0,Lower-Value / Lower-Activity Buyers
C1566,Individual,Anthony,Wilson,1995-01-01,M,USA,California,Home,3,No,Website,C1566,4,1450240.65,362560.1625,1175.235,4700.94,310.60744607284084,4,0,30,1,Higher-Value Property Buyers
C1567,Individual,Frank,Wilson,1977-10-11,M,USA,Georgia,Home,4,No,Client,C1567,4,1594452.62,398613.155,1276.9875,5107.95,305.98391049575355,3,1,48,1,Higher-Value Property Buyers
C1568,Individual,Betty,Owens,1990-03-06,F,USA,California,Home,5,No,Website,C1568,3,1373808.09,457936.03,1357.1933333333334,4071.58,327.3085017325855,2,1,35,1,Higher-Value Property Buyers
C1569,Individual,Pamela,Turner,1993-11-05,F,USA,California,Investment,1,Yes,Website,C1569,3,1175242.5499999998,391747.5166666666,1258.29,3774.87,308.3884812829846,3,0,32,1,Higher-Value Property Buyers
C1570,Individual,Amanda,Williams,1963-12-27,F,USA,Ohio,Home,5,No,Website,C1570,4,1469638.4,367409.6,1333.5625,5334.25,280.4146436360922,4,0,62,1,Higher-Value Property Buyers
C1571,Individual,Ethan,Morales,1978-06-03,M,USA,California,Home,2,No,Website,C1571,4,1243439.96,310859.99,1092.085,4368.34,293.49738857779414,4,0,47,0,Lower-Value / Lower-Activity Buyers
C1572,Individual,Donald,Baker,1960-06-10,M,Australia,Queensland,Home,3,No,Agency,C1572,4,886149.52,221537.38,748.33,2993.32,294.4365760502225,4,0,65,0,Lower-Value / Lower-Activity Buyers
C1573,Individual,Amanda,Richardson,1946-05-07,F,USA,California,Home,1,No,Website,C1573,4,1175839.94,293959.985,1059.9375,4239.75,278.8009064436627,2,2,79,0,Lower-Value / Lower-Activity Buyers
C1574,Individual,Gary,Morris,1984-08-14,M,USA,California,Home,4,No,Website,C1574,3,1195224.9,398408.3,1255.6333333333334,3766.9,316.0873099894978,3,0,41,1,Higher-Value Property Buyers
C1575,Individual,Paul,Freeman,2000-12-19,M,USA,California,Home,2,No,Website,C1575,4,1395067.16,348766.79000000004,1158.7275,4634.91,305.25216854782985,4,0,25,1,Higher-Value Property Buyers
C1576,Individual,Heather,Cook,1977-09-28,F,USA,Nevada,Investment,3,Yes,Website,C1576,4,1359536.24,339884.06,1098.1675,4392.67,306.08915956124895,3,1,48,1,Higher-Value Property Buyers
C1577,Individual,Ethan,Edwards,1983-02-15,M,Germany,Bavaria,Home,3,No,Website,C1577,3,1427933.58,475977.86,1471.9,4415.7,323.10748399926587,2,1,42,1,Higher-Value Property Buyers
C1578,Individual,Mark,Turner,1996-03-12,M,USA,California,Investment,2,No,Website,C1578,3,765431.01,255143.67,934.8733333333332,2804.62,282.062208343019,3,0,29,0,Lower-Value / Lower-Activity Buyers
C1579,Individual,Robert,Bell,1945-10-03,M,USA,Arizona,Investment,4,No,Website,C1579,4,1101753.59,275438.3975,952.0525,3808.21,292.06020743088715,3,1,80,0,Lower-Value / Lower-Activity Buyers
C1580,Individual,Jordan,Martin,1997-12-05,M,USA,Georgia,Investment,1,Yes,Website,C1580,4,1008834.66,252208.665,872.2,3488.8,287.0755193206537,3,1,28,0,Lower-Value / Lower-Activity Buyers
C1581,Individual,James,Reyes,1950-11-08,M,USA,California,Investment,1,No,Website,C1581,3,1123364.22,374454.74,1023.9266666666666,3071.78,357.732901316442,1,2,75,0,Lower-Value / Lower-Activity Buyers
C1582,Individual,Harold,Baker,1955-08-20,M,France,Ile-de-France,Home,4,Yes,Client,C1582,3,1030269.01,343423.00333333336,1050.08,3150.24,324.03923388426136,2,1,70,0,Lower-Value / Lower-Activity Buyers
C1583,Individual,Peter,Scott,1968-01-03,M,USA,California,Home,2,No,Agency,C1583,4,1378030.61,344507.6525,1170.135,4680.54,293.70298451981887,3,1,57,1,Higher-Value Property Buyers
C1584,Company,Nexus,Co,1985-08-12,M,France,Brittany,Investment,1,Yes,Website,C1584,3,1199226.44,399742.14666666667,1361.743333333333,4085.23,297.4015978107676,3,0,40,1,Higher-Value Property Buyers
C1585,Individual,Kevin,Watson,1960-10-10,M,Canada,Ontario,Home,5,No,Website,C1585,4,1480011.91,370002.9775,1276.8225,5107.29,287.5295107115782,4,0,65,1,Higher-Value Property Buyers
C1586,Individual,Carolyn,Roberts,1967-01-21,F,Germany,Berlin,Home,3,No,Website,C1586,3,1116579.83,372193.2766666667,1224.68,3674.04,304.21063616367974,3,0,58,0,Lower-Value / Lower-Activity Buyers
C1587,Individual,Carl,Cooper,1943-12-02,M,Canada,Quebec,Investment,4,Yes,Agency,C1587,3,743057.13,247685.71,850.2466666666668,2550.74,307.0055131205591,3,0,82,0,Lower-Value / Lower-Activity Buyers
C1588,Individual,Patricia,Thomas,1980-10-25,F,USA,Utah,Investment,5,No,Website,C1588,3,957201.31,319067.10333333333,1104.51,3313.53,290.99480765900927,3,0,45,0,Lower-Value / Lower-Activity Buyers
C1589,Individual,Christina,Ward,1953-08-12,F,USA,California,Investment,4,No,Agency,C1589,3,1380536.7000000002,460178.9000000001,1396.87,4190.61,326.88357150381245,2,1,72,1,Higher-Value Property Buyers
C1590,Company,Elara,Co,1979-06-19,F,USA,Oregon,Home,1,No,Website,C1590,4,1470403.6,367600.9,1228.8325,4915.33,306.1386614218441,3,1,46,1,Higher-Value Property Buyers
C1591,Individual,Christine,Brooks,1971-08-15,F,USA,California,Investment,4,No,Website,C1591,4,1676312.98,419078.245,1341.715,5366.86,310.2898916332747,4,0,54,1,Higher-Value Property Buyers
C1592,Individual,Heather,Allen,1975-06-01,F,USA,Texas,Investment,2,Yes,Agency,C1592,4,878452.1900000001,219613.0475,735.11,2940.44,301.1331267993108,3,1,50,0,Lower-Value / Lower-Activity Buyers
C1593,Individual,Anthony,Williams,1975-08-05,M,USA,California,Home,1,No,Website,C1593,4,825960.49,206490.1225,666.135,2664.54,308.0334425012127,4,0,50,0,Lower-Value / Lower-Activity Buyers
C1594,Individual,Kathleen,Green,1969-10-24,F,USA,Colorado,Home,2,No,Agency,C1594,4,1522994.53,380748.6325,1259.875,5039.5,308.15008878732624,3,1,56,1,Higher-Value Property Buyers
C1595,Individual,Charles,Reed,1955-08-20,M,USA,California,Home,5,No,Website,C1595,4,1310147.86,327536.965,1186.5225,4746.09,270.48297453077066,4,0,70,1,Higher-Value Property Buyers
C1596,Individual,Frank,Hall,1979-11-10,M,Germany,Berlin,Investment,4,No,Website,C1596,3,1642954.44,547651.48,1649.26,4947.78,327.48681876192137,3,0,46,1,Higher-Value Property Buyers
C1597,Individual,Rachel,Cox,1949-12-28,F,USA,Nevada,Investment,4,Yes,Website,C1597,4,1155778.2,288944.55,947.7475,3790.99,309.7769964537744,4,0,76,0,Lower-Value / Lower-Activity Buyers
C1598,Individual,Angela,Adams,1940-06-23,F,USA,Georgia,Home,4,Yes,Agency,C1598,3,1163931.67,387977.2233333333,1310.3966666666663,3931.19,302.64497644154613,3,0,85,1,Higher-Value Property Buyers
C1599,Individual,Stephanie,Thompson,1980-11-19,F,USA,Virginia,Investment,5,Yes,Website,C1599,3,1321031.17,440343.7233333333,1337.1733333333334,4011.52,327.5128011231716,3,0,45,1,Higher-Value Property Buyers
C1600,Individual,Jennifer,Rogers,1968-02-13,F,Belgium,Wallonia,Home,5,No,Website,C1600,4,1237164.36,309291.09,984.6475,3938.59,311.8608239736384,4,0,57,0,Lower-Value / Lower-Activity Buyers
C1601,Individual,Tiffany,Parker,1996-08-13,F,Russia,Krasnodar Krai,Home,3,No,Website,C1601,3,829078.01,276359.33666666667,913.67,2741.01,306.2574828055878,3,0,29,0,Lower-Value / Lower-Activity Buyers
C1602,Individual,Harold,Turner,1986-11-01,M,USA,Nevada,Investment,4,No,Website,C1602,4,1676863.99,419215.9975,1425.28,5701.12,291.5466597840417,4,0,39,1,Higher-Value Property Buyers
C1603,Individual,Hannah,Rogers,1962-09-07,F,UK,England,Home,5,No,Website,C1603,4,1077719.71,269429.9275,976.205,3904.82,285.3103160528668,2,2,63,0,Lower-Value / Lower-Activity Buyers
C1604,Individual,Ronald,Kim,1949-09-10,M,USA,Texas,Home,4,No,Website,C1604,3,1050264.24,350088.08,1243.8233333333333,3731.47,281.0677239742809,2,1,76,0,Lower-Value / Lower-Activity Buyers
C1605,Individual,Joshua,Collins,1999-01-21,M,UK,England,Investment,4,Yes,Website,C1605,4,1170783.34,292695.835,874.9925000000001,3499.9700000000003,319.0141615698714,2,2,26,0,Lower-Value / Lower-Activity Buyers
C1606,Individual,Zachary,Howard,1965-03-20,M,USA,Washington,Home,1,Yes,Agency,C1606,3,917562.71,305854.23666666663,1033.4833333333331,3100.45,296.21256645107843,2,1,60,0,Lower-Value / Lower-Activity Buyers
C1607,Individual,Emma,Hall,1963-03-11,F,USA,California,Home,3,No,Agency,C1607,3,829294.5700000001,276431.5233333334,927.6066666666666,2782.82,296.7432544232949,3,0,62,0,Lower-Value / Lower-Activity Buyers
C1608,Individual,Heather,Pierce,1999-11-14,F,UK,England,Home,4,Yes,Website,C1608,3,1431381.65,477127.2166666666,1447.82,4343.46,318.6186053663929,2,1,26,1,Higher-Value Property Buyers
C1609,Individual,Justin,Reed,1964-10-02,M,USA,California,Investment,2,No,Website,C1609,3,804844.43,268281.4766666667,900.46,2701.38,302.98484474395883,3,0,61,0,Lower-Value / Lower-Activity Buyers
C1610,Individual,Kenneth,White,1967-03-23,M,USA,California,Investment,3,No,Website,C1610,4,1249167.74,312291.935,1114.2125,4456.85,281.88491641647727,3,1,58,0,Lower-Value / Lower-Activity Buyers
C1611,Individual,Sarah,Bryant,1975-09-02,F,USA,Nevada,Investment,4,No,Website,C1611,4,1072189.52,268047.38,842.75,3371.0,318.72574313352214,4,0,50,0,Lower-Value / Lower-Activity Buyers
C1612,Individual,Jason,Price,1990-02-25,M,USA,California,Home,1,No,Agency,C1612,3,766554.56,255518.18666666668,839.1433333333334,2517.4300000000003,301.79361324466817,3,0,35,0,Lower-Value / Lower-Activity Buyers
C1613,Individual,Ryan,Griffin,1998-01-08,M,Denmark,Southern Denmark,Home,2,Yes,Agency,C1613,4,1608368.22,402092.055,1400.6975,5602.79,285.83805783579203,3,1,27,1,Higher-Value Property Buyers
C1614,Individual,Julie,Williams,1968-05-16,F,USA,Utah,Investment,4,No,Website,C1614,3,822155.05,274051.68333333335,1059.3466666666666,3178.04,265.13804678166275,3,0,57,0,Lower-Value / Lower-Activity Buyers
C1615,Individual,Jason,Mitchell,1963-08-01,M,USA,Utah,Home,5,No,Agency,C1615,3,857125.52,285708.50666666665,903.87,2711.61,318.9650942104338,3,0,62,0,Lower-Value / Lower-Activity Buyers
C1616,Individual,Aaron,Nelson,1991-09-01,M,UK,Wales,Investment,5,Yes,Website,C1616,4,1344053.71,336013.4275,1128.1275,4512.51,300.6690718381523,4,0,34,1,Higher-Value Property Buyers
C1617,Individual,Michelle,Baker,1952-10-09,F,USA,California,Home,3,No,Website,C1617,3,776005.5,258668.5,839.1433333333334,2517.4300000000003,306.0345124559622,3,0,73,0,Lower-Value / Lower-Activity Buyers
C1618,Individual,Linda,Price,1962-11-22,F,USA,Washington,Home,2,Yes,Website,C1618,4,1356655.6800000002,339163.92000000004,1103.3025,4413.21,305.84533933956607,3,1,63,1,Higher-Value Property Buyers
C1619,Individual,Jason,Baker,1952-10-24,M,Belgium,Wallonia,Home,2,No,Website,C1619,4,1390206.46,347551.615,1164.015,4656.06,306.81861857078025,2,2,73,1,Higher-Value Property Buyers
C1620,Individual,Jacob,Morales,1944-05-07,M,USA,California,Home,1,Yes,Website,C1620,3,788250.3500000001,262750.1166666667,979.0866666666668,2937.26,276.5540874771977,2,1,81,0,Lower-Value / Lower-Activity Buyers
C1621,Individual,Carl,Wood,1954-06-15,M,USA,Oregon,Investment,2,No,Agency,C1621,3,739739.97,246579.99,973.09,2919.27,262.4596448949508,3,0,71,0,Lower-Value / Lower-Activity Buyers
C1622,Individual,Angela,Taylor,1961-02-01,F,USA,Oregon,Home,1,Yes,Website,C1622,3,1054193.36,351397.7866666666,1107.81,3323.43,324.9236151283461,3,0,64,0,Lower-Value / Lower-Activity Buyers
C1623,Individual,Julia,Hall,1994-01-12,F,USA,Oregon,Home,4,No,Website,C1623,3,1060233.46,353411.1533333333,1111.2966666666666,3333.89,322.43591302473806,3,0,31,0,Lower-Value / Lower-Activity Buyers
C1624,Individual,Jennifer,Stewart,1951-01-04,F,USA,California,Home,4,Yes,Website,C1624,4,1943363.94,485840.985,1602.67,6410.68,299.2323404404552,4,0,74,1,Higher-Value Property Buyers
C1625,Individual,Harold,Wright,2000-02-03,M,Australia,Western Australia,Home,4,No,Agency,C1625,3,910587.85,303529.2833333333,1094.84,3284.52,269.2712820091999,3,0,25,0,Lower-Value / Lower-Activity Buyers
C1626,Individual,Jennifer,Morales,1970-02-24,F,France,Provence,Home,2,Yes,Website,C1626,3,1225657.22,408552.4066666667,1464.8466666666666,4394.54,283.59441515040004,3,0,55,1,Higher-Value Property Buyers
C1627,Individual,David,Bryant,1973-08-14,M,USA,California,Investment,1,No,Website,C1627,3,1275226.77,425075.59,1527.8633333333337,4583.59,277.9167267676937,3,0,52,1,Higher-Value Property Buyers
C1628,Company,Lumina,Co,1993-10-13,F,France,Normandy,Home,4,Yes,Website,C1628,3,800299.08,266766.36,842.73,2528.19,316.4399549919405,2,1,32,0,Lower-Value / Lower-Activity Buyers
C1629,Individual,Stephanie,Roberts,1956-08-26,F,USA,Utah,Home,5,No,Agency,C1629,3,789150.05,263050.01666666666,1008.13,3024.39,271.7214831133702,2,1,69,0,Lower-Value / Lower-Activity Buyers
C1630,Company,Grandis,Co,1994-05-06,F,USA,Virginia,Investment,1,Yes,Website,C1630,3,1206881.92,402293.9733333333,1338.1466666666668,4014.44,305.7239374313957,2,1,31,1,Higher-Value Property Buyers
C1631,Individual,Joan,Patterson,1966-03-12,F,UK,Northern Ireland,Home,5,No,Website,C1631,4,1683720.2,420930.05,1267.07,5068.28,333.5418488054143,3,1,59,1,Higher-Value Property Buyers
C1632,Individual,Victoria,Wright,1963-07-12,F,USA,California,Investment,3,Yes,Agency,C1632,4,1425130.6800000002,356282.67000000004,1152.755,4611.02,301.8546499940673,4,0,62,1,Higher-Value Property Buyers
C1633,Individual,Sara,Bennett,1977-07-03,F,Canada,Ontario,Home,2,No,Website,C1633,3,847190.3300000001,282396.7766666667,976.8166666666666,2930.45,293.5120375119832,2,1,48,0,Lower-Value / Lower-Activity Buyers
C1634,Individual,Sara,King,1944-01-11,F,USA,Georgia,Investment,2,No,Website,C1634,4,1044217.01,261054.2525,872.2,3488.8,304.9102859128011,4,0,81,0,Lower-Value / Lower-Activity Buyers
C1635,Individual,Lawrence,Moore,1948-04-27,M,France,Brittany,Home,1,No,Website,C1635,4,1104480.44,276120.11,919.7425,3678.97,295.3117964886556,4,0,77,0,Lower-Value / Lower-Activity Buyers
C1636,Company,Zynex,Co,1987-01-10,F,USA,Arizona,Home,5,Yes,Website,C1636,3,1171439.72,390479.9066666667,1308.513333333333,3925.54,303.63142787938614,2,1,38,1,Higher-Value Property Buyers
C1637,Individual,Jacob,Cook,1969-02-11,M,Mexico,Nuevo Leon,Home,5,No,Agency,C1637,3,1333020.46,444340.1533333333,1525.18,4575.54,286.7193277193805,3,0,56,1,Higher-Value Property Buyers
C1638,Individual,Cynthia,Peterson,1978-12-14,F,France,Occitanie,Investment,1,Yes,Agency,C1638,3,1047895.71,349298.57,1175.6833333333334,3527.05,301.0714138870657,1,2,47,0,Lower-Value / Lower-Activity Buyers
C1639,Individual,Ronald,Smith,1943-09-26,M,USA,Colorado,Home,1,No,Website,C1639,4,1088561.44,272140.36,975.4225,3901.69,281.2842270450914,4,0,82,0,Lower-Value / Lower-Activity Buyers
C1640,Individual,Helen,Adams,1966-11-04,F,USA,California,Home,1,Yes,Website,C1640,4,1172146.65,293036.6625,1047.99,4191.96,282.7997611329393,4,0,59,0,Lower-Value / Lower-Activity Buyers
C1641,Individual,Charles,Phillips,1972-02-14,M,USA,Utah,Home,1,No,Agency,C1641,4,1898878.08,474719.52,1504.0975,6016.389999999999,313.3291322575891,2,2,53,1,Higher-Value Property Buyers
C1642,Individual,Maria,Adams,1981-07-20,F,Canada,British Columbia,Home,5,No,Website,C1642,4,1441785.62,360446.405,1167.16,4668.639999999999,297.334731836774,2,2,44,1,Higher-Value Property Buyers
C1643,Individual,Carl,Rogers,1978-01-09,M,France,Ile-de-France,Home,4,No,Agency,C1643,3,1182889.92,394296.64,1468.6933333333334,4406.08,265.16695724291304,3,0,47,1,Higher-Value Property Buyers
C1644,Individual,Megan,Freeman,1944-06-22,F,USA,California,Home,1,No,Client,C1644,4,1312822.17,328205.5425,1024.3375,4097.35,317.46041081837075,4,0,81,0,Lower-Value / Lower-Activity Buyers
C1645,Individual,Shirley,Chavez,1995-02-08,F,Australia,New South Wales,Investment,1,No,Website,C1645,4,1503973.21,375993.3025,1238.115,4952.46,303.70310749731755,3,1,30,1,Higher-Value Property Buyers
C1646,Individual,Billy,Patterson,1998-06-10,M,USA,Washington,Investment,4,Yes,Agency,C1646,3,972186.46,324062.1533333333,1052.4533333333334,3157.36,307.88169303743933,3,0,27,0,Lower-Value / Lower-Activity Buyers
C1647,Individual,Paul,Stone,1945-11-25,M,USA,Ohio,Home,4,Yes,Agency,C1647,3,1316368.95,438789.65,1471.9,4415.7,299.05409997104294,3,0,80,1,Higher-Value Property Buyers
C1648,Individual,Julia,Wood,1949-09-21,F,Australia,New South Wales,Home,3,No,Website,C1648,3,1282946.7,427648.9,1476.9433333333334,4430.83,288.7778845100586,2,1,76,1,Higher-Value Property Buyers
C1649,Individual,Melissa,Price,1982-03-02,F,USA,Oregon,Home,4,Yes,Agency,C1649,4,1540887.81,385221.9525,1254.045,5016.18,311.1054526164346,3,1,43,1,Higher-Value Property Buyers
C1650,Individual,Edward,Griffin,1969-04-01,M,USA,Washington,Investment,2,No,Website,C1650,3,1065238.5,355079.5,1057.95,3173.8500000000004,324.96413199998216,2,1,56,0,Lower-Value / Lower-Activity Buyers
C1651,Individual,Ryan,Bell,1945-11-19,M,USA,California,Investment,4,No,Website,C1651,3,962066.42,320688.80666666664,880.66,2641.98,360.4368684454,3,0,80,0,Lower-Value / Lower-Activity Buyers
C1652,Individual,Paul,Weaver,1964-01-15,M,USA,Nevada,Investment,4,Yes,Client,C1652,3,1078933.8,359644.60000000003,1168.3833333333334,3505.15,304.82777574872546,2,1,61,0,Lower-Value / Lower-Activity Buyers
C1653,Individual,Sara,White,1974-08-02,F,USA,Colorado,Investment,4,Yes,Website,C1653,4,957106.48,239276.62,860.9325,3443.73,281.1811658250624,4,0,51,0,Lower-Value / Lower-Activity Buyers
C1654,Individual,Judith,Brooks,1968-04-05,F,USA,California,Home,1,No,Website,C1654,4,1250065.38,312516.34500000003,951.6375,3806.55,323.5165817147669,3,1,57,0,Lower-Value / Lower-Activity Buyers
C1655,Individual,Sara,Cox,1965-05-16,F,USA,Texas,Investment,2,No,Website,C1655,3,974749.8,324916.60000000003,1088.5866666666668,3265.76,300.4113056393208,2,1,60,0,Lower-Value / Lower-Activity Buyers
C1656,Individual,Jacob,Baker,1991-05-05,M,Belgium,Wallonia,Investment,4,Yes,Website,C1656,4,1401657.84,350414.46,1182.3725,4729.49,289.62293653298065,3,1,34,1,Higher-Value Property Buyers
C1657,Individual,Donald,Kim,1958-05-19,M,USA,California,Home,2,No,Website,C1657,4,1316624.69,329156.1725,1023.9675,4095.87,321.1115919129062,3,1,67,0,Lower-Value / Lower-Activity Buyers
C1658,Individual,Ronald,Patterson,1970-08-07,M,USA,California,Home,5,No,Agency,C1658,4,1243178.6,310794.65,984.12,3936.48,320.1370625802807,4,0,55,0,Lower-Value / Lower-Activity Buyers
C1659,Individual,Joshua,Thompson,1946-09-05,M,Denmark,Zealand,Home,4,No,Website,C1659,4,1576416.87,394104.2175,1307.3,5229.2,301.7876767541033,4,0,79,1,Higher-Value Property Buyers
C1660,Individual,Henry,Richardson,1940-04-27,M,USA,Nevada,Home,4,Yes,Website,C1660,4,1330046.48,332511.62,1068.57,4274.28,310.73477975168214,4,0,85,0,Lower-Value / Lower-Activity Buyers
C1661,Individual,Ronald,Cox,1975-08-20,M,USA,Washington,Home,4,No,Agency,C1661,3,1511063.27,503687.75666666665,1599.3433333333332,4798.03,314.9340105075308,2,1,50,1,Higher-Value Property Buyers
C1662,Individual,Gary,Montgomery,1967-05-16,M,Russia,Tatarstan,Home,4,No,Website,C1662,4,1505862.74,376465.685,1320.35,5281.4,285.37035996288023,3,1,58,1,Higher-Value Property Buyers
C1663,Individual,Joshua,Garcia,1977-05-13,M,USA,Colorado,Investment,3,No,Agency,C1663,3,926064.21,308688.07,1042.71,3128.13,292.3087106115556,2,1,48,0,Lower-Value / Lower-Activity Buyers
C1664,Individual,Judith,Hayes,1969-07-25,F,France,Occitanie,Investment,5,No,Agency,C1664,3,1390001.73,463333.91,1445.2933333333333,4335.88,332.6023263940588,2,1,56,1,Higher-Value Property Buyers
C1665,Individual,Harold,Bell,1995-12-16,M,USA,Arizona,Home,5,No,Website,C1665,4,966971.19,241742.7975,827.2,3308.8,294.3926755337411,4,0,30,0,Lower-Value / Lower-Activity Buyers
C1666,Individual,Brenda,Edwards,1962-09-08,F,USA,Ohio,Home,2,No,Website,C1666,3,706503.5900000001,235501.19666666668,736.0433333333334,2208.13,319.24500925247025,3,0,63,0,Lower-Value / Lower-Activity Buyers
C1667,Individual,Stephanie,Cook,1967-11-14,F,USA,California,Investment,4,No,Agency,C1667,3,831811.52,277270.50666666665,862.11,2586.33,321.57952434932054,3,0,58,0,Lower-Value / Lower-Activity Buyers
C1668,Individual,Scott,Green,1957-11-12,M,Australia,Victoria,Home,5,No,Website,C1668,4,1046863.21,261715.8025,872.2,3488.8,307.7397747029087,4,0,68,0,Lower-Value / Lower-Activity Buyers
C1669,Individual,Steven,Collins,1960-04-07,M,Canada,Alberta,Investment,3,Yes,Agency,C1669,4,948271.34,237067.835,837.5225,3350.09,284.230321631763,2,2,65,0,Lower-Value / Lower-Activity Buyers
C1670,Individual,Angela,Watson,1970-12-09,F,USA,Colorado,Home,3,Yes,Website,C1670,4,1356021.03,339005.2575,1076.59,4306.36,312.6568888586028,3,1,55,0,Lower-Value / Lower-Activity Buyers
C1671,Individual,Ashley,Howard,1948-09-13,F,USA,California,Home,3,No,Agency,C1671,4,1329236.75,332309.1875,1120.62,4482.48,288.7153700965629,3,1,77,0,Lower-Value / Lower-Activity Buyers
C1672,Individual,Jacqueline,Morales,1974-04-09,F,USA,Nevada,Investment,4,No,Website,C1672,3,728363.1699999999,242787.7233333333,889.9166666666666,2669.75,276.4154515498197,3,0,51,0,Lower-Value / Lower-Activity Buyers
C1673,Individual,Katherine,Martin,1992-03-04,F,USA,Washington,Home,1,Yes,Website,C1673,4,1803634.76,450908.69,1422.9925,5691.97,310.9460331246886,3,1,33,1,Higher-Value Property Buyers
C1674,Individual,Emily,Jackson,1941-12-22,F,USA,California,Home,5,Yes,Website,C1674,4,1614623.53,403655.8825,1268.7075,5074.83,319.73468147134105,3,1,84,1,Higher-Value Property Buyers
C1675,Individual,Emma,Reyes,1985-04-08,F,Canada,Alberta,Investment,5,No,Website,C1675,3,918037.68,306012.56,1012.96,3038.88,298.41753618416203,3,0,40,0,Lower-Value / Lower-Activity Buyers
C1676,Individual,Amy,Allen,1999-09-19,F,USA,Washington,Home,2,No,Website,C1676,4,1251637.0,312909.25,1019.1225,4076.49,308.950924981104,4,0,26,0,Lower-Value / Lower-Activity Buyers
C1677,Individual,Kevin,Thomas,1964-12-20,M,USA,Texas,Home,1,Yes,Website,C1677,3,942915.18,314305.06,975.9433333333332,2927.83,324.63653231730336,3,0,61,0,Lower-Value / Lower-Activity Buyers
C1678,Individual,Gary,Sanders,1961-03-06,M,USA,California,Home,1,Yes,Agency,C1678,3,1377654.29,459218.0966666667,1650.4733333333334,4951.42,277.8971589619036,2,1,64,1,Higher-Value Property Buyers
C1679,Individual,Christina,Nelson,1986-02-28,F,USA,Nevada,Investment,4,No,Website,C1679,3,1194618.9,398206.3,1268.0466666666669,3804.14,302.3682114511598,2,1,39,1,Higher-Value Property Buyers
C1680,Individual,Danielle,Howard,1999-09-25,F,USA,California,Investment,4,No,Agency,C1680,3,665078.77,221692.9233333333,692.13,2076.39,322.26527070857014,3,0,26,0,Lower-Value / Lower-Activity Buyers
C1681,Individual,Carl,Alexander,1961-07-27,M,USA,Oregon,Home,3,Yes,Client,C1681,4,1408304.94,352076.235,1156.7625,4627.05,302.14952941529555,3,1,64,1,Higher-Value Property Buyers
C1682,Individual,Amanda,Brooks,1987-04-11,F,USA,Nevada,Home,2,No,Website,C1682,4,1469905.41,367476.3525,1257.0925,5028.37,301.3156548240538,4,0,38,1,Higher-Value Property Buyers
C1683,Individual,Amber,Patterson,1999-11-19,F,USA,Oregon,Investment,1,No,Client,C1683,4,1410114.6,352528.65,1144.74,4578.96,303.8628075737084,2,2,26,1,Higher-Value Property Buyers
C1684,Individual,Grace,Cooper,1977-07-01,F,USA,Colorado,Investment,4,No,Website,C1684,4,1109440.17,277360.0425,883.4825000000001,3533.9300000000003,311.62255236789474,4,0,48,0,Lower-Value / Lower-Activity Buyers
C1685,Individual,Kathleen,Parker,1977-05-16,F,USA,California,Home,5,No,Agency,C1685,3,1109623.75,369874.5833333333,1274.52,3823.56,290.4557343966067,3,0,48,1,Higher-Value Property Buyers
C1686,Individual,David,Howard,1977-01-25,M,USA,California,Investment,2,Yes,Agency,C1686,4,1214377.82,303594.455,1073.905,4295.62,278.523494239301,3,1,48,0,Lower-Value / Lower-Activity Buyers
C1687,Individual,Eric,Anderson,1967-05-15,M,USA,California,Home,4,Yes,Website,C1687,4,1026117.62,256529.405,935.37,3741.48,286.70853217155127,3,1,58,0,Lower-Value / Lower-Activity Buyers
C1688,Individual,Amanda,Flores,1996-04-28,F,USA,Oregon,Home,5,No,Client,C1688,3,1314384.27,438128.09,1281.9566666666667,3845.87,343.9541576576939,3,0,29,1,Higher-Value Property Buyers
C1689,Individual,Virginia,King,1985-01-26,F,USA,Oregon,Investment,1,Yes,Client,C1689,3,896100.8,298700.26666666666,973.09,2919.27,310.7623308696199,2,1,40,0,Lower-Value / Lower-Activity Buyers
C1690,Individual,Terry,Martin,1951-08-18,M,Denmark,North Denmark,Home,2,Yes,Agency,C1690,3,1662639.06,554213.02,1754.9366666666667,5264.81,316.11518008644987,3,0,74,1,Higher-Value Property Buyers
C1691,Individual,Robert,Reed,1946-03-25,M,USA,Arizona,Home,5,No,Website,C1691,4,1212731.6,303182.9,984.9525,3939.81,304.6012430367134,4,0,79,0,Lower-Value / Lower-Activity Buyers
C1692,Individual,Joseph,Patterson,1991-03-08,M,Canada,Ontario,Home,5,Yes,Agency,C1692,4,1165619.91,291404.97750000004,984.9525,3939.81,292.5648538941497,4,0,34,0,Lower-Value / Lower-Activity Buyers
C1693,Individual,Donald,Turner,1990-11-20,M,Belgium,Flanders,Home,1,No,Website,C1693,4,1557035.08,389258.77,1342.1525,5368.610000000001,290.03931532577434,2,2,35,1,Higher-Value Property Buyers
C1694,Individual,Gloria,Foster,1957-07-18,F,USA,Virginia,Home,5,No,Agency,C1694,4,1457395.73,364348.9325,1202.695,4810.78,302.1616200824728,4,0,68,1,Higher-Value Property Buyers
C1695,Individual,Tiffany,Peterson,1955-12-13,F,Belgium,Flanders,Home,5,No,Website,C1695,3,975866.19,325288.73,1111.2966666666666,3333.89,294.023074241983,3,0,70,0,Lower-Value / Lower-Activity Buyers
C1696,Individual,Emily,Jones,1987-02-20,F,USA,Florida,Home,1,No,Website,C1696,4,1316025.35,329006.3375,1092.085,4368.34,305.0634382600898,4,0,38,0,Lower-Value / Lower-Activity Buyers
C1697,Individual,Maria,Brown,1980-08-07,F,Belgium,Brussels,Home,2,No,Client,C1697,4,802813.26,200703.315,700.7825,2803.13,287.30900099510274,4,0,45,0,Lower-Value / Lower-Activity Buyers
C1698,Individual,Zachary,Stone,1950-12-05,M,UK,Northern Ireland,Home,4,Yes,Website,C1698,3,764529.97,254843.32333333333,901.6266666666668,2704.88,302.7039435252766,3,0,75,0,Lower-Value / Lower-Activity Buyers
C1699,Individual,Peter,Phillips,1969-07-15,M,Australia,Western Australia,Home,3,Yes,Agency,C1699,4,1161971.24,290492.81,946.6525,3786.61,313.0342206759192,3,1,56,0,Lower-Value / Lower-Activity Buyers
C1700,Individual,Nicholas,Young,1943-11-04,M,USA,Nevada,Home,3,No,Website,C1700,4,1293648.37,323412.0925,1050.5725,4202.29,303.08159632381387,2,2,82,0,Lower-Value / Lower-Activity Buyers
C1701,Individual,Karen,Montgomery,1982-06-27,F,USA,Arizona,Home,1,No,Website,C1701,3,916043.72,305347.9066666667,979.0866666666668,2937.26,311.0266003046787,2,1,43,0,Lower-Value / Lower-Activity Buyers
C1702,Individual,Frank,Alexander,1990-01-04,M,USA,Washington,Investment,5,Yes,Website,C1702,3,1259181.49,419727.1633333333,1477.03,4431.09,285.1389583831844,1,2,35,1,Higher-Value Property Buyers
C1703,Individual,Gerald,Cox,1999-08-13,M,USA,Texas,Investment,4,No,Agency,C1703,3,868665.77,289555.25666666665,980.87,2942.61,295.0443316591397,3,0,26,0,Lower-Value / Lower-Activity Buyers
C1704,Individual,Susan,Flores,1963-02-15,F,Denmark,Capital Region,Home,4,No,Agency,C1704,3,1131490.64,377163.5466666667,1251.25,3753.75,306.1192528290906,2,1,62,1,Higher-Value Property Buyers
C1705,Individual,Kenneth,Howard,1979-11-23,M,USA,Virginia,Investment,3,Yes,Website,C1705,3,1031987.68,343995.8933333333,1049.3066666666666,3147.92,330.6228903297424,3,0,46,0,Lower-Value / Lower-Activity Buyers
C1706,Individual,Matthew,Jordan,1976-05-13,M,USA,California,Home,3,Yes,Website,C1706,4,1417221.48,354305.37,1128.9675,4515.87,312.54350431448387,4,0,49,1,Higher-Value Property Buyers
C1707,Individual,Adam,Allen,1973-09-19,M,USA,Georgia,Home,1,Yes,Website,C1707,3,770609.62,256869.8733333333,899.7566666666667,2699.27,285.6765073879488,3,0,52,0,Lower-Value / Lower-Activity Buyers
C1708,Individual,Andrea,Wilson,1986-08-06,F,Germany,Hesse,Home,1,Yes,Agency,C1708,3,854426.52,284808.84,897.3100000000001,2691.9300000000003,317.17739036916583,3,0,39,0,Lower-Value / Lower-Activity Buyers
C1709,Individual,Danielle,Cox,1946-08-09,F,USA,Arizona,Investment,3,No,Agency,C1709,3,1336416.16,445472.0533333334,1513.17,4539.51,296.7134929184651,3,0,79,1,Higher-Value Property Buyers
C1710,Individual,Joe,Flores,1957-05-26,M,Canada,Alberta,Investment,2,Yes,Website,C1710,3,1027918.12,342639.3733333333,1156.0800000000002,3468.24,299.5343200974216,2,1,68,0,Lower-Value / Lower-Activity Buyers
C1711,Individual,Debra,Hayes,1981-08-24,F,USA,California,Investment,3,Yes,Website,C1711,4,1015613.11,253903.2775,836.9425,3347.77,301.6297150025923,3,1,44,0,Lower-Value / Lower-Activity Buyers
C1712,Individual,Ryan,Turner,1971-03-04,M,France,Occitanie,Home,5,No,Website,C1712,4,1280242.15,320060.5375,1102.08,4408.32,284.99082648560284,3,1,54,0,Lower-Value / Lower-Activity Buyers
C1713,Individual,Julia,Cook,1981-02-08,F,USA,Oregon,Home,1,No,Website,C1713,4,1401670.4500000002,350417.61250000005,1186.5225,4746.09,299.5828557316812,4,0,44,1,Higher-Value Property Buyers
C1714,Individual,Nathan,Brooks,1948-07-05,M,USA,Colorado,Home,3,No,Website,C1714,4,1054289.58,263572.395,823.6625,3294.65,317.55619033461386,3,1,77,0,Lower-Value / Lower-Activity Buyers
C1715,Individual,Hannah,Watson,1963-04-13,F,USA,Florida,Home,3,Yes,Agency,C1715,4,987214.18,246803.545,900.39,3601.56,278.10999869222815,3,1,62,0,Lower-Value / Lower-Activity Buyers
C1716,Individual,Michelle,Montgomery,1980-10-13,F,USA,California,Home,1,No,Website,C1716,3,1027286.48,342428.82666666666,1129.1766666666665,3387.53,305.4102943450733,3,0,45,0,Lower-Value / Lower-Activity Buyers
C1717,Individual,Martha,Thomas,1941-12-21,F,USA,California,Home,4,Yes,Website,C1717,3,915606.07,305202.0233333334,980.87,2942.61,314.2243881035072,3,0,84,0,Lower-Value / Lower-Activity Buyers
C1718,Individual,Janet,Peterson,1995-01-06,F,USA,California,Home,1,No,Website,C1718,4,1362121.47,340530.3675,1150.74,4602.96,292.8885679581756,4,0,30,1,Higher-Value Property Buyers
C1719,Company,Halcyon,Co,1960-05-10,M,USA,Florida,Home,2,No,Agency,C1719,3,1178759.88,392919.96,1263.8633333333337,3791.59,306.424004419429,2,1,65,1,Higher-Value Property Buyers
C1720,Individual,Danielle,Kim,1996-10-10,F,USA,California,Home,5,Yes,Website,C1720,4,1396671.77,349167.9425,1122.0925,4488.37,297.0329485289227,4,0,29,1,Higher-Value Property Buyers
C1721,Individual,Carl,Weaver,1986-12-10,M,USA,Nevada,Home,2,No,Agency,C1721,4,1282729.71,320682.4275,1034.0675,4136.27,312.34045324566085,4,0,39,0,Lower-Value / Lower-Activity Buyers
C1722,Individual,Jacqueline,Morris,1982-11-23,F,USA,Nevada,Home,3,No,Website,C1722,4,1676365.72,419091.43,1307.3,5229.2,316.41776276322054,4,0,43,1,Higher-Value Property Buyers
C1723,Individual,Carol,Allen,1998-02-02,F,Canada,Quebec,Home,2,Yes,Agency,C1723,4,1084602.42,271150.605,900.39,3601.56,302.1917680151976,4,0,27,0,Lower-Value / Lower-Activity Buyers
C1724,Individual,Justin,Cook,1956-06-19,M,USA,Virginia,Home,4,No,Website,C1724,4,1646338.36,411584.59,1358.9675,5435.87,303.2320621348912,4,0,69,1,Higher-Value Property Buyers
C1725,Individual,Sharon,Patterson,1959-01-12,F,USA,Nevada,Home,3,Yes,Website,C1725,4,1352500.23,338125.0575,1167.3975,4669.59,287.4406613645518,4,0,66,1,Higher-Value Property Buyers
C1726,Individual,Diane,Scott,1948-08-15,F,UK,Northern Ireland,Home,3,No,Website,C1726,3,1141107.24,380369.08,1193.7733333333333,3581.32,313.2034401726428,2,1,77,0,Lower-Value / Lower-Activity Buyers
C1727,Individual,Katherine,Morales,1945-12-06,F,USA,New York,Home,3,No,Website,C1727,4,1563834.42,390958.605,1210.7375,4842.95,320.6079556484317,4,0,80,1,Higher-Value Property Buyers
C1728,Individual,Kimberly,Garcia,1944-03-08,F,USA,Oregon,Home,3,Yes,Client,C1728,4,1436312.58,359078.145,1225.265,4901.06,295.6569757995166,4,0,81,1,Higher-Value Property Buyers
C1729,Individual,Robert,Richardson,1955-06-26,M,Canada,British Columbia,Home,3,Yes,Website,C1729,3,956356.54,318785.51333333337,1090.7733333333333,3272.32,294.2767649787167,3,0,70,0,Lower-Value / Lower-Activity Buyers
C1730,Individual,Jeffrey,Young,1979-11-22,M,Mexico,Puebla,Investment,5,Yes,Agency,C1730,3,796432.48,265477.49333333335,922.69,2768.07,304.429764768141,2,1,46,0,Lower-Value / Lower-Activity Buyers
C1731,Individual,Nathan,Garcia,1971-12-19,M,USA,California,Home,4,Yes,Website,C1731,4,1172220.11,293055.0275,966.56,3866.24,302.3180812885299,3,1,54,0,Lower-Value / Lower-Activity Buyers
C1732,Individual,Megan,Wilson,1970-07-15,F,Canada,Alberta,Investment,2,No,Agency,C1732,3,1551003.84,517001.28,1654.4733333333334,4963.42,310.37843214645176,3,0,55,1,Higher-Value Property Buyers
C1733,Individual,Helen,Jones,1948-04-22,F,USA,California,Home,3,Yes,Agency,C1733,4,1179975.09,294993.7725,1009.9325,4039.73,294.50705713935673,3,1,77,0,Lower-Value / Lower-Activity Buyers
C1734,Individual,Zachary,Roberts,1975-01-14,M,USA,California,Home,5,No,Website,C1734,3,1078504.94,359501.64666666667,1254.503333333333,3763.51,287.62689520148655,3,0,50,0,Lower-Value / Lower-Activity Buyers
C1735,Individual,Amber,Miller,1969-10-07,F,USA,Utah,Investment,3,No,Website,C1735,3,1139995.98,379998.66,1258.4,3775.2,302.8156642584218,3,0,56,1,Higher-Value Property Buyers
C1736,Individual,Ann,Cook,1989-09-21,F,USA,California,Investment,4,Yes,Website,C1736,4,1482243.88,370560.97,1122.0925,4488.37,328.14439261830523,4,0,36,1,Higher-Value Property Buyers
C1737,Individual,Jennifer,Jackson,1992-12-24,F,USA,California,Investment,3,No,Website,C1737,3,1060946.57,353648.8566666667,1090.7733333333333,3272.32,314.2633334681182,3,0,33,0,Lower-Value / Lower-Activity Buyers
C1738,Individual,Sharon,Hall,1977-02-25,F,USA,California,Home,5,No,Website,C1738,3,861195.69,287065.23,1016.7633333333332,3050.29,282.88587837123106,3,0,48,0,Lower-Value / Lower-Activity Buyers
C1739,Individual,Steven,Smith,1985-02-25,M,Russia,Novosibirsk,Investment,3,Yes,Website,C1739,4,998344.48,249586.12,872.2,3488.8,288.33520145178574,4,0,40,0,Lower-Value / Lower-Activity Buyers
C1740,Individual,Ashley,Alexander,1951-09-15,F,USA,California,Home,5,Yes,Website,C1740,4,1439013.34,359753.335,1164.015,4656.06,307.0593540082527,4,0,74,1,Higher-Value Property Buyers
C1741,Individual,Alexander,Wright,1976-04-18,M,USA,Virginia,Home,5,No,Website,C1741,4,1310713.04,327678.26,1140.38,4561.52,286.45206726248955,3,1,49,1,Higher-Value Property Buyers
C1742,Company,Crestwood,Co,1988-08-14,F,USA,California,Home,5,No,Agency,C1742,3,1177856.21,392618.7366666666,1431.79,4295.37,274.7544256022332,2,1,37,1,Higher-Value Property Buyers
C1743,Individual,Linda,Bell,1946-07-26,F,Belgium,Flanders,Home,1,No,Client,C1743,3,839069.28,279689.76,881.7833333333333,2645.35,319.0075732434343,3,0,79,0,Lower-Value / Lower-Activity Buyers
C1744,Individual,Brian,Green,1961-11-16,M,Russia,Krasnodar Krai,Investment,1,No,Website,C1744,4,1320002.42,330000.605,1092.085,4368.34,301.5117315139141,4,0,64,0,Lower-Value / Lower-Activity Buyers
C1745,Individual,Ann,Sanders,1976-06-21,F,USA,California,Home,1,No,Website,C1745,3,1261495.5,420498.5,1487.66,4462.98,280.7719039409577,3,0,49,1,Higher-Value Property Buyers
C1746,Individual,Jennifer,Cox,1959-06-14,F,Belgium,Flanders,Home,3,No,Website,C1746,3,793835.85,264611.95,874.19,2622.57,302.9506099231338,3,0,66,0,Lower-Value / Lower-Activity Buyers
C1747,Individual,Bryan,Flores,1965-02-19,M,USA,Colorado,Home,5,No,Client,C1747,3,1016661.44,338887.14666666667,1059.15,3177.45,317.6114204798318,2,1,60,0,Lower-Value / Lower-Activity Buyers
C1748,Individual,Albert,Jones,1950-11-11,M,USA,California,Home,4,Yes,Website,C1748,3,1112272.46,370757.4866666666,1274.52,3823.56,280.4257829967007,2,1,75,0,Lower-Value / Lower-Activity Buyers
C1749,Individual,Brandon,Moore,1956-05-27,M,USA,California,Home,3,No,Website,C1749,3,832665.62,277555.20666666667,862.1066666666666,2586.32,318.0841354769656,3,0,69,0,Lower-Value / Lower-Activity Buyers
C1750,Company,Stratos,Co,1991-01-12,M,USA,Colorado,Home,3,No,Website,C1750,4,1497163.73,374290.9325,1150.2,4600.8,319.1962965144884,4,0,34,1,Higher-Value Property Buyers
C1751,Individual,Christine,Scott,1955-02-28,F,USA,Ohio,Home,5,No,Website,C1751,4,873120.47,218280.1175,700.7825,2803.13,313.9507915163995,3,1,70,0,Lower-Value / Lower-Activity Buyers
C1752,Individual,Jonathan,Cook,1980-02-06,M,USA,California,Investment,1,Yes,Website,C1752,3,1119600.47,373200.1566666667,1152.5966666666666,3457.79,325.0645982282876,3,0,45,0,Lower-Value / Lower-Activity Buyers
C1753,Individual,Arthur,Peterson,1945-12-18,M,USA,Georgia,Investment,3,Yes,Website,C1753,3,770077.48,256692.4933333333,964.2666666666668,2892.8,271.92747710239416,3,0,80,0,Lower-Value / Lower-Activity Buyers
C1754,Individual,Frank,Gray,1995-11-11,M,USA,Virginia,Home,2,Yes,Website,C1754,3,1361555.24,453851.7466666666,1471.9,4415.7,308.51221790292374,3,0,30,1,Higher-Value Property Buyers
C1755,Individual,Mark,Griffin,1998-08-26,M,USA,Nevada,Home,1,Yes,Website,C1755,3,672116.9199999999,224038.9733333333,776.2433333333333,2328.73,291.2794061361219,3,0,27,0,Lower-Value / Lower-Activity Buyers
C1756,Individual,Daniel,Cook,1990-03-21,M,USA,Utah,Home,1,No,Website,C1756,4,1481404.39,370351.0975,1146.015,4584.06,316.9999275497431,3,1,35,1,Higher-Value Property Buyers
C1757,Individual,Brian,Hayes,1985-07-01,M,Germany,Bavaria,Home,3,No,Client,C1757,3,1125366.62,375122.2066666667,1182.08,3546.24,312.9002365862627,3,0,40,0,Lower-Value / Lower-Activity Buyers
C1758,Individual,Carl,Pierce,1985-01-14,M,USA,Oregon,Investment,4,Yes,Agency,C1758,4,1006481.18,251620.295,801.065,3204.26,322.22479406959104,3,1,40,0,Lower-Value / Lower-Activity Buyers
C1759,Individual,Jose,Stone,1974-10-10,M,USA,California,Investment,1,No,Website,C1759,4,1031917.22,257979.305,831.47,3325.88,305.59196385787004,4,0,51,0,Lower-Value / Lower-Activity Buyers
C1760,Individual,Mary,Harris,1975-10-07,F,Belgium,Brussels,Home,2,No,Website,C1760,4,1454358.32,363589.58,1265.3825,5061.53,283.6825652988262,2,2,50,1,Higher-Value Property Buyers
C1761,Individual,Nicholas,Thompson,1955-01-08,M,USA,Washington,Home,1,No,Website,C1761,4,1181772.43,295443.1075,972.335,3889.34,302.57946679209863,4,0,70,0,Lower-Value / Lower-Activity Buyers
C1762,Individual,Larry,Harris,1964-01-21,M,USA,Virginia,Home,1,No,Website,C1762,3,1023352.22,341117.4066666667,1090.9466666666667,3272.84,317.2323805797633,3,0,61,0,Lower-Value / Lower-Activity Buyers
C1763,Individual,Kimberly,Young,1954-11-26,F,USA,New York,Home,3,No,Website,C1763,4,1789381.67,447345.4175,1374.585,5498.34,323.51236718050524,2,2,71,1,Higher-Value Property Buyers
C1764,Individual,Kelly,Baker,1946-11-05,F,USA,Nevada,Home,2,No,Agency,C1764,4,1668335.18,417083.795,1338.9,5355.599999999999,304.35156626894207,2,2,79,1,Higher-Value Property Buyers
C1765,Individual,Pamela,Reyes,1997-05-01,F,USA,Colorado,Home,1,Yes,Client,C1765,4,1734167.51,433541.8775,1577.2325,6308.93,272.3827064407109,4,0,28,1,Higher-Value Property Buyers
C1766,Individual,Sharon,Bennett,1993-05-05,F,USA,California,Home,4,No,Website,C1766,4,1371247.08,342811.77,1071.3925,4285.57,314.1224940840367,4,0,32,1,Higher-Value Property Buyers
C1767,Individual,Joe,Sanders,1978-05-21,M,USA,Colorado,Home,3,No,Website,C1767,4,1455838.91,363959.7275,1123.3175,4493.27,306.3034005727021,2,2,47,1,Higher-Value Property Buyers
C1768,Individual,Cynthia,Hughes,1943-03-01,F,Russia,Saint Petersburg,Home,4,No,Website,C1768,4,985105.21,246276.3025,834.6575,3338.63,293.20516626979685,4,0,82,0,Lower-Value / Lower-Activity Buyers
C1769,Company,Forsyte,Co,1985-10-22,M,USA,Oregon,Home,1,Yes,Client,C1769,3,985909.0,328636.3333333333,1101.55,3304.65,302.27654056799446,2,1,40,0,Lower-Value / Lower-Activity Buyers
C1770,Individual,Betty,Parker,1945-11-17,F,USA,Washington,Home,1,Yes,Agency,C1770,3,1334771.42,444923.8066666666,1469.18,4407.54,298.87729104255703,3,0,80,1,Higher-Value Property Buyers
C1771,Company,Atlas,Co,1975-06-22,M,USA,Georgia,Home,3,Yes,Client,C1771,3,1280895.97,426965.3233333333,1435.6633333333332,4306.99,295.46912109968395,3,0,50,1,Higher-Value Property Buyers
C1772,Company,Forsyte,Co,1975-01-13,F,Canada,Alberta,Investment,5,Yes,Agency,C1772,4,1105281.92,276320.48,1015.8675,4063.47,278.3857397379068,3,1,50,0,Lower-Value / Lower-Activity Buyers
C1773,Individual,Kenneth,Williams,1980-12-25,M,USA,Nevada,Investment,3,Yes,Agency,C1773,4,1284141.19,321035.2975,984.6475,3938.59,325.8423022286609,3,1,45,0,Lower-Value / Lower-Activity Buyers
C1774,Individual,Frank,James,1984-12-26,M,USA,Oregon,Home,4,No,Agency,C1774,4,1169335.49,292333.8725,1008.6625,4034.65,291.8123075460439,4,0,41,0,Lower-Value / Lower-Activity Buyers
C1775,Individual,Betty,Howard,1970-10-07,F,USA,California,Home,3,No,Agency,C1775,4,1414776.99,353694.2475,1102.9725,4411.889999999999,325.9516616098468,4,0,55,1,Higher-Value Property Buyers
C1776,Individual,Martha,Mitchell,1973-09-01,F,France,Occitanie,Home,1,No,Website,C1776,3,1071718.4,357239.4666666666,1196.1733333333334,3588.52,298.9628579482607,3,0,52,0,Lower-Value / Lower-Activity Buyers
C1777,Individual,Jason,Long,1974-09-24,M,USA,California,Investment,5,No,Client,C1777,3,784629.95,261543.31666666665,900.46,2701.38,290.7881392369621,3,0,51,0,Lower-Value / Lower-Activity Buyers
C1778,Individual,Jeffrey,Cox,1994-01-09,M,USA,Georgia,Investment,4,Yes,Website,C1778,3,1216664.8199999998,405554.94,1339.73,4019.19,297.1536000293384,3,0,31,1,Higher-Value Property Buyers
C1779,Individual,Sharon,Thomas,1979-04-20,F,USA,California,Home,5,No,Client,C1779,4,1563236.5499999998,390809.1375,1287.1,5148.4,302.2992150315001,4,0,46,1,Higher-Value Property Buyers
C1780,Individual,Richard,Patterson,1956-05-18,M,USA,Utah,Investment,1,No,Website,C1780,4,1735557.15,433889.2875,1341.715,5366.86,324.7138363032643,2,2,69,1,Higher-Value Property Buyers
C1781,Individual,Betty,Thomas,1968-10-08,F,USA,California,Home,4,No,Website,C1781,4,1383316.42,345829.105,1164.015,4656.06,300.51273846670455,4,0,57,1,Higher-Value Property Buyers
C1782,Individual,Ann,King,1999-12-04,F,UK,England,Investment,1,No,Website,C1782,4,897646.55,224411.6375,783.64,3134.56,284.9976118493869,4,0,26,0,Lower-Value / Lower-Activity Buyers
C1783,Individual,Jacob,Garcia,1954-03-07,M,USA,California,Home,3,No,Website,C1783,4,1136482.92,284120.73,883.805,3535.22,330.2320419811449,3,1,71,0,Lower-Value / Lower-Activity Buyers
C1784,Individual,Albert,Moore,1998-02-24,M,Australia,Western Australia,Home,3,No,Client,C1784,4,1352274.53,338068.6325,1106.8725,4427.49,306.34558660520224,4,0,27,1,Higher-Value Property Buyers
C1785,Individual,Lauren,Allen,1956-02-27,F,USA,Colorado,Home,1,Yes,Website,C1785,3,1006568.23,335522.74333333335,1156.5633333333333,3469.69,291.7071689510819,2,1,69,0,Lower-Value / Lower-Activity Buyers
C1786,Individual,Adam,White,1995-03-07,M,USA,California,Home,1,No,Website,C1786,4,1247095.22,311773.805,1102.2725,4409.09,277.7613651797197,3,1,30,0,Lower-Value / Lower-Activity Buyers
C1787,Individual,Stephen,Flores,1955-09-22,M,USA,Georgia,Investment,5,No,Agency,C1787,4,1289585.42,322396.355,1029.38,4117.52,314.4113206013629,1,3,70,0,Lower-Value / Lower-Activity Buyers
C1788,Individual,Zachary,James,1989-10-27,M,USA,California,Home,3,No,Website,C1788,3,1116876.81,372292.27,1155.6966666666667,3467.09,322.3499808871125,3,0,36,0,Lower-Value / Lower-Activity Buyers
C1789,Individual,Edward,Brooks,1982-07-25,M,USA,Colorado,Home,5,Yes,Agency,C1789,3,1359605.1,453201.7,1526.9566666666667,4580.87,297.83922033386045,2,1,43,1,Higher-Value Property Buyers
C1790,Individual,Jacob,Hansen,1940-02-18,M,USA,Nevada,Investment,5,No,Client,C1790,4,1335521.08,333880.27,1159.9675,4639.87,287.0574200531774,4,0,85,1,Higher-Value Property Buyers
C1791,Individual,Gerald,Scott,1966-04-26,M,USA,California,Home,5,No,Agency,C1791,3,894512.8,298170.93333333335,1050.08,3150.24,285.4724789523243,3,0,59,0,Lower-Value / Lower-Activity Buyers
C1792,Individual,Terry,Pierce,1995-06-17,M,USA,California,Home,3,No,Agency,C1792,4,1948563.24,487140.81,1676.3825,6705.53,290.7922848843788,3,1,30,1,Higher-Value Property Buyers
C1793,Individual,Richard,James,1969-04-05,M,USA,Utah,Investment,1,No,Website,C1793,4,1317525.03,329381.2575,1102.08,4408.32,302.79931340675995,4,0,56,0,Lower-Value / Lower-Activity Buyers
C1794,Individual,Douglas,Chavez,1995-12-25,M,USA,Colorado,Home,3,No,Website,C1794,4,1378476.06,344619.015,1137.5875,4550.35,302.2283992400325,4,0,30,1,Higher-Value Property Buyers
C1795,Individual,William,Brown,1945-12-01,M,USA,California,Home,5,Yes,Website,C1795,4,1058019.94,264504.985,827.2,3308.8,325.4415127559826,1,3,80,0,Lower-Value / Lower-Activity Buyers
C1796,Individual,Betty,Hughes,1950-09-21,F,USA,California,Investment,5,Yes,Client,C1796,3,1158919.94,386306.64666666667,1286.4833333333331,3859.45,299.6012291668504,3,0,75,1,Higher-Value Property Buyers
C1797,Individual,Katherine,Howard,1957-02-26,F,USA,Oregon,Home,3,Yes,Website,C1797,3,910545.92,303515.30666666664,1033.62,3100.86,292.6838090524448,3,0,68,0,Lower-Value / Lower-Activity Buyers
C1798,Individual,Bryan,Peterson,1966-08-10,M,USA,Arizona,Investment,1,Yes,Website,C1798,4,1601121.79,400280.4475,1263.96,5055.84,314.52479270080266,2,2,59,1,Higher-Value Property Buyers
C1799,Individual,Cheryl,Freeman,1950-01-11,F,USA,Colorado,Home,5,No,Agency,C1799,4,1022792.49,255698.1225,823.6625,3294.65,314.8843044123972,4,0,75,0,Lower-Value / Lower-Activity Buyers
C1800,Individual,James,Campbell,1944-04-13,M,USA,Oregon,Home,1,No,Client,C1800,3,1120963.1,373654.3666666667,1301.65,3904.95,287.48156579033383,2,1,81,1,Higher-Value Property Buyers
C1801,Individual,Jose,Howard,1964-02-08,M,USA,California,Home,5,Yes,Website,C1801,3,1473065.73,491021.91,1422.97,4268.91,335.5054034878483,2,1,61,1,Higher-Value Property Buyers
C1802,Individual,Jack,Morris,1948-03-26,M,USA,Nevada,Investment,1,No,Client,C1802,4,1155979.49,288994.8725,1011.5875,4046.35,284.6408296351134,4,0,77,0,Lower-Value / Lower-Activity Buyers
C1803,Individual,Susan,Bennett,1987-04-14,F,Canada,Quebec,Investment,5,No,Agency,C1803,3,1329728.19,443242.73,1443.9800000000002,4331.9400000000005,296.73639690932816,2,1,38,1,Higher-Value Property Buyers
C1804,Individual,Albert,Kim,1989-03-03,M,USA,California,Home,1,No,Website,C1804,4,1735376.55,433844.1375,1504.0975,6016.389999999999,294.59474870934474,4,0,36,1,Higher-Value Property Buyers
C1805,Individual,Austin,Kim,1953-01-09,M,UK,Northern Ireland,Investment,3,No,Website,C1805,4,1871670.17,467917.5425,1699.3675,6797.47,274.5583113333789,3,1,72,1,Higher-Value Property Buyers
C1806,Individual,Martha,Turner,1967-04-13,F,Australia,New South Wales,Investment,2,No,Agency,C1806,3,974821.86,324940.62,1049.3066666666666,3147.92,310.9547917052066,3,0,58,0,Lower-Value / Lower-Activity Buyers
C1807,Individual,Angela,Allen,1957-02-05,F,France,Brittany,Home,5,No,Website,C1807,3,1520931.78,506977.26,1469.18,4407.54,336.904490203922,2,1,68,1,Higher-Value Property Buyers
C1808,Individual,Victoria,Stewart,1990-01-08,F,USA,Washington,Investment,2,No,Client,C1808,4,1102931.4500000002,275732.86250000005,989.46,3957.84,275.0300830047724,4,0,35,0,Lower-Value / Lower-Activity Buyers
C1809,Individual,Laura,White,1981-05-03,F,USA,New York,Home,4,Yes,Agency,C1809,4,1221253.05,305313.2625,1104.2925,4417.17,275.91790171076855,4,0,44,0,Lower-Value / Lower-Activity Buyers
C1810,Individual,Maria,Collins,1945-01-06,F,USA,Texas,Home,3,No,Agency,C1810,3,991862.87,330620.95666666667,1138.4233333333334,3415.27,289.8803714824016,3,0,80,0,Lower-Value / Lower-Activity Buyers
C1811,Individual,Stephanie,Williams,1958-02-16,F,USA,California,Home,3,Yes,Agency,C1811,4,1189519.9,297379.975,1029.73,4118.92,279.68631786678856,4,0,67,0,Lower-Value / Lower-Activity Buyers
C1812,Individual,Ryan,White,1977-04-18,M,France,Provence,Home,5,Yes,Website,C1812,4,1080880.0,270220.0,955.7625,3823.05,284.0094878917518,3,1,48,0,Lower-Value / Lower-Activity Buyers
C1813,Individual,Walter,Jordan,1947-12-02,M,Germany,Hamburg,Investment,3,Yes,Website,C1813,4,1552316.39,388079.0975,1294.645,5178.58,297.9877712623852,2,2,78,1,Higher-Value Property Buyers
C1814,Individual,Scott,Roberts,1987-04-07,M,Denmark,North Denmark,Home,2,No,Website,C1814,4,1303261.99,325815.4975,1153.0825,4612.33,291.25373939607886,4,0,38,1,Higher-Value Property Buyers
C1815,Individual,Aaron,Carter,1949-03-26,M,USA,California,Home,5,No,Agency,C1815,4,1182628.3,295657.075,942.035,3768.14,309.16670569592696,3,1,76,0,Lower-Value / Lower-Activity Buyers
C1816,Individual,Sean,Miller,1962-04-08,M,Canada,Quebec,Home,2,No,Website,C1816,4,1078876.87,269719.2175,909.9825,3639.93,299.8918878099619,4,0,63,0,Lower-Value / Lower-Activity Buyers
C1817,Individual,Cynthia,Garcia,1944-07-28,F,USA,Virginia,Home,1,No,Agency,C1817,3,1240667.65,413555.8833333333,1412.0199999999998,4236.06,293.9952639783983,3,0,81,1,Higher-Value Property Buyers
C1818,Individual,Christine,Wood,1994-08-17,F,USA,Washington,Investment,5,Yes,Website,C1818,3,814797.06,271599.02,851.4266666666667,2554.28,321.24848229261744,3,0,31,0,Lower-Value / Lower-Activity Buyers
C1819,Individual,William,Brown,1963-02-11,M,Russia,Krasnodar Krai,Home,1,No,Website,C1819,3,1067644.33,355881.44333333336,1339.746666666667,4019.24,275.26370950498614,3,0,62,0,Lower-Value / Lower-Activity Buyers
C1820,Individual,Nicholas,Howard,1979-08-21,M,France,Provence,Home,3,No,Website,C1820,4,970434.94,242608.735,840.8725,3363.49,289.7308523537098,4,0,46,0,Lower-Value / Lower-Activity Buyers
C1821,Individual,Adam,Smith,1944-10-22,M,USA,Nevada,Home,5,No,Website,C1821,4,1733692.62,433423.155,1244.8049999999998,4979.219999999999,331.43544369681666,2,2,81,1,Higher-Value Property Buyers
C1822,Individual,Frank,Weaver,1996-02-28,M,USA,Oregon,Investment,5,Yes,Website,C1822,4,1388147.75,347036.9375,1184.81,4739.24,288.3381292900038,4,0,29,1,Higher-Value Property Buyers
C1823,Individual,Jacob,Watson,1967-08-11,M,USA,Oregon,Home,4,Yes,Website,C1823,3,993925.86,331308.62,994.8266666666668,2984.48,327.58227901123,2,1,58,0,Lower-Value / Lower-Activity Buyers
C1824,Individual,Jeffrey,Weaver,1962-09-05,M,USA,California,Home,3,No,Website,C1824,4,945036.97,236259.2425,857.7574999999999,3431.03,279.2520615686099,3,1,63,0,Lower-Value / Lower-Activity Buyers
C1825,Individual,Eric,Jones,1956-12-28,M,Mexico,Nuevo Leon,Home,2,No,Agency,C1825,4,948769.93,237192.4825,802.7125,3210.85,293.8418882146923,4,0,69,0,Lower-Value / Lower-Activity Buyers
C1826,Individual,Jack,Williams,1951-06-08,M,USA,Ohio,Home,4,No,Client,C1826,4,1300035.21,325008.8025,1159.5325,4638.13,289.81592388158737,3,1,74,1,Higher-Value Property Buyers
C1827,Individual,Donald,Thompson,1973-01-02,M,USA,New York,Home,5,Yes,Website,C1827,4,1221529.77,305382.4425,988.7175,3954.87,313.9255352450057,3,1,52,0,Lower-Value / Lower-Activity Buyers
C1828,Individual,William,Wood,1991-11-15,M,USA,California,Investment,2,Yes,Website,C1828,4,1199213.25,299803.3125,1114.2125,4456.85,263.61066520219583,3,1,34,0,Lower-Value / Lower-Activity Buyers
C1829,Individual,Rachel,Ward,1997-07-17,F,USA,California,Home,5,Yes,Agency,C1829,3,1194095.83,398031.94333333336,1394.21,4182.63,278.39431821791953,2,1,28,1,Higher-Value Property Buyers
C1830,Individual,Virginia,Owens,1959-03-20,F,USA,Arizona,Home,3,No,Website,C1830,3,1363309.64,454436.5466666666,1487.66,4462.98,308.02315948220024,2,1,66,1,Higher-Value Property Buyers
C1831,Individual,Janice,Smith,1950-09-15,F,Russia,Tatarstan,Home,3,No,Website,C1831,4,1004720.27,251180.0675,972.335,3889.34,269.497746172995,4,0,75,0,Lower-Value / Lower-Activity Buyers
C1832,Individual,Henry,Garcia,1987-04-21,M,USA,Oregon,Investment,1,Yes,Website,C1832,4,1282390.94,320597.735,1103.3225,4413.29,287.7519015558204,4,0,38,0,Lower-Value / Lower-Activity Buyers
C1833,Individual,Jennifer,Weaver,1948-01-17,F,USA,Arizona,Investment,1,Yes,Website,C1833,3,1132086.83,377362.2766666667,1357.1933333333334,4071.58,281.5891153188497,3,0,77,1,Higher-Value Property Buyers
C1834,Individual,Zachary,Phillips,1963-03-13,M,Belgium,Flanders,Investment,5,No,Agency,C1834,4,1222274.6,305568.65,948.835,3795.34,312.80920843529015,3,1,62,0,Lower-Value / Lower-Activity Buyers
C1835,Individual,Nicole,Pierce,1959-10-25,F,Canada,Alberta,Investment,4,Yes,Agency,C1835,3,739211.6,246403.86666666667,849.7466666666668,2549.24,292.10214886966304,3,0,66,0,Lower-Value / Lower-Activity Buyers
C1836,Individual,Judy,Wood,1960-10-08,F,USA,California,Investment,1,Yes,Website,C1836,4,1213775.31,303443.8275,958.755,3835.02,317.842120270775,3,1,65,0,Lower-Value / Lower-Activity Buyers
C1837,Individual,Julia,Freeman,1950-04-06,F,USA,California,Home,2,Yes,Client,C1837,4,1507583.69,376895.9225,1333.2775,5333.11,280.81643575663736,4,0,75,1,Higher-Value Property Buyers
C1838,Individual,Joyce,Morales,1965-01-14,F,Canada,Alberta,Investment,1,No,Agency,C1838,4,1266344.58,316586.145,1030.83,4123.32,307.26439916892457,3,1,60,0,Lower-Value / Lower-Activity Buyers
C1839,Individual,Kyle,Gray,1943-01-21,M,USA,California,Investment,2,No,Agency,C1839,4,967894.54,241973.635,821.355,3285.42,301.5423171724958,4,0,82,0,Lower-Value / Lower-Activity Buyers
C1840,Individual,Gerald,Weaver,1986-06-22,M,UK,England,Investment,3,No,Website,C1840,3,911506.03,303835.3433333333,1064.7333333333331,3194.2,288.0371183831599,2,1,39,0,Lower-Value / Lower-Activity Buyers
C1841,Individual,Austin,Williams,1947-05-27,M,USA,New York,Home,4,No,Website,C1841,4,1612088.13,403022.0325,1374.585,5498.34,294.13284970553457,4,0,78,1,Higher-Value Property Buyers
C1842,Company,Rexon,Co,1978-10-08,M,Canada,Alberta,Home,3,Yes,Agency,C1842,3,1252827.37,417609.12333333335,1407.513333333333,4222.54,291.5150863648168,3,0,47,1,Higher-Value Property Buyers
C1843,Individual,Jose,Stone,1952-06-18,M,Germany,Hesse,Home,4,No,Website,C1843,4,1487849.65,371962.4125,1218.84,4875.36,300.64812304710256,3,1,73,1,Higher-Value Property Buyers
C1844,Individual,Grace,Howard,1978-07-21,F,USA,Ohio,Home,1,No,Agency,C1844,4,1033138.51,258284.6275,837.88,3351.52,308.4891948132694,3,1,47,0,Lower-Value / Lower-Activity Buyers
C1845,Individual,Joshua,Green,1949-09-11,M,USA,California,Investment,1,Yes,Website,C1845,3,889124.6799999999,296374.8933333333,972.0533333333332,2916.16,295.979751299768,3,0,76,0,Lower-Value / Lower-Activity Buyers
C1846,Individual,Sara,Allen,1985-10-26,F,Russia,Novosibirsk,Home,5,Yes,Agency,C1846,3,886017.55,295339.18333333335,980.87,2942.61,301.0895663169484,3,0,40,0,Lower-Value / Lower-Activity Buyers
C1847,Individual,Brian,Griffin,1952-04-01,M,USA,Utah,Home,4,No,Website,C1847,4,1080850.85,270212.7125,859.7125,3438.85,311.06984916449545,4,0,73,0,Lower-Value / Lower-Activity Buyers
C1848,Individual,Sarah,Davis,1993-07-17,F,USA,California,Home,2,No,Website,C1848,4,1595352.82,398838.205,1295.0975,5180.389999999999,298.85086965793244,3,1,32,1,Higher-Value Property Buyers
C1849,Individual,Joseph,Wilson,1976-09-02,M,Canada,Alberta,Investment,3,Yes,Website,C1849,3,1019239.08,339746.36,1016.7633333333332,3050.29,332.84745044626635,2,1,49,0,Lower-Value / Lower-Activity Buyers
C1850,Individual,Gregory,Miller,1971-07-25,M,USA,New York,Investment,5,Yes,Agency,C1850,4,1380990.75,345247.6875,1176.685,4706.74,298.90027318374314,4,0,54,1,Higher-Value Property Buyers
C1851,Individual,Kimberly,Miller,1954-06-08,F,UK,England,Home,3,Yes,Agency,C1851,4,1552543.97,388135.9925,1153.5575,4614.23,335.220018759133,1,3,71,1,Higher-Value Property Buyers
C1852,Individual,Julie,Hall,1997-12-15,F,USA,Virginia,Home,4,No,Website,C1852,3,1674072.07,558024.0233333333,1733.68,5201.04,320.95336086570444,2,1,28,1,Higher-Value Property Buyers
C1853,Individual,Jennifer,Owens,1949-02-24,F,USA,Virginia,Investment,4,No,Website,C1853,4,1207329.15,301832.2875,1012.5575,4050.23,299.91970675822904,4,0,76,0,Lower-Value / Lower-Activity Buyers
C1854,Company,Rexon,Co,1960-03-23,M,France,Ile-de-France,Investment,1,No,Client,C1854,4,1387997.02,346999.255,1104.2925,4417.17,307.65371721743344,4,0,65,1,Higher-Value Property Buyers
C1855,Individual,Gloria,Hansen,1984-02-07,F,USA,California,Home,2,Yes,Website,C1855,4,1117305.86,279326.465,874.6275,3498.51,320.3709796508413,4,0,41,0,Lower-Value / Lower-Activity Buyers
C1856,Company,Altira,Co,1994-05-24,M,USA,Virginia,Home,2,No,Website,C1856,3,1216231.4300000002,405410.47666666674,1334.1,4002.3,300.48980345043714,3,0,31,1,Higher-Value Property Buyers
C1857,Individual,Walter,Johnson,1987-03-22,M,USA,California,Investment,2,Yes,Website,C1857,3,919814.94,306604.98,932.37,2797.11,325.48860323286766,2,1,38,0,Lower-Value / Lower-Activity Buyers
C1858,Individual,Amy,Hayes,1958-06-05,F,USA,Colorado,Home,5,No,Website,C1858,3,1161958.29,387319.43,1267.5866666666668,3802.76,305.6106982283693,3,0,67,1,Higher-Value Property Buyers
C1859,Individual,Zachary,Taylor,1943-11-18,M,USA,California,Home,5,Yes,Client,C1859,4,1087561.59,271890.3975,862.28,3449.12,315.9731628366316,2,2,82,0,Lower-Value / Lower-Activity Buyers
C1860,Company,Caldera,Co,1970-07-17,F,USA,California,Home,4,Yes,Agency,C1860,4,1661197.49,415299.3725,1338.9,5355.599999999999,311.29869389814894,4,0,55,1,Higher-Value Property Buyers
C1861,Individual,Nathan,Evans,1982-01-08,M,USA,California,Investment,3,Yes,Website,C1861,4,1475178.95,368794.7375,1239.9025,4959.610000000001,303.89052393748204,4,0,43,1,Higher-Value Property Buyers
C1862,Individual,Joshua,Long,1953-08-22,M,USA,California,Home,1,Yes,Website,C1862,3,988771.17,329590.39,1076.69,3230.07,320.3830117364399,3,0,72,0,Lower-Value / Lower-Activity Buyers
C1863,Individual,Megan,Hansen,1948-03-04,F,UK,Scotland,Home,3,No,Website,C1863,4,1281313.02,320328.255,1039.19,4156.76,301.87406662875065,4,0,77,0,Lower-Value / Lower-Activity Buyers
C1864,Individual,Hannah,Weaver,1972-04-25,F,USA,New York,Home,5,Yes,Website,C1864,4,1131730.6,282932.65,1027.325,4109.3,273.31171023381694,3,1,53,0,Lower-Value / Lower-Activity Buyers
C1865,Individual,Sean,Rogers,1974-01-11,M,USA,Arizona,Investment,4,No,Website,C1865,3,1092253.24,364084.4133333333,1196.1733333333334,3588.52,317.1911285000062,2,1,51,0,Lower-Value / Lower-Activity Buyers
C1866,Individual,Joyce,Martin,1971-08-23,F,USA,Nevada,Home,2,No,Agency,C1866,4,1620195.43,405048.8575,1380.26,5521.04,291.3135821755026,4,0,54,1,Higher-Value Property Buyers
C1867,Individual,Robert,Richardson,1952-01-13,M,USA,California,Home,2,Yes,Website,C1867,3,761781.8,253927.2666666667,791.0400000000001,2373.1200000000003,315.9512275240281,2,1,73,0,Lower-Value / Lower-Activity Buyers
C1868,Individual,Michelle,Thomas,1975-11-28,F,UK,Wales,Home,1,No,Website,C1868,4,1469394.43,367348.6075,1198.3725,4793.49,310.72532744383216,3,1,50,1,Higher-Value Property Buyers
C1869,Individual,Margaret,Campbell,1975-10-05,F,Mexico,Nuevo Leon,Home,5,No,Client,C1869,4,1335399.36,333849.84,1132.7375,4530.95,292.5916987103676,3,1,50,1,Higher-Value Property Buyers
C1870,Individual,Lawrence,Moore,1980-10-13,M,USA,Washington,Investment,1,No,Agency,C1870,3,680865.94,226955.31333333327,842.68,2528.04,269.4110023653593,2,1,45,0,Lower-Value / Lower-Activity Buyers
C1871,Individual,Amy,Reyes,1961-10-18,F,USA,Texas,Home,1,Yes,Website,C1871,4,1096466.77,274116.6925,1000.415,4001.66,281.5105417910469,3,1,64,0,Lower-Value / Lower-Activity Buyers
C1872,Individual,Raymond,Jones,1940-10-23,M,Mexico,Mexico City,Home,5,No,Client,C1872,3,1284121.27,428040.4233333333,1452.263333333333,4356.79,296.96334982942363,3,0,85,1,Higher-Value Property Buyers
C1873,Individual,Cheryl,Collins,1959-03-10,F,Canada,British Columbia,Home,5,No,Agency,C1873,4,841611.53,210402.8825,727.265,2909.06,288.6266198396608,3,1,66,0,Lower-Value / Lower-Activity Buyers
C1874,Individual,Justin,Cooper,1972-11-18,M,USA,Colorado,Investment,1,No,Agency,C1874,3,1058361.99,352787.33,1125.17,3375.51,318.7436583675889,3,0,53,0,Lower-Value / Lower-Activity Buyers
C1875,Individual,Melissa,Roberts,1943-09-13,F,USA,Nevada,Home,2,No,Client,C1875,3,1220153.86,406717.9533333333,1339.73,4019.19,301.4071582349448,2,1,82,1,Higher-Value Property Buyers
C1876,Company,Bravada,Co,1981-03-17,M,USA,Ohio,Investment,4,Yes,Website,C1876,3,1543986.34,514662.1133333333,1523.6933333333334,4571.08,341.0254456076387,3,0,44,1,Higher-Value Property Buyers
C1877,Individual,Walter,Bryant,1961-09-16,M,USA,Arizona,Home,5,No,Agency,C1877,3,905899.79,301966.5966666667,1008.13,3024.39,302.9995785047871,2,1,64,0,Lower-Value / Lower-Activity Buyers
C1878,Individual,Paul,Rogers,1967-10-07,M,USA,Washington,Home,5,No,Agency,C1878,3,958603.36,319534.4533333333,1097.4366666666667,3292.31,297.0733645650432,3,0,58,0,Lower-Value / Lower-Activity Buyers
C1879,Individual,Deborah,Roberts,1977-01-23,F,USA,New York,Home,3,No,Website,C1879,3,1536294.68,512098.2266666666,1504.28,4512.84,341.7799926238683,2,1,48,1,Higher-Value Property Buyers
C1880,Individual,Joan,Morales,1998-01-22,F,USA,California,Home,5,Yes,Client,C1880,4,1319939.53,329984.8825,1053.27,4213.08,314.84860727143314,4,0,27,0,Lower-Value / Lower-Activity Buyers
C1881,Individual,Brenda,Phillips,1989-09-13,F,USA,Oregon,Home,2,Yes,Website,C1881,3,972731.09,324243.6966666667,1127.15,3381.45,285.32389159621,2,1,36,0,Lower-Value / Lower-Activity Buyers
C1882,Individual,Deborah,Turner,1960-03-22,F,USA,Virginia,Investment,3,No,Website,C1882,3,884144.1,294714.7,934.4333333333334,2803.3,320.0476777469246,3,0,65,0,Lower-Value / Lower-Activity Buyers
C1883,Individual,Sean,Peterson,1941-02-11,M,USA,California,Home,1,No,Agency,C1883,4,1877399.32,469349.83,1489.11,5956.44,307.7912661917265,4,0,84,1,Higher-Value Property Buyers
C1884,Individual,Terry,Bell,1954-08-06,M,USA,Nevada,Home,5,Yes,Website,C1884,3,930994.21,310331.4033333334,997.4133333333332,2992.24,311.2382202659357,3,0,71,0,Lower-Value / Lower-Activity Buyers
C1885,Individual,Ryan,Bell,1967-10-26,M,Germany,Hamburg,Home,1,Yes,Agency,C1885,4,1740983.97,435245.9925,1564.0775,6256.31,279.8659324745495,4,0,58,1,Higher-Value Property Buyers
C1886,Individual,Maria,Richardson,1999-11-16,F,USA,California,Home,5,No,Website,C1886,3,774293.9299999999,258097.97666666663,842.68,2528.04,307.6468005397266,3,0,26,0,Lower-Value / Lower-Activity Buyers
C1887,Individual,Emma,Campbell,1986-01-07,F,USA,Oregon,Investment,1,No,Agency,C1887,3,822999.76,274333.25333333336,941.21,2823.63,300.6392869450787,3,0,39,0,Lower-Value / Lower-Activity Buyers
C1888,Individual,Donald,Griffin,1962-08-06,M,USA,California,Home,3,No,Website,C1888,4,981962.01,245490.5025,820.9224999999999,3283.69,302.8768244814325,4,0,63,0,Lower-Value / Lower-Activity Buyers
C1889,Individual,Matthew,Richardson,1987-07-10,M,USA,California,Home,4,Yes,Website,C1889,3,1193609.3,397869.76666666666,1205.9633333333334,3617.89,330.7013344577876,2,1,38,1,Higher-Value Property Buyers
C1890,Individual,Mark,Nelson,1954-03-12,M,Canada,Ontario,Home,4,No,Client,C1890,4,1209659.27,302414.8175,1042.1725,4168.6900000000005,294.60075741505455,3,1,71,0,Lower-Value / Lower-Activity Buyers
C1891,Individual,Gary,James,1972-06-02,M,USA,Oregon,Home,2,No,Agency,C1891,4,1466482.7999999998,366620.7,1244.8049999999998,4979.219999999999,301.20838735265954,3,1,53,1,Higher-Value Property Buyers
C1892,Individual,Nancy,Jones,1951-06-06,F,USA,Nevada,Investment,5,Yes,Agency,C1892,3,978638.94,326212.98,1033.4833333333331,3100.45,310.0510647075858,3,0,74,0,Lower-Value / Lower-Activity Buyers
C1893,Individual,Ann,Davis,1962-12-27,F,USA,Washington,Home,1,Yes,Website,C1893,4,1458732.84,364683.21,1146.015,4584.06,317.126581695753,3,1,63,1,Higher-Value Property Buyers
C1894,Individual,Joyce,Hall,1944-03-11,F,USA,Texas,Investment,4,No,Website,C1894,4,1284918.37,321229.5925,1027.81,4111.24,313.32969182679483,3,1,81,0,Lower-Value / Lower-Activity Buyers
C1895,Company,Caldera,Co,1969-01-07,M,USA,Nevada,Investment,4,No,Agency,C1895,3,1170571.86,390190.62000000005,1308.513333333333,3925.54,292.0661701559032,2,1,56,1,Higher-Value Property Buyers
C1896,Individual,Andrew,Bryant,1955-06-17,M,USA,Virginia,Investment,3,No,Agency,C1896,3,1158311.0,386103.6666666667,1139.1533333333334,3417.46,332.0831771607045,3,0,70,0,Lower-Value / Lower-Activity Buyers
C1897,Individual,Catherine,Rogers,1950-12-27,F,Canada,Ontario,Home,2,No,Website,C1897,4,1108918.34,277229.585,941.61,3766.44,293.9912328018773,4,0,75,0,Lower-Value / Lower-Activity Buyers
C1898,Individual,Daniel,James,1979-01-05,M,USA,New York,Home,1,Yes,Website,C1898,4,1159717.54,289929.385,951.82,3807.28,309.5154160823681,3,1,46,0,Lower-Value / Lower-Activity Buyers
C1899,Individual,Joe,Mitchell,1996-04-05,M,UK,England,Home,3,No,Website,C1899,3,1001627.28,333875.76,1221.3833333333334,3664.15,275.4269693043849,3,0,29,0,Lower-Value / Lower-Activity Buyers
C1900,Individual,Rachel,Griffin,1998-09-07,F,UK,England,Investment,4,No,Client,C1900,4,1185889.79,296472.4475,1210.7375000000002,4842.950000000001,246.92189962494413,3,1,27,0,Lower-Value / Lower-Activity Buyers
C1901,Individual,Justin,Stewart,1982-09-17,M,Canada,British Columbia,Home,4,No,Agency,C1901,4,1357680.7,339420.175,1151.37,4605.48,286.53053886099826,3,1,43,1,Higher-Value Property Buyers
C1902,Company,Grandis,Co,1980-11-09,M,USA,Colorado,Investment,2,No,Agency,C1902,4,1127600.93,281900.2325,885.395,3541.58,319.7409942393335,3,1,45,0,Lower-Value / Lower-Activity Buyers
C1903,Individual,Nicole,Bennett,1991-12-01,F,USA,Nevada,Home,2,No,Website,C1903,4,1453139.0699999998,363284.7675,1192.72,4770.88,307.6174957186796,4,0,34,1,Higher-Value Property Buyers
C1904,Individual,Christian,Nelson,1949-03-23,M,USA,Texas,Home,2,Yes,Website,C1904,4,1337265.67,334316.4175,1073.7375,4294.95,312.78389323837047,4,0,76,0,Lower-Value / Lower-Activity Buyers
C1905,Individual,James,Morris,1961-02-02,M,USA,Virginia,Home,1,No,Website,C1905,3,1180529.35,393509.7833333334,1354.2933333333333,4062.88,288.3733516557424,2,1,64,1,Higher-Value Property Buyers
C1906,Individual,Michelle,Adams,1955-09-15,F,USA,California,Home,2,No,Agency,C1906,4,1487182.67,371795.6675,1158.6325,4634.53,328.4346675707875,2,2,70,1,Higher-Value Property Buyers
C1907,Individual,Kyle,Wright,1950-03-12,M,USA,Colorado,Home,3,No,Website,C1907,4,1751481.15,437870.2875,1349.2,5396.8,324.815883878142,1,3,75,1,Higher-Value Property Buyers
C1908,Individual,Andrea,Moore,1976-03-28,F,USA,California,Home,2,No,Website,C1908,4,1543714.5,385928.625,1324.385,5297.54,293.2611476473817,3,1,49,1,Higher-Value Property Buyers
C1909,Individual,Heather,Pierce,1985-12-04,F,USA,California,Investment,2,No,Agency,C1909,3,1238663.76,412887.92,1313.16,3939.48,307.7218062143661,2,1,40,1,Higher-Value Property Buyers
C1910,Company,Telnox,Co,1985-10-04,M,USA,California,Home,2,Yes,Agency,C1910,4,816793.9099999999,204198.4775,735.11,2940.44,278.7743160260709,4,0,40,0,Lower-Value / Lower-Activity Buyers
C1911,Individual,Noah,Murray,1989-01-11,M,USA,California,Home,5,No,Agency,C1911,3,1195691.95,398563.9833333333,1268.0466666666669,3804.14,314.3975058533925,3,0,36,1,Higher-Value Property Buyers
C1912,Individual,Amanda,Jackson,1954-07-26,F,USA,Utah,Investment,1,No,Website,C1912,3,863871.21,287957.07,952.0733333333334,2856.2200000000003,304.57284050774507,1,2,71,0,Lower-Value / Lower-Activity Buyers
C1913,Individual,Gary,King,1980-11-12,M,France,Provence,Home,5,No,Website,C1913,4,1210353.53,302588.3825,972.245,3888.98,312.1120482796222,4,0,45,0,Lower-Value / Lower-Activity Buyers
C1914,Individual,Brenda,Gray,1993-08-24,F,UK,Scotland,Home,4,Yes,Website,C1914,3,1553786.78,517928.9266666667,1584.7333333333331,4754.2,328.5550278318196,2,1,32,1,Higher-Value Property Buyers
C1915,Individual,Angela,Williams,1964-06-09,F,USA,Arizona,Investment,4,No,Client,C1915,3,1015184.58,338394.86,1076.6899999999998,3230.07,307.0413156033585,2,1,61,0,Lower-Value / Lower-Activity Buyers
C1916,Individual,Zachary,Weaver,1948-10-15,M,USA,California,Investment,2,No,Website,C1916,3,1257058.52,419019.50666666665,1303.7766666666666,3911.33,320.95935335974565,3,0,77,1,Higher-Value Property Buyers
C1917,Individual,Angela,Montgomery,1971-09-16,F,Australia,New South Wales,Home,2,No,Client,C1917,4,1007433.23,251858.3075,820.9224999999999,3283.69,307.16436969901207,4,0,54,0,Lower-Value / Lower-Activity Buyers
C1918,Individual,Dorothy,Murray,1940-09-17,F,USA,California,Home,1,No,Client,C1918,4,1019401.51,254850.3775,765.6675,3062.67,329.1017639574258,2,2,85,0,Lower-Value / Lower-Activity Buyers
C1919,Company,Vantage,Co,1968-01-19,F,USA,Nevada,Investment,1,No,Website,C1919,4,1083015.76,270753.94,929.2725,3717.09,289.4568471935533,4,0,57,0,Lower-Value / Lower-Activity Buyers
C1920,Individual,Jonathan,Pierce,1969-10-26,M,Germany,North Rhine-Westphalia,Home,5,No,Agency,C1920,4,1523588.92,380897.23,1278.045,5112.18,300.2689461558509,4,0,56,1,Higher-Value Property Buyers
C1921,Individual,Carolyn,Adams,1956-12-24,F,France,Provence,Home,5,No,Website,C1921,3,980793.68,326931.2266666666,1089.46,3268.38,304.8163605451686,1,2,69,0,Lower-Value / Lower-Activity Buyers
C1922,Individual,Jessica,Garcia,1988-01-09,F,USA,California,Home,1,No,Agency,C1922,3,1549836.17,516612.0566666666,1592.1233333333332,4776.37,322.46928138999664,3,0,37,1,Higher-Value Property Buyers
C1923,Individual,Sarah,Cooper,1947-03-07,F,Mexico,Jalisco,Investment,1,Yes,Client,C1923,4,1302917.16,325729.29,1140.38,4561.52,288.1811349920287,3,1,78,0,Lower-Value / Lower-Activity Buyers
C1924,Individual,Joe,Cooper,1958-01-03,M,USA,California,Home,3,No,Client,C1924,4,1453954.37,363488.5925,1253.3075,5013.23,292.1235154177175,4,0,67,1,Higher-Value Property Buyers
C1925,Individual,Jordan,Baker,1942-01-19,M,USA,Colorado,Home,2,No,Agency,C1925,4,1165252.94,291313.235,1093.05,4372.2,267.8345424544329,3,1,83,0,Lower-Value / Lower-Activity Buyers
C1926,Individual,Joshua,Watson,1997-11-05,M,Mexico,Puebla,Home,1,Yes,Website,C1926,4,1238034.03,309508.5075,1014.73,4058.92,299.93812538471843,3,1,28,0,Lower-Value / Lower-Activity Buyers
C1927,Individual,Victoria,Long,1952-11-05,F,USA,California,Investment,1,Yes,Website,C1927,4,1325474.94,331368.735,1280.6875,5122.75,259.03798557564846,4,0,73,1,Higher-Value Property Buyers
C1928,Individual,Paul,Scott,1998-02-20,M,Australia,New South Wales,Home,4,Yes,Client,C1928,3,741930.22,247310.07333333333,736.0433333333334,2208.13,333.5509957483036,3,0,27,0,Lower-Value / Lower-Activity Buyers
C1929,Individual,Angela,Baker,1941-10-24,F,Mexico,Jalisco,Home,1,Yes,Agency,C1929,4,1329874.96,332468.74,1127.175,4508.7,302.5375656209607,4,0,84,1,Higher-Value Property Buyers
C1930,Individual,Rachel,Adams,1966-01-22,F,USA,Colorado,Investment,3,No,Agency,C1930,4,1184992.23,296248.0575,990.9875,3963.95,299.0295730189038,4,0,59,0,Lower-Value / Lower-Activity Buyers
C1931,Individual,Melissa,Jackson,1995-05-01,F,USA,Utah,Home,5,Yes,Website,C1931,4,1323884.11,330971.0275,1047.99,4191.96,312.3234963116273,4,0,30,0,Lower-Value / Lower-Activity Buyers
C1932,Individual,Dorothy,Allen,1962-05-13,F,USA,California,Investment,2,No,Website,C1932,4,1713149.19,428287.2975,1342.1525,5368.610000000001,318.9128248658138,4,0,63,1,Higher-Value Property Buyers
C1933,Company,Oasis,Co,1994-04-05,F,Australia,Queensland,Home,1,No,Client,C1933,3,822428.05,274142.68333333335,851.87,2555.61,321.78877914612053,2,1,31,0,Lower-Value / Lower-Activity Buyers
C1934,Individual,Noah,Montgomery,1978-03-25,M,France,Ile-de-France,Investment,4,Yes,Client,C1934,4,1719384.46,429846.115,1422.9925,5691.97,295.4938593970128,3,1,47,1,Higher-Value Property Buyers
C1935,Individual,Ashley,Young,1983-04-14,F,USA,Arizona,Home,5,No,Website,C1935,3,1205890.37,401963.4566666667,1357.1933333333334,4071.58,299.8546491353381,2,1,42,1,Higher-Value Property Buyers
C1936,Individual,Jeffrey,Brown,1984-02-24,M,Russia,Krasnodar Krai,Home,1,Yes,Agency,C1936,3,965899.1,321966.3666666667,992.22,2976.66,323.68773843654736,3,0,41,0,Lower-Value / Lower-Activity Buyers
C1937,Individual,Ashley,Richardson,1961-03-16,F,USA,Arizona,Home,3,Yes,Website,C1937,4,1707838.06,426959.515,1419.32,5677.28,300.19888486318166,3,1,64,1,Higher-Value Property Buyers
C1938,Individual,Peter,Anderson,1973-07-28,M,Canada,Quebec,Home,4,Yes,Website,C1938,3,1154671.2,384890.4,1205.9633333333334,3617.89,320.77245860567785,2,1,52,1,Higher-Value Property Buyers
C1939,Individual,Gloria,White,1979-06-09,F,USA,Florida,Investment,1,Yes,Agency,C1939,3,674304.95,224768.31666666665,839.1433333333334,2517.4300000000003,270.8901357700737,3,0,46,0,Lower-Value / Lower-Activity Buyers
C1940,Individual,Barbara,Turner,1997-02-01,F,Canada,Manitoba,Home,4,No,Agency,C1940,4,1403901.14,350975.28500000003,1216.595,4866.38,281.8854754228004,4,0,28,1,Higher-Value Property Buyers
C1941,Individual,Maria,James,1943-05-20,F,USA,Nevada,Home,5,No,Client,C1941,4,1368615.25,342153.8125,1140.38,4561.52,303.5780218121445,4,0,82,1,Higher-Value Property Buyers
C1942,Company,Stratos,Co,1984-11-10,F,USA,Nevada,Home,2,Yes,Agency,C1942,3,1133984.52,377994.84,1313.16,3939.48,278.3780596993292,3,0,41,1,Higher-Value Property Buyers
C1943,Individual,Eric,Long,1973-01-04,M,USA,Arizona,Home,1,No,Website,C1943,3,967521.23,322507.07666666666,1042.71,3128.13,308.8141987199651,3,0,52,0,Lower-Value / Lower-Activity Buyers
C1944,Individual,Henry,Pierce,1986-02-15,M,USA,California,Investment,1,No,Website,C1944,4,1971083.93,492770.9825,1602.67,6410.68,304.51340399550395,4,0,39,1,Higher-Value Property Buyers
C1945,Individual,Sean,Johnson,1967-02-26,M,Mexico,Mexico City,Investment,3,No,Website,C1945,4,1112541.88,278135.47,939.4875,3757.95,293.83835064246847,4,0,58,0,Lower-Value / Lower-Activity Buyers
C1946,Individual,Mark,Bell,1955-01-15,M,USA,California,Home,1,No,Agency,C1946,3,1056227.37,352075.79000000004,1111.25,3333.75,315.409987451597,2,1,70,0,Lower-Value / Lower-Activity Buyers
C1947,Individual,Walter,Mitchell,1979-02-02,M,USA,Nevada,Home,3,No,Website,C1947,3,1247905.56,415968.52,1328.47,3985.41,314.1444138514114,3,0,46,1,Higher-Value Property Buyers
C1948,Individual,Melissa,Harris,1955-04-01,F,USA,Arizona,Home,2,No,Agency,C1948,3,1530233.0,510077.6666666667,1527.8633333333337,4583.59,332.3203697226779,3,0,70,1,Higher-Value Property Buyers
C1949,Individual,Christina,James,1955-07-20,F,USA,Colorado,Home,2,Yes,Agency,C1949,3,1020270.72,340090.24,1274.52,3823.56,264.79475294846344,3,0,70,0,Lower-Value / Lower-Activity Buyers
C1950,Individual,Edward,Weaver,1975-03-27,M,USA,Ohio,Home,4,No,Agency,C1950,4,1033306.43,258326.6075,933.355,3733.42,297.64023677145923,4,0,50,0,Lower-Value / Lower-Activity Buyers
C1951,Individual,Alexander,Murray,1996-09-08,M,USA,Utah,Home,1,Yes,Website,C1951,4,1128864.17,282216.0425,972.335,3889.34,296.75692284139825,3,1,29,0,Lower-Value / Lower-Activity Buyers
C1952,Company,Optima,Co,1992-05-06,M,USA,Nevada,Home,3,No,Agency,C1952,3,1235262.65,411754.2166666666,1451.5366666666669,4354.610000000001,273.7194148154275,2,1,33,1,Higher-Value Property Buyers
C1953,Individual,Donald,Miller,1972-10-16,M,Germany,Bavaria,Home,1,Yes,Website,C1953,4,1199064.43,299766.1075,946.6525,3786.61,323.546348406674,2,2,53,0,Lower-Value / Lower-Activity Buyers
C1954,Individual,Judy,Roberts,1966-09-03,F,Australia,Western Australia,Investment,3,No,Website,C1954,3,809731.0700000001,269910.3566666667,899.9899999999999,2699.97,299.26368218742385,3,0,59,0,Lower-Value / Lower-Activity Buyers
C1955,Individual,Benjamin,Wright,1998-05-20,M,Canada,Quebec,Home,1,No,Website,C1955,4,1707150.06,426787.515,1380.26,5521.04,316.1590016380276,4,0,27,1,Higher-Value Property Buyers
C1956,Individual,Julie,Weaver,1967-08-21,F,USA,Oregon,Home,2,No,Agency,C1956,4,1224023.79,306005.9475,920.7075,3682.83,313.3520364570359,2,2,58,0,Lower-Value / Lower-Activity Buyers
C1957,Individual,Adam,Howard,1962-09-24,M,USA,California,Home,4,Yes,Website,C1957,4,1318838.26,329709.565,1150.2,4600.8,285.08614976753097,3,1,63,1,Higher-Value Property Buyers
C1958,Individual,Susan,Foster,1970-10-09,F,USA,California,Home,3,No,Website,C1958,4,1567012.19,391753.0475,1287.0549999999998,5148.219999999999,308.3990536533559,4,0,55,1,Higher-Value Property Buyers
C1959,Individual,Judy,Morales,1942-02-20,F,USA,Texas,Home,1,No,Website,C1959,3,626084.02,208694.6733333333,753.3133333333334,2259.94,276.9890035951335,3,0,83,0,Lower-Value / Lower-Activity Buyers
C1960,Individual,Dorothy,Brown,1987-08-02,F,USA,Colorado,Home,2,Yes,Website,C1960,3,1196488.96,398829.6533333333,1350.493333333333,4051.48,292.25388007624105,3,0,38,1,Higher-Value Property Buyers
C1961,Individual,William,Campbell,1994-09-26,M,USA,California,Home,5,No,Agency,C1961,4,1289265.38,322316.345,1138.4975,4553.99,280.62577570747106,4,0,31,1,Higher-Value Property Buyers
C1962,Individual,Kimberly,Harris,1995-08-01,F,Mexico,Puebla,Home,5,No,Agency,C1962,3,971475.24,323825.08,1108.1033333333332,3324.31,296.82421576256144,3,0,30,0,Lower-Value / Lower-Activity Buyers
C1963,Company,Terova,Co,1968-03-01,M,USA,Texas,Home,5,No,Website,C1963,3,983925.13,327975.04333333333,1090.7733333333333,3272.32,309.28015850204434,3,0,57,0,Lower-Value / Lower-Activity Buyers
C1964,Individual,Kevin,Martin,1972-06-17,M,USA,Virginia,Home,5,No,Agency,C1964,3,1149434.67,383144.89,1359.24,4077.72,278.58260396394013,2,1,53,1,Higher-Value Property Buyers
C1965,Individual,Sean,Wright,1997-01-09,M,USA,California,Home,4,No,Agency,C1965,3,1489053.39,496351.13,1579.3133333333335,4737.9400000000005,314.319892365033,2,1,28,1,Higher-Value Property Buyers
C1966,Individual,Ronald,Howard,1964-02-10,M,Canada,British Columbia,Home,1,No,Agency,C1966,4,1210176.2,302544.05,1111.6475,4446.59,272.97907493688416,2,2,61,0,Lower-Value / Lower-Activity Buyers
C1967,Individual,Roger,Bryant,1957-10-09,M,USA,Oregon,Investment,4,No,Agency,C1967,3,747143.37,249047.79,859.2633333333333,2577.79,286.7718601663633,3,0,68,0,Lower-Value / Lower-Activity Buyers
C1968,Individual,Judy,Griffin,1958-11-02,F,USA,California,Investment,3,Yes,Client,C1968,3,987718.99,329239.66333333333,1072.7266666666667,3218.1800000000003,313.92486192092457,3,0,67,0,Lower-Value / Lower-Activity Buyers
C1969,Individual,Jesse,James,1993-06-14,M,USA,Colorado,Investment,2,Yes,Agency,C1969,4,1030940.43,257735.1075,854.58,3418.32,294.26164637460386,3,1,32,0,Lower-Value / Lower-Activity Buyers
C1970,Individual,Raymond,Howard,1978-02-25,M,USA,Arizona,Investment,4,Yes,Website,C1970,3,1346312.7000000002,448770.9000000001,1361.743333333333,4085.23,322.30001375823184,2,1,47,1,Higher-Value Property Buyers
C1971,Individual,Emma,Jordan,1976-07-18,F,USA,Virginia,Home,5,No,Website,C1971,3,673422.3200000001,224474.1066666667,775.5666666666666,2326.7,301.0954714988204,3,0,49,0,Lower-Value / Lower-Activity Buyers
C1972,Individual,Carol,Wilson,1972-01-05,F,USA,California,Home,4,Yes,Website,C1972,3,943260.84,314420.28,1077.3333333333333,3232.0,295.6179663876726,2,1,53,0,Lower-Value / Lower-Activity Buyers
C1973,Company,Oasis,Co,1993-09-13,M,USA,Washington,Home,4,Yes,Agency,C1973,4,1450499.68,362624.92,1214.7825,4859.13,298.7315859126308,3,1,32,1,Higher-Value Property Buyers
C1974,Individual,Keith,Peterson,1950-04-09,M,USA,Nevada,Home,5,Yes,Agency,C1974,4,968686.85,242171.7125,809.6575,3238.63,301.68832968184125,3,1,75,0,Lower-Value / Lower-Activity Buyers
C1975,Individual,Dorothy,Campbell,1975-08-05,F,Belgium,Wallonia,Home,4,No,Agency,C1975,3,985031.21,328343.73666666663,1023.88,3071.6400000000003,318.46222697643447,2,1,50,0,Lower-Value / Lower-Activity Buyers
C1976,Individual,Albert,Wilson,1995-05-03,M,USA,Florida,Home,5,No,Client,C1976,4,1146120.65,286530.1625,1030.29,4121.16,272.6222730317005,4,0,30,0,Lower-Value / Lower-Activity Buyers
C1977,Individual,Jason,Bennett,1994-04-07,M,USA,Virginia,Home,1,No,Website,C1977,4,2001430.43,500357.6075,1577.2325,6308.93,315.08520637386266,3,1,31,1,Higher-Value Property Buyers
C1978,Company,Summit,Co,1967-02-06,F,USA,California,Investment,5,Yes,Website,C1978,3,1205900.67,401966.89,1290.0866666666668,3870.26,317.3931776315053,2,1,58,1,Higher-Value Property Buyers
C1979,Individual,Brian,Richardson,1942-05-25,M,USA,Colorado,Home,3,Yes,Agency,C1979,4,1287568.79,321892.1975,1014.73,4058.92,317.2145822998733,3,1,83,0,Lower-Value / Lower-Activity Buyers
C1980,Individual,Barbara,Green,1956-05-09,F,USA,Texas,Investment,4,No,Website,C1980,4,1579565.09,394891.2725,1228.8325,4915.33,319.99056130249653,4,0,69,1,Higher-Value Property Buyers
C1981,Individual,Sarah,Flores,1992-12-09,F,Canada,Quebec,Home,5,No,Agency,C1981,4,1440160.68,360040.17,1245.935,4983.74,292.4342978172096,3,1,33,1,Higher-Value Property Buyers
C1982,Individual,Jose,Long,1947-09-05,M,USA,California,Home,4,Yes,Website,C1982,3,1545398.56,515132.8533333333,1669.3466666666666,5008.04,309.67606560331507,2,1,78,1,Higher-Value Property Buyers
C1983,Individual,Ryan,Reed,1961-03-13,M,UK,Northern Ireland,Home,3,No,Website,C1983,4,1317304.52,329326.13,1070.475,4281.9,303.97094660567086,3,1,64,0,Lower-Value / Lower-Activity Buyers
C1984,Individual,Jesse,Watson,1956-10-18,M,USA,California,Home,4,No,Website,C1984,3,846287.21,282095.73666666663,994.52,2983.56,283.34620973678204,3,0,69,0,Lower-Value / Lower-Activity Buyers
C1985,Individual,Gregory,Bell,1963-05-11,M,UK,Scotland,Home,1,Yes,Agency,C1985,4,1149379.86,287344.965,1014.73,4058.92,285.3976580367843,2,2,62,0,Lower-Value / Lower-Activity Buyers
C1986,Individual,Thomas,Griffin,1977-04-23,M,USA,New York,Investment,1,No,Website,C1986,4,1442798.93,360699.7325,1153.5575,4614.23,313.1761603919817,4,0,48,1,Higher-Value Property Buyers
C1987,Individual,Douglas,Davis,1986-10-18,M,Belgium,Wallonia,Investment,5,No,Website,C1987,4,1316082.96,329020.74,1104.1725,4416.69,304.149336089631,3,1,39,0,Lower-Value / Lower-Activity Buyers
C1988,Individual,Henry,Thompson,1994-09-19,M,USA,California,Home,5,Yes,Website,C1988,4,1301018.95,325254.7375,972.245,3888.98,331.33023855167505,4,0,31,0,Lower-Value / Lower-Activity Buyers
C1989,Individual,William,Montgomery,1959-11-19,M,USA,Texas,Home,3,No,Agency,C1989,4,1380788.86,345197.215,1135.325,4541.3,305.11506404471834,3,1,66,1,Higher-Value Property Buyers
C1990,Individual,Scott,Howard,1976-11-28,M,USA,Texas,Investment,5,No,Agency,C1990,3,1253745.81,417915.27,1303.4733333333334,3910.42,316.3867890611018,3,0,49,1,Higher-Value Property Buyers
C1991,Individual,Susan,Reed,1950-07-09,F,USA,California,Home,3,No,Website,C1991,4,1134341.88,283585.47,900.39,3601.56,307.04473333664754,3,1,75,0,Lower-Value / Lower-Activity Buyers
C1992,Individual,Rachel,Hansen,1943-01-19,F,USA,Texas,Home,3,Yes,Website,C1992,3,1266058.76,422019.5866666666,1445.08,4335.24,300.26582567809544,1,2,82,1,Higher-Value Property Buyers
C1993,Individual,Douglas,Thompson,1985-06-09,M,USA,New York,Home,2,No,Website,C1993,3,1385369.38,461789.7933333333,1454.41,4363.23,320.9228416069944,2,1,40,1,Higher-Value Property Buyers
C1994,Individual,Nicole,Miller,1994-07-21,F,USA,Oregon,Investment,3,Yes,Website,C1994,3,1257875.21,419291.7366666666,1454.41,4363.23,290.66709087729345,3,0,31,1,Higher-Value Property Buyers
C1995,Individual,Michelle,Scott,1993-03-05,F,USA,California,Investment,4,No,Agency,C1995,4,1044043.64,261010.91,905.7525,3623.01,288.855844533881,3,1,32,0,Lower-Value / Lower-Activity Buyers
C1996,Individual,Samantha,Brooks,1992-06-20,F,USA,Nevada,Home,1,Yes,Website,C1996,4,1151831.48,287957.87,1027.325,4109.3,270.3771253746574,4,0,33,0,Lower-Value / Lower-Activity Buyers
C1997,Individual,Matthew,Cox,1942-09-27,M,USA,Arizona,Home,4,Yes,Website,C1997,4,1101825.4,275456.35,910.42,3641.68,299.63884952974826,2,2,83,0,Lower-Value / Lower-Activity Buyers
C1998,Individual,Mark,Patterson,1963-09-13,M,USA,Virginia,Home,5,Yes,Website,C1998,3,1023688.56,341229.52,1140.4,3421.2,307.2091253144208,3,0,62,0,Lower-Value / Lower-Activity Buyers
C1999,Individual,Lawrence,Montgomery,1944-06-15,M,USA,Ohio,Home,4,Yes,Client,C1999,3,838587.38,279529.12666666665,919.0466666666666,2757.14,304.6441682419148,3,0,81,0,Lower-Value / Lower-Activity Buyers
C2000,Individual,Amanda,James,1996-03-24,F,USA,Georgia,Home,1,Yes,Agency,C2000,3,913528.5,304509.5,1033.4833333333331,3100.45,297.2942091320212,3,0,29,0,Lower-Value / Lower-Activity Buyers
